flow_rate_L_min,concentration_mol_L,inlet_temperature_K,length_m,jacket_temperature_K,overall_yield
3.2972016477234,1.8582431087357718,351.0023606121528,19.534552945388384,345.98434608996547,94.194
65.16773027379142,4.12713870503381,489.8207416729253,25.749704727581367,468.598675143623,0.0
66.85464324392495,1.1185884146265361,488.5876425154671,16.565080733460952,415.7792152283826,0.002
59.98360184519366,4.122427929853345,398.20933514807257,10.059159730575967,548.6746427100547,82.791
36.75941795309704,1.4915820852098105,426.88214769643065,9.852391333408022,478.728933585752,7.968
34.80871636944634,0.36682924124182886,381.9472011319441,3.0648977470823313,415.8325782815098,28.723
31.06519574352607,1.7918523398869177,357.9358716080032,13.622997666067123,517.9748681568303,0.0
50.487539263117725,0.9312696104225497,422.59871706455993,4.2977573645039255,521.0398541509547,79.091
16.213345020986786,2.420961002750808,443.42585287048263,8.611913826378949,380.71232302057456,89.392
66.47015869144542,3.0536290960896846,445.028985359272,2.961490621289678,476.80735658106295,65.155
18.053091942305024,2.169105587962741,381.71259347820023,23.71173109464682,449.7548815361199,0.0
81.88763055028693,1.1577013170736337,499.318441834124,11.52558454259694,439.52722242188753,0.0
77.8559435280022,0.8450025620204626,358.1699145180864,24.29312496222858,455.5202005734084,81.878
65.91134375863761,2.437451438235006,446.19333440272027,11.322986067045969,385.3013677481412,85.596
36.50582259185398,2.923856073240587,357.30634766795566,12.228176875131002,452.1807375814426,75.248
43.94664363447511,3.394348837662145,490.9159140990046,8.426255280807906,485.57370757976673,0.0
28.273984008273146,1.6927564476278332,447.7939454650159,21.916040213613037,418.946612695697,9.395
14.037760348858127,4.0739792707471025,501.0607530289768,19.254029016010254,384.70147327485176,0.0
45.29869940241818,0.442903507164684,352.282186786233,1.4041982144172582,529.5043375115064,3.667
74.18440158656325,2.05021161577141,468.17006163424156,1.342255271412791,381.7940885935249,60.145
43.66320287568503,0.6607390777145624,476.678350309984,17.68718670371726,422.5951398016634,1.266
22.35242420681417,2.766774065380128,439.9851412974529,14.040862890028029,459.793424886405,0.0
39.56070008132389,3.3904845937938797,382.08499227170216,5.466364153886639,533.0719020086963,64.664
15.437059033367824,2.289597716323145,352.1293775179029,19.23014098836251,492.75588261458927,0.0
2.772017675182405,0.39581023357058015,490.5739550004581,17.467189926349842,462.76967958198793,0.0
80.49616035901413,4.00233536466016,406.2618653225018,1.81194310907056,366.75443537095634,15.197
51.596664858400274,3.939790166169848,497.1204681255854,6.298638508756666,343.638122375528,0.0
17.67495284971662,0.9888235464428503,389.5586923878129,24.495262552179888,546.1973107113987,0.0
8.83968232799929,3.184255446608715,384.6594109914629,18.154940712738163,366.23295248764305,92.732
57.04751416133847,0.9724086608689829,469.5742078180995,20.695023429568295,533.2804597438475,0.0
70.87561391800162,0.8248321860258264,384.3103361127982,10.992249747368243,399.36374190335897,44.202
33.85391173156596,1.644085456441934,445.17029847435697,12.427664195195684,484.6690556760436,0.0
20.352031415081456,0.47646625299045947,416.02799358811166,13.929438578303758,550.9098009561909,0.0
33.00060527124567,1.2892898104150374,446.3066249618404,10.334397131975425,521.3103246414194,0.0
5.328720782712823,1.020364928361087,351.0475360954129,1.2958753432810313,485.8053331385666,75.06
17.78951992573751,2.0935302386685426,345.47842650961036,22.399564840207308,350.74773162885674,50.2
22.502098257647184,3.037315125999531,431.68456117193296,14.880471020826606,355.69919012797004,85.472
45.48647673584083,0.8282306062162152,497.2340530129118,20.140946583684848,394.1616308428131,0.01
9.35279789391359,0.6216818966664293,456.04782164119695,2.4672237163294373,476.85098649129145,1.162
48.36639679830125,3.7778759315387647,407.8049297162182,11.541024230783457,423.7803024272768,74.681
45.40678911541687,0.5842866162573803,406.59667146180874,6.565326855064886,408.7440011209515,69.335
20.810846084060636,3.1475510530633,430.00858702725924,25.032402600347382,389.43691478709843,89.463
25.745616630489998,1.065955067506399,387.3188575470425,3.290432993806651,511.14091481687143,69.557
78.73811587182068,0.5882024728334321,368.8242118367182,14.560283703957644,414.5719149075409,41.493
16.031655638096144,1.4279278352904217,430.94564973713443,7.801919844195995,546.937885965307,0.0
82.9667844344859,3.7493568683539626,364.63538999751034,8.224595935084123,398.28744160789824,14.256
36.357774468594016,2.6536601077683613,485.5914673114877,9.153825130144895,495.4379816238295,0.0
77.0750321092104,3.1819607426355807,346.5385716175509,23.895357297163223,473.27615216528636,74.181
19.906980293737533,1.412222784170039,403.355104042547,21.387501823356033,407.21978220544,77.935
13.153112534578645,2.05418975833242,482.17902302626305,10.370043678440057,372.4727761165249,0.002
12.986439585068542,0.7185504253895001,459.22676903230064,23.20450468720038,506.6003290994049,0.0
34.605614572185026,1.7067297756914388,373.76995153504356,23.304613002098254,510.96351762369716,0.0
63.73477524571365,4.062671920120557,448.26259680967325,6.686555525907823,430.2206517843174,79.584
56.80113108316276,3.365500102542495,504.3160161674532,13.091333763409585,408.09860056711847,0.0
73.68556618717959,3.5756595528764406,380.4603767844999,5.289632385643939,414.799340190521,19.117
18.61096935962931,1.8110933552425865,498.1848508287167,16.464320624964213,401.97855100359243,0.0
76.27948850433174,2.727861757292884,422.2677017249379,3.489678906523043,484.35922568045265,47.821
29.395685804727833,2.201774383877025,366.31062757148226,24.03934638089456,435.69545031107305,19.185
59.97717724299677,1.8837554390566469,475.08320421278347,11.560737440300747,450.44959810837145,0.0
39.502730166573805,1.5110314941465655,446.9853326946834,26.13688609695394,345.9218544345751,89.436
36.84133508132421,1.4177921251261858,423.11793254353415,6.072179842561905,480.2820488511169,80.542
55.30498266420953,3.6980182829275403,376.2765574409958,1.6410259595093601,541.2062676666937,9.293
16.426107063301153,3.685139419030764,403.32277275360735,4.4550547756552525,534.4145340423447,0.0
21.872930355632505,4.112428013236513,417.7561573966152,13.365014782448352,448.4739498667145,0.0
58.65699840120836,2.50570201101508,353.0219455893966,24.94862138821039,473.39407692278445,81.814
20.785115892978702,3.205745533397412,437.60121637846294,9.098448193528956,507.67873074998596,0.0
12.710434728921726,0.7582726250861824,473.2653431287066,26.101938064157927,371.38394468367846,81.17
65.30867332834289,2.3528501776729063,460.9813226605464,15.96025879214692,466.20892257592374,0.0
65.80666263786014,2.887841790106645,350.3215857845286,8.79517800654096,433.74458313288164,17.513
12.483004457620977,1.1148080345406783,451.7522876304463,20.58971179136263,522.2634866208273,0.0
37.93179686662903,3.968060010099807,474.0693702883183,17.07903866101249,389.21994104927444,0.0
80.57820364194384,3.6611148178530155,370.1392097824401,23.559322764322513,519.0996983387147,70.46
72.54147650543253,2.3893008777936724,369.72920884118196,23.46635823576096,440.15327510397645,76.335
66.87173847814906,2.789031709954852,446.9487752403609,18.547731671044865,525.8710015441109,0.0
42.192452064485884,3.584081336020151,433.06970796374253,5.555948299228007,412.79664157168304,74.711
17.0406991152797,2.286696520744702,469.7008479996186,3.000389025088813,522.3769008725758,0.0
59.0100045924582,2.247228530250011,385.2685693669966,6.955963791542305,501.31151249679874,55.252
24.67358349098175,1.3081797800191268,365.10079817216325,8.878648058989238,522.1238186635017,0.128
5.203846787832093,1.0898945385538563,491.81874479288103,16.73613120995942,470.34476019864053,0.0
29.77155628841104,1.1223064782289982,501.2816726619304,23.877378618070782,401.5735258731535,0.0
26.196041205776865,0.4187840973986964,405.31258145487146,4.847750604181623,393.0740199497298,72.167
64.95405952423658,2.563236486504339,446.82481502952385,2.5443823463393884,420.4953028609746,61.867
61.91594877960652,1.9449294448868093,472.40525085826266,7.069199895104506,501.6839861532143,0.0
33.765297157932544,1.6341135536032514,367.39051813075463,11.606698769192496,434.30971000801856,78.548
73.79326076063043,1.4541494474972656,347.61256254110754,12.31312653447042,526.1597445034922,56.716
33.12183633604053,1.8732710615908563,381.90858753848283,8.605573889976101,494.82963321139323,83.553
25.782057168002346,2.71085303027492,362.5709545468252,9.149996005680471,481.40914080905213,85.353
82.3676409154928,1.658387817072593,487.322306982382,15.180660094273813,489.8718231718782,0.0
51.10199677411883,1.754803806661263,367.5184715652812,11.682440691178675,555.2023114602715,58.597
34.75186223711708,1.0579089754317383,403.98160459323765,15.934851291991082,522.759446898752,0.0
52.96504935771914,0.8400030665949274,349.413421956379,8.990050503377848,425.6649777508261,24.708
29.326627981335825,2.927325840629282,484.89614580701004,6.184669349686262,362.75312632446605,0.0
34.1785870350242,0.9365941538632908,422.5169350245591,25.88696214190536,450.7394983382958,1.198
72.73348258449116,2.8048757679648317,474.69576547667106,18.763997795025883,404.632734063673,0.0
31.614353501891813,2.8897508940656773,457.6641571834044,4.676128538693389,555.3317686292495,0.0
41.05923371655127,2.1648707785391843,407.2468156164081,3.5977000385979023,443.1990485883897,52.331
12.85195097818695,1.4322761800517632,480.2772933527048,9.733303837051244,461.30582888211006,0.0
57.865744680400425,2.7850088667003936,480.7505021918362,13.270433999511786,510.74704680930665,0.0
74.10399570598526,2.9779267928979913,357.68779850828423,14.269277260923694,362.88876970983273,16.289
37.39230180044731,2.7242564464101418,476.20505835749634,24.215314552327772,456.8494190913583,0.0
56.05995070064872,2.547754779791023,453.93991585813137,6.723731150631684,372.7781712909743,83.28
41.883072445725695,3.5082146680750337,470.52198773439227,25.58991520828489,414.7319771307551,0.0
9.175537259396323,3.722653072847179,464.3218734551857,16.284526224486196,445.3911220295055,0.0
10.09083523897219,0.5944132450676798,398.55457250798963,18.79868056597939,518.2485470652747,0.0
66.82993795231421,2.4312375465340526,344.6430851514137,10.09842376506861,551.7520155923814,51.087
60.65477133235986,2.041556447748304,358.5071133709341,25.91964725622721,520.5939324845021,0.0
37.47613779281016,2.5954344034314025,410.24619853416294,5.249474056671021,432.0325063972243,66.99
24.921940417511628,3.4400645420219527,481.91234691591535,21.21391802877102,410.37215572531704,0.0
17.47862110276538,3.2996729807958736,360.2478232853297,20.238149512790844,493.0363057348536,0.0
47.799753216829366,2.052511962691324,504.604598913291,19.94399292376882,360.4198440593008,0.0
22.5115371627967,3.7130203607871244,490.93269317773996,14.620794761816233,475.4257458271927,0.0
36.24507743159931,1.1067216730317089,394.60227159634826,13.44729665185793,355.94547625090644,59.466
43.45396915850636,2.7491609435976283,375.86287636889097,2.5016045880438567,502.52858257882076,19.009
57.984059300151706,0.46344704339145104,362.6795795891056,6.904882212273971,499.29530865331674,39.992
48.0263747852163,0.9409199594648251,382.7696110866301,15.645488891679875,544.2502460527614,0.007
81.76892217400186,2.288194350153099,469.80265912987363,5.588962105538268,392.05567154821415,74.284
80.02309829844182,1.4613563409801222,475.4769758892352,8.16279236842185,363.8844520017254,46.363
44.539692154167994,0.5829247274960697,367.0530708638436,7.727343825122407,549.8107995712838,81.561
76.86494290287258,1.619924189362147,451.4630773013563,14.058552627989997,498.8849716683259,0.002
10.369907186273613,3.9631506024004657,464.63152714299355,15.762743298202226,534.8989879864707,0.0
2.9660610038294113,3.700580927315457,432.4405576867727,6.573291579366063,534.7846047388246,0.0
8.909761770761627,2.0209939022916408,497.3640038705173,8.947414767086322,474.280488674284,0.0
25.482270399157102,1.2603144637287973,461.474149152908,5.7765349008049265,433.55111107657484,6.141
61.00340813506139,1.7408342375052928,406.00976276771337,7.519902491006794,464.27630986017823,69.926
46.64674330859427,1.046151682104039,503.4376995281396,22.447921473921927,447.829489783365,0.0
54.374180544790995,2.039154404752275,392.84340012225454,15.972740148190246,508.9492275884743,0.058
45.03394269264102,1.6270393405657786,499.55988222663973,16.52744899406641,411.9310051426171,0.0
83.08400056243599,1.6398305569721585,369.78081092422855,18.464084217912713,539.3003736542067,78.206
81.47907677229448,0.502184861538409,412.53060194777487,1.529738283951909,363.78563928220956,18.328
39.76304688597001,4.029412415594829,467.7959174520013,7.366110714111669,417.05282391681806,0.0
14.662816996192594,2.7845697868749704,423.8012235704975,12.546421259925006,554.0220388103997,0.0
35.23541420227921,3.1291236886053984,502.316316549297,9.325537025651261,443.88716683787237,0.0
8.575183025668078,2.8171998971896888,413.2139927161434,3.83738040030965,384.90986066569434,83.762
48.3099196262216,3.613330840588936,499.2030273744109,5.232580184022374,437.2152934403471,0.0
25.981249866515306,3.186596327794584,358.92745876502465,4.8153738901583205,354.8736787652264,14.9
16.81627678022484,1.5345117117590568,345.65638281663627,19.950958714152527,444.9619931928567,0.095
77.78087343763559,0.6292423020896059,378.84277221402095,6.006206407514226,403.0884597086015,21.117
10.126244085182204,0.46091006976457255,480.25695527658183,3.173991916119699,382.0772956719932,15.48
65.22171594128562,1.2688478205702687,464.52165145469166,16.557516971200386,406.1566426766924,22.963
53.21772598454038,3.276285419323609,484.41548418845053,17.50374865213255,440.9126966723031,0.0
41.270298033459845,2.9966547716915013,451.36117327032525,7.872225936721955,362.1783074440344,85.139
83.17295441176775,3.1639911085886827,386.85280424963196,5.061556776669359,375.61740483886564,17.981
82.42952315797422,3.2640900194850273,458.2362324462276,21.151973380609324,357.1634722947161,87.131
50.55273003804878,3.438574687586907,393.0702551362118,15.624699640245698,358.634305508975,46.969
46.72400212617547,3.4407536261220866,456.14199876031057,20.505708813067187,423.42699859774484,0.0
12.503332613623089,3.2197427645581325,431.31428653339816,12.330318091245589,535.8415422380158,0.0
15.62396524123239,1.4040666790062746,399.92431692830513,6.283675008514103,418.8190983924341,89.621
53.497835905011264,2.867537128591018,404.7474956717472,24.831730008125678,458.86850876151857,0.0
67.28913109477786,2.983592061411588,469.2296483155812,4.83204462844536,436.40170728343264,70.297
38.92495752313656,2.4873738184682077,470.7998213712343,6.856461271441874,554.7963936324229,0.0
48.857175638555525,1.3617687702446943,457.0862202281556,4.056577486008863,528.5737278958255,29.721
43.619472791313754,2.9329050284282197,468.585254404302,26.052374933196877,391.0707547335046,0.0
72.03212121176026,2.113048194594772,359.3493455546927,14.69267890297322,489.7120661495412,64.523
61.26894627519237,1.2614789363788819,354.37015936468856,9.560520411566548,367.4876404144012,13.38
41.156095987123855,3.5433220319462775,377.2448314265294,3.300764267754503,460.05610610463725,23.549
61.69059809340306,2.116439911386598,427.59959433416225,20.59568666133495,488.7622970865961,0.0
29.42567315959014,3.627836364403805,394.4071421542641,8.375977617603727,541.3717798023334,0.0
75.09366813343021,1.4160301879434773,411.40779752508024,23.535617787343543,515.0963392332989,0.0
78.46854588643875,3.1796432458051864,439.0813968424234,17.132104941115127,414.1686579092824,87.121
24.5326176685587,3.6074194469181933,399.76441405371486,18.150664645990283,549.7110702866589,0.0
82.18061648672112,3.706315719256888,460.08142243902915,22.1455003568642,404.5732285063437,73.859
83.10087759870537,2.7760670594290398,471.34106110452126,23.44322163689423,343.4831887125751,75.798
12.486412584872745,3.5679495840696402,468.52262343144923,21.17562352767898,542.0236147444801,0.0
14.507756464849427,3.871446208647797,488.4225168231555,16.38727359590123,548.0995949983075,0.0
41.91979223895025,1.1046742768151483,426.763308140641,17.96345928263089,454.3235485806256,10.823
34.349011492906065,0.4504171467549865,344.3546350685675,5.533518185580611,348.4018659974798,7.727
14.715179236877763,1.938784137497628,457.2205046667804,25.767633998001095,345.1936338957734,90.847
69.9414161035182,1.7112396424780232,488.2430008906498,14.593074628685764,484.22764486246774,0.0
39.928717048552585,0.5477211856742397,366.3800255178375,17.805580694777035,489.5474205534239,21.999
70.53402852245091,1.2419018104951909,379.0259131804885,13.945157718738644,398.2381804115227,45.61
15.491255313032475,3.631085452372611,442.88139105689896,21.040897637957208,542.7160423943106,0.0
65.51841209545074,3.0713487226325635,382.52377468580835,1.3789322709731722,402.5237845446582,6.549
31.60354765158091,2.0216499322062798,474.04408931804363,12.09349164970472,474.8256636079182,0.0
10.004870105035332,2.892324969557345,470.42373069200255,19.642661225344636,412.5834185752197,0.0
42.81212078867679,3.5846525633317885,389.6394153531831,4.248004233209413,362.5414581343628,25.378
60.4512008998229,3.509034524085106,501.41175723422396,9.82569887319029,371.05888888196745,0.0
45.35183520056294,3.221530747039704,424.3270149442967,10.23918454446427,414.08974803935166,82.757
44.274510991051926,2.068452127199788,365.7531946129368,23.4364306965236,359.2253124173982,42.318
40.309301847455465,2.498471767879419,359.0970572391807,5.761958887460185,468.0951548123253,33.321
45.60426227939425,3.0611360880378657,474.15462630623813,13.23312234190046,484.01272767234184,0.0
50.42682951118527,3.16889991483845,372.92745440169915,22.417697709058256,384.1185377633016,56.016
76.66467478126413,3.8567330894764815,450.3251985640613,11.495846306190822,477.8902148521169,55.578
14.277181922921496,0.46505142349512385,408.96964917948395,6.731211652953995,497.2050491315543,0.171
10.495125971450936,3.745597513004642,446.123304727223,22.043014721318535,519.3129252323021,0.0
64.6149934136498,3.0828189598909717,437.47461711051335,10.436558791068908,533.8462618226615,0.0
8.803243913715933,3.3957656768269615,447.6011971470584,17.180122251766743,405.8908708105182,0.044
28.920583435364946,3.49535478075155,473.90254955614495,12.751107787625271,354.57997238800164,71.825
80.5077902040641,2.140972627992264,410.9811276664042,8.200664091862738,453.2587345715166,63.038
20.729839219926895,0.7291604772088756,376.42332879920684,6.895017014334632,413.1966486732284,75.609
13.583467049196669,1.9229640761078142,449.3146147978805,22.328761653946437,533.1649941361363,0.0
29.152827330352885,1.8937715404605342,431.2554240260986,14.935252926522276,442.57607557436586,0.179
65.72101731533647,2.5211070152634156,371.2292924793217,23.579519758702833,490.34102837359046,56.275
15.268685414455113,0.9330188333812857,459.3779995019926,22.855354753253607,502.8860094744179,0.0
57.1489140282488,1.290142482993403,479.9079432768795,24.953768468887663,514.821136487692,0.0
34.222324357485874,1.8366808114252797,397.4998796415829,9.170599184676615,361.5342445592975,55.07
55.013680149718226,1.28825394572618,430.22592818830753,19.851942663024605,465.74621894974445,1.665
74.27182367032512,0.4923310956723463,433.8254766594616,3.920138996961076,368.070189162627,62.917
66.6678320476109,3.369338112784143,479.7749588991712,16.224223949452306,538.1780849095746,0.0
82.60292121771623,0.4930388864858214,358.4359304383249,12.521035425131489,510.54722126992124,56.751
63.72322108796956,2.5399770113597917,437.907358640309,22.389976102959174,492.6548756590852,0.0
82.87113257199582,0.6180518208895263,378.4907534127186,1.8930094326783478,533.9094111311656,7.81
3.6336042889789466,2.937907686009668,348.26928501031415,14.038992881064491,427.87629593160966,0.0
60.610639237468185,3.692109168775748,448.1062036330553,2.9375861486011665,423.0498909312651,63.803
67.83039723264997,0.8277026733922079,486.0725155784495,11.413955329691184,537.6897197181917,0.0
50.85794351515478,1.4531729605317625,399.53249615166663,10.290018677445138,373.25770729970554,56.745
70.05130782628281,3.3174271795201467,367.40957826000954,23.76766636531192,500.3656225376228,67.663
7.796735788207764,0.6820063149440814,354.3532723321919,9.074577074454485,426.8413590173477,49.289
31.89567710580107,1.5682318530868748,377.27127529692723,11.708944381106708,443.7463530650401,87.747
19.943890090168587,1.3240806248516686,482.5101672329629,10.442218889548416,342.58039829407926,12.145
37.11131167704755,3.12179513767407,442.45850085733946,14.913529616283528,391.2767757488706,89.635
15.907120092596436,1.665981186367825,361.97535840600017,26.032625171591373,445.0015168318481,0.002
4.519222861717313,2.2145719381248306,347.03701234692574,14.411851749621343,480.61970486329164,0.0
17.575921520657836,2.999909035906512,447.3879283519732,15.3720010152662,533.9390367112333,0.0
79.70458172991981,2.1633313541865893,376.73064619278443,14.303155727163949,532.5649452050964,80.689
60.548888755732875,2.199923162630325,489.51872022957434,8.024073207497148,506.6699506070338,0.0
7.319685813161556,2.7706413122371494,407.5661885283752,8.72970698126858,469.4546178213533,0.0
17.8743474534285,0.580446717922959,423.6800629386943,3.260323792560561,440.42534935741287,84.291
12.188513085741402,3.362828382426479,426.2288397750831,20.745746045265417,362.83147448019815,93.94
39.39403133974062,3.588160417768519,373.51726943068,8.52576784183909,538.7287259136554,83.513
50.45850654466036,2.7438291121660754,485.8129152749656,12.170727710776339,498.4614018283034,0.0
13.595903278741538,3.528724122646114,387.37051072780673,8.917646835033121,399.53721230681293,86.742
50.90496144509498,0.897862819462988,469.3760113334772,21.293892176382226,459.24629193420395,0.003
82.72579514664247,3.033162905452403,458.5855482637761,10.807269068432126,542.6630370001802,0.0
49.39246580091411,2.967672740115667,367.7465887679581,20.01226141712755,352.9490138514042,31.909
65.83156037258235,4.019626890205007,364.9999748392523,19.703662011346697,476.34604957565296,78.925
15.578929007546432,0.6636240815071519,353.6477639608989,6.987146451235171,345.24814362902873,24.273
60.92616656833338,1.3748189926866008,402.9950416912823,7.49264608207175,507.06265824924066,77.287
30.927716758679445,2.621055057544351,351.4409416132023,14.687189328433496,525.1294626358767,0.0
80.68964797516257,0.5659306850808453,464.4439656099138,17.509647400949262,413.15217238788404,32.705
42.65839808211489,0.6736793549717673,366.6154181190067,11.83043183961321,438.6997868635104,73.263
5.2773766991582605,3.0676642132037615,496.5228676627868,7.686741888117003,386.4678284245874,0.0
75.93726157750795,2.534219080589963,396.4938517704801,1.1721223227114475,388.15704214406753,8.434
20.171374794652486,2.3904640635233076,473.1401758830448,17.637679005886334,391.83209510193836,0.0
14.099280940044812,2.5105157515789522,406.66256444836154,8.04368834243029,430.7446155079673,71.284
60.11685204486147,1.6368419883450849,501.83004016439304,3.6235505638125867,535.1522711780547,0.0
52.68292553964657,1.0825646918451337,444.578951979415,3.0803791685702766,381.0728931888625,73.228
77.57994072287264,3.340327252954158,440.1407647233967,13.222972082942999,351.62704961141714,74.951
54.16879716548761,0.7682884665272169,488.21089726843803,13.24803068150535,499.6015483902926,0.0
14.59832911165589,2.3348602248961132,435.2199385970712,17.555887928726207,544.9399017087419,0.0
17.498251024038595,0.4554455856221976,460.59112321243725,20.56293541898757,553.1129614065948,0.0
41.63453566620208,1.1562531397552842,421.9312150935331,21.090389043136625,366.12761930368094,88.477
63.276371735714356,3.3285495828654144,350.47305710361275,21.285111044731067,484.3957050560531,84.435
38.66829345843219,2.0763703981168553,489.19922178056186,13.653380178321704,388.4366811917708,0.0
19.34724640423429,0.5936548949604904,349.11775763168555,24.777593906514532,522.6066187382241,0.0
64.74395021590533,1.3571311183483803,410.7798426622097,23.13580054390322,484.298990646054,0.628
58.34658403458994,1.5288606965586782,362.88706657040166,19.980261609466737,352.22472574743307,27.407
77.47329947658622,2.7972376004357926,363.45991688336824,22.216650026828916,406.341962916416,45.689
2.1441281658067135,0.40154610173616745,497.891245568594,3.7469201097767826,491.7876339414737,0.0
48.981170071030036,1.1462111814775304,360.5556499675764,5.0091095818924725,457.4453944331308,21.375
2.603656382059437,1.6041083581661124,363.0399600629334,11.40308571157651,514.6800249308974,0.0
31.65833596366405,2.2101675188438232,493.9048403884177,22.014299168227474,418.8647906467899,0.0
8.747757987993495,4.005693492079838,438.83899960057795,10.082892436933404,552.3924319625952,0.0
28.524909525639558,0.6931495601078173,436.6892545485701,2.775940598143097,417.33466616442485,81.519
47.33245236683942,2.3847852889659875,423.55251726323814,20.579147528079183,349.05790869933605,77.04
74.23890417852316,2.0950069758621637,445.42046358651885,4.617790502852408,385.3741753319473,71.353
32.67348817621203,1.907391645116736,416.25019305159606,18.121069469635497,535.5003159744408,0.0
20.698744618328334,3.4460481800574216,377.3690175778702,24.36317576314885,421.86970581270316,0.0
11.718436086050628,0.6119291424124638,404.3927557260563,16.861223926081735,351.4717598919909,86.896
10.894992251588885,2.9475749938380513,484.83458616602684,4.50027919836946,421.198982612288,0.0
52.497394417047595,0.6587618315841013,505.1893016388433,7.270369392437395,552.6676090017796,0.0
67.25997384624512,4.095869068359627,427.13382383786865,10.111842691836678,375.9338261547631,63.988
21.311687627285757,2.142229422447567,391.95707240886753,19.69798557184232,349.9383075729568,65.857
47.913049866936475,3.1102022404040137,396.67419776439766,3.144960930476717,479.2997489328617,35.097
9.152832368898267,0.7555100650224984,390.67547276716243,19.312532964956127,533.746686041183,0.0
4.353161550509494,0.49889450989723116,382.1076069401355,15.559709525027747,518.0119388668116,0.0
10.265502004209475,1.8589521529859567,489.3933204037728,19.416218350440552,352.7025993093272,100.0
45.504639577425245,3.2070299121734447,436.631468118087,18.434745309064226,425.7886038099134,71.413
78.25056317234399,3.171881395453209,383.29048624193405,1.7552420982714199,469.2411178988579,7.922
51.67710716731847,1.2467715208428003,360.624219933852,16.24555006030703,374.3908073583813,34.616
2.380829975930797,2.033561559353721,403.0362542246281,5.980770278571053,527.8606537726932,0.0
62.635923314310695,0.7875968270953639,378.7544082749636,17.951539337478913,526.2573936164662,24.188
32.55443428114451,3.1341840271998196,402.9422961721799,2.335180368338494,528.422206787873,49.35
82.48945914970221,2.857039941111977,469.3510744300635,12.934365727913868,408.7202299553481,0.001
44.619496627785495,2.247439673739767,358.2531418931159,17.678192021399376,355.0781077786438,27.558
14.44575067694794,0.4916700157249588,404.58917805301405,7.79612786725618,540.6825809236653,0.0
57.12605161224029,1.1229336171261628,384.5926057843652,18.06433484497285,485.9028104590565,65.948
40.01712269699013,0.8917302472544796,492.88386710768845,15.909287384385367,538.0990606663536,0.0
70.91173752149841,3.405287699925755,361.7175867563754,20.742828378811684,381.15195987250445,32.108
44.51203857314913,2.912796644089535,407.3278487991738,14.278084584692655,489.45016079470935,0.0
4.5923316175534845,2.976322987698109,416.47043311551033,18.07409989391116,421.02901006082186,0.0
63.75596612593815,3.0632499059325644,358.0859727937973,20.24481877641968,449.60353540597146,70.36
8.379583718938985,4.107558959254923,489.76604817382326,19.747561721118178,386.0878922392599,0.0
22.24006352891181,3.656721706233139,386.2081100178582,7.114894812932774,446.45838783277316,81.783
66.1926538495984,1.7976041678518078,423.31214666909335,12.852833432666309,554.1563046277029,0.0
30.49351237820811,2.283316550237609,448.2026610803221,1.9093450879687257,376.6886540980656,72.137
39.31492351242345,1.6173751227055555,355.72946943120036,4.7450560785553675,545.1367666782508,43.428
9.711632303567503,0.5551716757455228,395.00783820432804,25.047736481901666,394.33138220695776,75.389
41.47806172838512,3.560512996507649,377.7920178652587,17.833504816917102,546.4080046063217,0.0
49.32992506777537,3.4366672802916067,426.4354547936441,1.3874398848116223,449.689878191256,34.682
74.65653552860933,3.593676548636389,404.43180774929095,23.6004083984488,437.67994386032694,86.172
19.05811928188802,4.137655901781556,466.384740679551,4.720653596302107,499.8036284238543,0.0
71.1083386154558,2.6003834800790586,455.79937597997673,23.960658487774094,489.2152770542476,0.0
25.09425691913559,0.43974922180935766,491.6763210247393,16.072578492181655,556.7684806123514,0.0
13.672019337704963,0.3630099826478281,424.53046988368845,2.986945695524674,540.9922835453715,4.289
54.59484515335671,3.469409618816489,407.877112301378,18.346512118074187,438.5115198593697,88.406
56.072537669043186,2.2658244306244084,494.2888923706703,4.334425900630721,394.7305231576397,0.0
6.7013323976664,3.7395217207478186,453.02409669492846,14.809309910811052,365.1207850088155,100.0
79.28160535809839,2.1789528728098513,485.5430634651994,23.36436969073298,364.2959086720486,0.0
64.41861310937121,0.6684220600814852,500.6788281317964,11.645004811198705,428.0901153993824,0.001
67.02215366556973,3.217928877813882,467.7673527147026,9.440488969064281,453.0676959764605,0.0
14.112513435458077,1.8882400855045427,408.8555042244431,10.446068773024066,347.9954321819594,73.909
25.88937801331749,1.6747910589776747,426.0250739472763,22.441610109060324,494.74113808790173,0.0
38.36439422281628,1.6250477250006203,427.48528162486843,4.13369620921473,449.54780298734113,79.433
12.082914503222641,1.845091039712278,428.2071630324557,6.625994421902217,504.79065964965196,0.0
61.5182762983007,1.7839298080377062,416.0167628677243,21.035078470070015,356.64348414148327,74.355
13.973888506000684,3.094592481117328,455.38041035285545,5.039882277976245,539.1887936377593,0.0
61.02909771788913,2.434087602634532,351.83294569899965,9.295809238426282,503.6228811749129,41.593
46.05456321962988,0.5970456982972083,394.83690877287887,25.17733789722362,488.83086079383236,0.197
6.756784352914686,2.3651047315810523,346.81582664464,14.2231100072876,414.87625599396256,7.138
54.12913413767771,2.2444238636813583,368.3595803185487,2.6414029028152903,385.5095487171215,8.008
2.063069901925892,2.4791050656716678,381.2120125434857,3.889329270976181,525.455061668563,0.0
15.81078383444751,3.4138068725406425,375.3667666388688,23.82274711363598,530.9492519118601,0.0
27.055801705299025,3.8879416590119105,355.1091516803737,5.735741561975001,469.1299259287763,48.504
82.32292338783164,1.9543645958863216,442.0459069778018,3.581751235838839,445.7854441554509,64.585
74.39286219883046,2.3190542390196303,353.1908258680351,25.066320299792864,428.119408605787,61.533
44.826747418658044,1.9093648907790306,361.6705827180804,23.334557856067843,487.8160041927342,0.0
46.53437328028018,3.5355385900884566,363.59589831896585,9.02083735148147,431.7137650127138,37.321
83.22805599711495,3.4998885824328623,348.5032773106064,13.142759068693344,438.195132247391,21.619
71.9747508909561,2.5554749805165047,351.5548857103053,3.864243025478493,349.33084853568636,3.607
43.80633202661283,2.212508668161511,450.8445565189696,15.216355914803469,346.4221611508917,87.971
17.151079630429134,1.7358173020521597,401.10646264179667,14.089950870442605,422.2704119758547,61.789
52.77308237837626,2.84382406983458,460.19051917598324,19.447331799050453,400.06644507174855,39.128
67.39112351255204,1.2664788254346058,482.93420511741726,3.894426159953447,438.05158319397896,10.151
19.63588116016971,1.3706352680837317,383.7746742696479,2.341766885644211,344.0448225370628,24.379
66.83567193017217,2.7349488562136477,432.59918357406855,4.206139368976034,362.3553178242342,55.485
10.720179091102436,1.1568760012951804,483.2709758926376,3.858144288523345,422.23488893414986,0.003
71.37572578545887,2.0255441171431223,435.7943333784399,1.5572969583526486,531.815185441968,42.055
35.15487930809719,2.967115145992066,360.9617858841196,21.36080676676508,398.6156314488337,74.76
62.749474211664655,1.8913802210900612,464.7554914531147,25.29041148115514,383.8699839235184,44.47
38.76138664838782,2.2816516771479987,424.0315498382113,1.6644692938273913,344.3359984349841,39.463
78.09410674689299,1.4270060680048098,483.01447411283095,17.4001061044308,478.17643806587114,0.0
73.12018989023649,2.2580735393111806,441.8141360283919,12.254267615312784,387.60863948741456,84.872
44.12416210910693,0.7039561910083303,349.31880554460867,8.773039871783133,549.2465588948894,81.32
37.739845788213074,3.4160219209923324,481.9467420572149,6.140554467385868,471.7590877280735,0.0
83.20141319189192,1.526696757533311,444.78560096938315,16.51106083490739,556.8170228609823,0.0
83.27699680215524,3.1123308365990017,420.4638882902356,22.72781707661446,400.1135794795848,81.687
34.26297508664151,3.740852764011389,492.05025582866585,5.262844412549894,354.72398707353983,0.0
41.30287894077424,1.7087686820771681,479.7250160976208,11.128776653137257,459.42719910684167,0.0
63.85943509026663,2.6578300836965134,384.3461073742539,12.867166726077254,443.3396483255252,62.646
79.99086392611385,1.7396490944475107,449.1188270636877,7.013957915493968,458.9677427773282,79.501
40.41662946941695,1.3334289966160955,483.47022644624747,2.5319149948105415,441.5228741721302,3.195
4.263268245330823,1.3813292001384219,362.2060976686043,21.257912122821715,360.62863567038477,96.843
15.745924997916743,2.0775515324205505,434.8353817262161,14.469139685909742,473.15528265796445,0.0
17.328212254685994,3.19172867411677,420.1782661042613,25.07552291805731,432.11080392541305,0.0
19.25755412035916,3.691062099839385,432.4666985908985,7.446355268574579,462.8753175100434,0.0
52.18212956148568,2.0137693413955473,423.51651782539744,13.348517645898434,374.06426234919826,80.083
54.562353083343,2.92813861847752,397.7142452372255,14.991302852846857,536.6745318570413,0.0
60.39994664829032,1.7454912502246818,404.13045963254984,15.997874065963138,499.563913344969,26.546
16.715992640446913,3.177227136445698,471.23936177119384,17.79320805245293,551.0886699806425,0.0
78.27960289428773,3.0971626919945257,498.2827135140485,14.477184247157089,473.85042119419654,0.0
32.30344889383331,3.3563289650463233,351.2942740495511,16.964069923577505,556.0666518046077,0.0
64.44338412639935,2.7581910397206624,385.2424489818494,19.035522291543757,452.56229229072125,83.484
52.41506090655589,1.7813793732429035,461.61128738227274,23.042069015026446,443.4878234503382,0.0
6.206158547736132,3.8411692757095266,456.07857621084565,25.2597606965593,493.8837221594782,0.0
52.370162735184195,2.1863857826582684,349.57252375429925,7.351992042715246,400.4196899670547,13.641
56.38275377531573,2.777599977017565,450.3037547602727,25.437631237582256,393.8691320221816,81.896
7.447719319567504,4.07555359794292,403.8732752925468,23.941503518546856,518.783160423493,0.0
79.73502494294019,1.8475346227833587,434.98752430623125,20.42941869632637,494.324979105775,0.0
8.99106072617536,3.363999518088982,491.0631631844117,22.83294377901663,436.11766457913745,0.0
68.06073169739398,2.063271744858287,492.5203350470666,21.640180607350622,403.5614353435784,0.0
47.62293054393518,0.5050862716945589,483.6571859946026,14.609613611619974,436.06449904849126,0.238
6.656642161731592,1.961949219549529,455.7350088529364,10.567216518258988,462.728573503921,0.0
27.58153517721722,1.2062636906375348,346.7958504180914,4.287706247963264,533.6165797762811,53.661
10.015341608191495,1.4896131600590552,391.8860652623853,19.31635032987145,401.3228783084424,71.073
47.98704722606634,1.8127432857492924,368.3200379695495,22.15564400706217,545.8380709091214,0.0
30.058989852593527,3.4074204067658385,484.54127137448745,16.30291801519238,450.30538637517066,0.0
19.705306343187644,2.4787433097912976,463.39710268649173,8.444560083434443,405.00761507510487,0.025
47.989775403725474,0.7862024312101076,415.1293033712745,23.040448798126654,546.2683706233498,0.0
60.926700518797325,4.024528617023828,489.6386718191615,1.0584943645296034,478.44434642808574,67.37
9.52720454416458,0.8183276149168826,378.31334903610707,25.67032080062246,497.8411724583299,0.0
52.51129637606554,2.352706496016362,487.5807992777527,12.836958377707726,437.40650087544134,0.0
28.19786568855345,4.121417974760186,418.5838169448381,18.9008953876077,435.487152527384,0.0
23.019153902447165,0.6564080835950677,389.0901797002776,25.74666723694626,524.3101312599312,0.0
7.573187391414601,2.6434240964949662,488.8320496102209,9.259559369981233,536.4147936698268,0.0
46.606377202520704,2.262031815063243,484.78386914459077,20.460375667874477,363.1091153423257,0.0
10.36208284443554,3.5028672700500487,491.7131127620445,6.552210835087494,369.5513598079537,0.0
61.22809697959836,1.1335482327424566,414.9992236749987,23.848539428503432,544.2709748571051,0.0
21.546678261340574,0.38858256450507594,505.8366138770381,10.953337751063607,553.6171134943418,0.0
38.561754508511164,1.942735339894917,402.8482286558165,3.326887663244901,525.8029003381986,61.918
4.282689413422727,2.193126807501486,413.8310704785125,2.731067259171145,392.81822800845396,92.008
15.938345397211656,1.1528154881028794,441.10296660022556,10.38914334192879,447.0386509036577,0.435
62.5975815741146,3.247216124304615,449.48338712981536,5.876640462166272,460.82615138753215,81.73
79.05254293913171,3.4739565605693548,356.07947831851953,22.160430002136973,455.67152601374073,62.472
40.66600616679241,1.056147929559376,487.26477060304643,10.330771824695498,537.7544421595694,0.0
2.2810927465064625,3.060393906381316,429.0322374627466,16.98199114638257,358.4736985206983,100.0
56.293409099605626,3.789073329282616,388.1759521528021,22.789147533029883,477.2076726931294,0.0
58.75044634218653,0.6022282967188634,357.2715372672838,12.15027009718774,464.7787056851555,59.569
39.66914756497214,3.1554015420349995,456.8392565111996,11.389736403175235,513.307367545115,0.0
78.38708792080315,0.6954672648509151,453.3415989532847,8.47484598025608,545.6696221456322,11.688
37.77369476313777,1.3806518233741611,487.6593381627874,25.496587819276982,523.6767290295477,0.0
70.97555490859592,3.928471147364029,377.8323406508455,7.246361482183363,522.2553443351744,40.535
82.26597973042195,3.1000516955408246,444.6019137098464,8.599474855195952,456.2511071104591,82.21
28.012131952928783,2.2680866954898824,375.95107807925893,21.20880456218012,466.45876237624157,0.0
72.8701263223729,1.5229859036021862,394.031948623425,8.829924133784113,412.20914007169984,46.706
60.06656423830558,0.7740348190650477,465.05501618113806,19.49753583498043,456.18916100347815,0.292
14.464068884962694,4.085927117015158,446.44028329381376,14.877532320021707,367.25497328372535,92.81
1.716023911803956,2.9913840541969643,503.1100833264462,6.833534473009322,345.14597573082625,100.0
67.32053801434714,4.081216741552943,419.82544562374704,16.975059113505928,437.6346894647103,85.021
80.32639110105323,4.0830507141510655,362.8180003234547,15.773297470104072,346.60341627105527,15.589
32.04425471939253,3.2812514079019155,496.75689573050283,11.407921396812547,470.1083339436359,0.0
47.25147254061747,1.3041788096245372,411.65461573399807,21.62551449363158,463.11725654481495,3.038
67.8093156691215,1.6138833522798408,464.1306820461956,15.70804326840406,490.9935317483183,0.0
36.76413769192179,4.09717752466757,376.93930919301226,9.956183170312482,395.02911745256455,44.413
26.346466518407233,2.468358243973789,465.097008937201,1.1023049871013304,500.66568778835733,74.9
17.130490660771443,2.349824478230841,473.7929194081193,25.13911658390492,452.4131179752319,0.0
47.52151096307295,2.748832019639453,396.2150891131991,9.08277696448641,345.0157511031141,39.369
13.43298498352098,2.094349986233026,346.5566780497851,23.776166370180952,463.547058511758,0.0
3.0852486740926706,1.7523652848263636,398.9515589287021,2.8752104540995127,481.0528673011022,0.0
4.480230692770341,3.1336277546889115,355.8120674064362,23.80903898628813,551.0142405065162,0.0
77.79678368531911,3.2730237077606197,466.6977775681846,21.218872429419577,387.7507462306567,56.399
35.816881665639634,1.6613413189163642,409.0844451289182,4.543325217025223,417.7112035072168,64.023
29.51092880853215,0.6617093367210531,354.2875132932464,11.035573309731912,346.4560398757404,22.059
67.82661506046266,3.8838827493446764,417.03904588203534,21.678248552760873,384.3968100514364,74.481
71.90516525756766,1.253368331462166,446.8938128283226,3.363446630570813,444.36532036075164,72.742
55.75196581677453,2.9276812235371064,492.61698754730014,25.808941977155698,426.3235241279224,0.0
27.472359656638304,0.8127491840434091,478.4538788184362,14.117666434896199,369.09808326550205,18.336
67.14866011060472,3.347978939223814,398.84350784942677,3.196365490952518,416.7362191344779,23.855
35.82138185430599,3.650937610336098,407.69094731602,14.650140456440424,549.743718210854,0.0
68.37180186379456,2.8999051406437513,360.1745295917763,15.127464102244438,533.0599915892868,81.647
9.42468000810985,1.6977905853475508,493.46449593064085,6.53997003590059,441.5557853603892,0.0
4.797762063310069,1.3722492406263527,399.9791256998291,9.044420506093806,371.9209364299391,95.268
49.92500565228969,2.85122361223692,429.2752084884506,17.269817978070034,403.49862895110397,89.414
40.27960311727107,1.8636277366056624,482.75335873283416,2.122640938297223,359.97130503305186,47.98
14.198263095519719,1.6228208118768666,461.37941694197707,19.26386358957878,347.41119829257616,83.399
64.16105443392203,1.7698909027896188,363.7859182617234,20.021971387299374,415.38899944651166,58.996
13.22681528866851,0.3864663068751176,482.95218245123067,18.59196045063013,555.1486936074409,0.0
31.12160313522991,0.9400942969154092,364.29385388891046,11.271957371415448,438.4247651322856,84.064
53.152502412571785,3.1530027674108987,454.9050296881117,18.191274138982084,382.8652101298858,86.355
16.25345353627788,1.804350671079403,422.7374463202413,10.695503681258892,553.9555597847535,0.0
59.1792951730594,3.6757866052005035,417.44284172829316,5.851219482235563,431.0029220699698,57.414
49.27151451795476,3.6005999421728947,477.63219537388864,11.220792234821882,516.560022995129,0.0
26.1887798486662,2.4158492934096834,365.0466383418893,8.824578493497068,400.9106021044786,52.398
60.42771753511194,3.4983102970131896,346.2672657302062,13.02218087841472,361.2569279886561,12.161
52.72404106700235,1.3955983510346956,453.3096592153214,15.319985422358767,502.43617543719256,0.0
9.638002765265666,3.066433345585609,353.4801871198913,2.711301180914128,419.8217326690293,43.705
55.87769498058713,1.833935776857492,452.6759442627204,14.940786352961863,436.59376774506256,2.929
71.05440289671459,2.723904403106732,391.8332261166811,13.60669059535026,371.5300629381056,42.824
29.554819633569018,1.8236170345606442,462.88415737812096,6.732620335176678,496.4709718187876,0.0
62.21695608349703,3.246548971564235,436.1524995200918,8.413636455731773,556.1634349478038,0.0
70.94070519151052,2.894755253231643,374.4620173030129,21.815478824018268,423.4080543740351,65.762
54.41834744497936,1.746289222035879,471.46138268031825,21.698934593989677,550.2541207558306,0.0
39.10602578213846,2.6425020093135054,485.1542636263141,6.024911058725489,416.9699380510143,0.0
81.12438977142482,0.5580886122601757,370.7558300789182,9.229018977674581,410.20367049820953,25.043
72.56034541188178,3.7623275405662233,487.36837907899695,12.388368376869128,402.644218167848,0.0
81.30965538616428,1.7148024097282395,368.70434909095485,7.803103956394854,542.3581561245026,39.351
27.223105564167028,3.551015301758794,468.68666307590547,17.248083740725818,479.58451559714524,0.0
17.51695991151948,1.5639154936790747,471.3708386114449,7.301821889290231,365.2116540016621,38.787
22.877110875160263,3.15590358115052,497.9525874839634,18.40142218004224,520.9480494858616,0.0
9.89707386871475,0.8143310187333218,356.32081346917084,10.763432979498043,509.10350350820215,0.0
10.515421434329754,2.629252779348295,443.55279874221384,14.90104064264922,359.6842330570791,93.011
47.148542777178996,1.0258728421505006,449.84893342216077,11.477334078460796,397.4635275108953,74.12
53.31549380995786,1.369804536360577,388.3079276422696,25.42607739980475,418.66277479075967,90.06
37.492626804488054,0.41276391434154824,489.26055484711696,21.016551877885885,495.76638963374756,0.0
61.69505531358126,3.667177403346252,392.4044646896509,24.141378996527948,429.2283399663064,85.238
66.53255101268961,3.6086288414509036,448.8265515030813,13.534460208703335,374.85946050595936,84.637
48.7882615659286,2.3311891484352696,361.4238617705164,17.065339379163518,495.46877663451403,70.607
68.6338064137899,2.3225607711091443,453.98575729480234,18.51929412189066,540.2620053470866,0.0
3.547144424469785,1.193700013827495,357.85305715639157,7.146497204153739,521.5832198519347,0.0
75.75623711935393,1.6390965120254504,486.5498375658742,12.839744293005573,422.100971759731,0.0
7.412964835743654,1.8819919177369786,439.81609081185087,7.01923253538458,456.55741806684523,0.0
66.70092266512263,2.219009185813225,496.17938965572273,1.4299847117645816,355.21121013904036,51.005
55.514826226357634,2.032875981088567,425.2159256792934,15.649679065595661,456.73686653435334,62.279
71.36782257764553,0.6974587661570212,355.41611243198764,10.293298383136056,356.88644207088925,11.767
80.81909497979221,3.674329473682905,473.9464918147311,5.708402853697778,479.6820401322759,0.0
51.317054952230066,0.7953608363119672,461.19720143166256,15.520783096800823,408.58252142602873,33.969
14.003432872464245,2.656536600342081,490.28666894846214,10.98224637374622,542.1256839316231,0.0
50.624439566906524,4.07295794207616,436.285233400333,10.631515998081445,544.3181049895826,0.0
43.52911120250973,0.6062189914581748,409.1787508804619,8.047469396570142,526.3518742948687,56.024
49.21464118998636,4.094735475865312,490.04516366135744,12.041555848514008,524.572062553005,0.0
81.38652010120224,3.3052186737805105,378.57825185577474,3.3726907968668955,550.456464655836,15.695
51.774267163241554,1.0813419053014184,369.28040472909754,2.521358238183165,471.48181170471196,11.601
31.34338235806552,2.2423350738108163,364.43965286431774,6.054373701204801,455.2410558870812,50.154
3.8854747009014274,3.1482492780569133,380.0214869070715,13.241712254462648,369.51280813166295,95.869
80.00982421355788,1.6114348578172328,466.62896810442993,9.172870874267947,459.174353374445,2.034
73.07222614112587,2.2945831158490746,473.9639948827173,19.087791908126327,477.03229193485555,0.0
9.07891672520079,3.0069389271652205,462.4644609178186,24.976899781992962,387.5509018403034,100.0
31.85000424795868,1.6182462895750875,419.48462276661434,7.539525127489233,397.12263720423687,83.616
17.93174508319784,1.9899662744260196,472.82405493594536,13.079375456028504,466.34391587939785,0.0
43.82119196546486,2.0656908611393634,461.55139571895927,9.044794433463274,446.4354975541167,0.001
82.03790195435703,2.7256425316239348,472.9580460635002,15.541208374469473,483.7128269107721,0.0
5.3826511210850825,2.5825973335654124,488.81747610586285,21.732810805598508,389.4067576196546,0.0
81.73209021191386,1.3930649109503008,445.6758590312255,20.02771381190919,504.30569958204,0.0
7.37449966807035,1.3303857141236577,365.82709236539955,13.108618704670524,415.3075750523273,40.831
59.247460809800906,3.808719656813846,370.71235095590197,6.979138721090087,405.21056401425574,21.237
17.007678134439644,2.4986562673865307,361.57092806984866,23.648248035757486,485.2773856314654,0.0
20.03580955647753,0.8856830832305457,418.1443027236443,20.610126482092216,359.4867301239709,91.345
77.41804021360294,2.4261872280774486,365.8648934934498,24.957648026714818,357.24567921823024,29.008
21.230592382797568,0.5574299290314215,462.4341436052516,4.915065621166759,391.64308503494533,51.909
43.28940674303948,2.7673137354969675,499.6298885602811,25.509324808006564,454.78179375927607,0.0
7.193232475348184,3.180884247202223,485.2823388535567,13.866528739797342,357.80047056617616,100.0
77.95365413505304,1.3165306439660132,389.5961695795368,3.674254076226503,348.7191725209455,16.159
47.00176474501582,2.0845521030895258,482.1366274803538,20.876029368318513,347.0361327893179,0.141
42.60213416101672,3.167700400131223,440.3025528027689,10.755036499229684,509.311672843849,0.0
78.93381722697626,3.9829790276070547,443.35774184783656,1.0062158908143777,390.7641634812925,28.496
12.36310625834525,0.9067798582405459,451.12090022297986,17.432356579685855,480.1318418468238,0.0
75.62699315550611,1.634872542617607,379.9799563113526,2.8791100349537078,456.52361072923316,12.326
62.043851278667795,2.060741243683914,468.461607796194,7.000712048865873,480.53853208296084,0.0
8.26696471434305,3.1260263319067714,361.53980764917316,5.822633377871901,469.98300521983526,0.0
69.47467344409311,3.233523222798852,345.02771397145335,9.05950538654903,518.9397373358894,29.598
69.6796420421395,1.5547291601183413,404.48594337811164,7.402187209656406,539.5859132352927,76.594
51.251815123003304,2.246277408351945,426.2995725939064,22.798293804956835,472.5515806592209,0.0
59.784982009425704,3.834300726722117,351.1342133008326,12.153916536262933,465.0340030945472,41.842
23.229296212510512,1.943995601913628,488.31205664848517,6.802495118240201,385.33563411381084,0.0
15.56725476110577,3.7441356867162585,479.58669394071774,3.819518359336448,346.67831123959706,0.292
48.23561314970251,0.8033275570274487,389.13472308735805,5.032198055784637,499.1822092681707,58.259
62.10333388313799,3.8456652961477986,468.13174659815684,7.856843887200945,450.9139810173966,0.0
45.926309816745885,3.909213162408892,494.3760410306753,22.03145765489165,467.8026299944922,0.0
60.96836064248906,2.0125801325721064,440.796762144575,4.726025820806931,392.88085335179755,73.516
48.04544290823466,3.198635674869829,350.88859871264395,14.743754721534744,391.1597240352304,31.521
79.84161553790472,2.305697178299235,434.5829875669328,15.309841894715195,382.54018883397606,82.887
76.74446899787212,4.136806953715044,372.5911864855067,23.410099448943523,504.10567022615567,84.317
42.762345906706706,2.082593005514081,479.393873756935,8.435886341090056,419.2913484450577,0.0
76.48463900078282,3.4447348377517772,461.854885089609,1.6574429211388628,493.1853508475712,58.232
1.7900378837876587,0.7460063110516726,459.08601034354535,17.584575715412324,452.9098422672034,0.0
65.8536242330076,0.7107252058740913,491.533045361972,20.808109005011264,468.4736146534649,0.0
66.74450125319989,1.7377578142334635,429.4648555198863,17.81929130891032,438.0124555354759,78.907
18.343928479142427,3.1496036756109773,468.33135394125026,1.9942471060224587,539.091096032877,0.0
40.57207085220216,0.6042957786530785,374.0628753848354,21.270921746620253,431.14537022035626,86.771
56.51728134328068,2.7792548859023074,451.7975218466824,18.268858821755536,492.26807300569624,0.0
58.053286570676484,1.212827349480193,437.6294762424317,18.95490317933267,540.3371792496966,0.0
15.723465662074188,1.058430554238067,410.7010321284492,8.109021879876801,406.6784854941749,89.484
2.6343183527160816,3.75359917689189,449.9735191820925,16.867361163374067,409.6194684338476,0.0
26.319787399609964,2.5970388178736403,422.8579029532384,21.353366447663934,373.9727737810439,91.634
22.03880314711064,0.8060858888773643,373.4710895889421,19.10583587914481,378.69210379763587,85.141
9.955492212444069,2.8832883335629034,358.3853258820324,24.975879630857666,516.5156326427334,0.0
45.629411491793135,2.58849332378704,425.56868199158816,14.516646338948759,512.8854497548326,0.0
9.09413042913359,0.9239578927569347,426.39453144721415,20.281791023627196,378.37436344645346,87.803
26.442835779179852,0.8541054808343748,362.9754277273696,2.2752368137028776,402.7253050707736,13.123
19.15464064360056,1.0342128286237258,456.4827149412597,6.190118813705171,545.9479939609421,0.0
32.95999176128802,3.2618546225388356,363.0268137831817,21.297256125028763,399.30940606638956,77.969
70.372564206565,1.4126959036065845,363.67388408013863,16.524276221281276,388.35842848317145,33.612
32.813894558320435,2.3644623692805458,390.0463159476073,11.065754336033631,398.24955463508905,70.011
34.00349692616149,2.1329689835166272,479.8184083445267,14.486124099319083,477.46821414670467,0.0
65.32811186488783,1.4889564295653903,466.65003172947354,18.836868334477643,533.687070903577,0.0
37.71966853124681,3.1348874822463637,345.4915607884133,18.67976116385462,383.1122043492952,42.92
33.753226441284625,2.1337853576383248,397.45781579773563,15.135201617133339,453.3552030565904,53.879
13.396744775787687,4.094571920857774,402.5443202495075,20.064349645650694,368.11893753951324,90.147
66.68118614426669,2.1123562380649834,457.132415804533,15.819687085662677,511.5625958100419,0.0
51.46252215685334,2.2847574124216887,344.73108874951265,20.950351654468577,520.4029694544289,0.0
34.547203737448136,3.1427601205886275,400.34202535779417,11.158127446474941,517.5616638078145,0.0
66.23985313010161,2.25527134998435,347.01067525606686,9.66003747433601,553.4562572444381,51.191
28.776558926470592,2.409621395611942,477.55007198946805,21.719060681591063,346.35234223076475,42.443
26.27223428210005,2.11919366773914,361.32795459368054,16.440400636580826,533.4457166235893,0.0
63.980812121151324,0.7008169125017842,452.13174891634134,24.127683726118736,406.31365467933267,53.832
79.48491649818953,1.3879428525586954,504.9044578968922,5.21800231627207,454.63915889342604,0.0
51.96490254866718,3.597374594062074,454.91675618849746,8.57696503037213,472.6211326384974,0.0
74.02732576971147,1.2122277581346026,448.04420496203346,4.611473174903914,487.4457592380766,78.107
44.9121552035737,2.6155297760390557,438.958934254415,4.264822462437737,358.91927695194374,69.625
71.87519429735482,2.0323619061381515,368.59956485850813,26.076197618377485,508.6719379905496,0.0
18.160492507945804,0.9935655611336848,447.61201859915036,0.9501761769544137,353.9454788097991,71.764
3.6798149711417016,0.9264075252994081,360.4740717704701,15.743038463030322,472.3623821519893,0.0
43.33508685268757,2.866522090380442,416.43107849674095,1.5117540819735151,408.5507680984531,30.904
62.97622635412502,2.2980686042354064,361.3877907757838,3.641550189530496,456.9596081982304,9.679
11.0497090853413,2.5701899564886936,489.6878462113925,17.30769986566982,412.74642198407906,0.0
3.3851051131553724,3.2801238300677404,451.19086349487384,18.647317279303547,467.40642163798054,0.0
54.96060021456039,2.6242332849647263,380.9278756641297,3.7776496100637393,473.1911799280588,24.496
64.0606024174973,3.693250422049001,413.5841661142075,22.74031744649259,363.6820989062678,66.803
8.696193843664515,1.125237318820417,388.8492927717236,13.570285858924551,349.5267698805865,77.73
65.06755887154885,3.4769140308106206,399.36270499943913,4.261194445576747,556.3032848520559,44.775
11.206903745828487,2.1802017154428244,434.10388349784375,15.922854615734463,411.144171718218,26.632
73.57042709731513,2.4943257793540035,395.94622389914235,6.638326597680732,527.516301480194,55.66
68.23937899063861,1.5621495439526814,464.21439446476904,16.273934851595335,506.1668026334039,0.0
72.26597360060921,2.0802007891116925,472.61872133686404,13.853683377587126,426.3940531101977,0.0
77.75626208288185,3.981047443610577,497.18563256618313,18.0027120726122,521.5673354051949,0.0
63.965498861640896,1.529778471334645,471.5635205218403,7.554412242730294,539.9510480590241,0.0
71.42890775038732,1.7079810962659168,437.5264481679,11.18550098253786,356.3433661293615,80.228
17.482419624546246,0.4495484724082654,391.33615682686064,24.061079964970023,378.6396589356644,94.432
13.002611807106364,0.5293942190137255,487.28241102719636,5.27842158791565,383.2613060426661,4.109
14.881205502019004,2.609648645645314,474.7118538078463,14.011308143565431,484.9463144999559,0.0
66.9887056323453,4.1419175077385395,457.53306280796227,3.4417840334596024,417.02470803033066,69.991
31.826062819598434,1.1925943705756705,348.31764558409594,16.74438861132877,430.3427800880005,88.553
46.37203126198628,3.8219445989607075,482.7938918176734,11.725652435449557,356.24528449123466,0.0
37.17800626381358,1.4363046899211516,378.367537645362,22.163232188692472,538.2047913002227,0.0
22.603791949787002,0.7971395250784287,459.6180481102731,6.276331608318506,421.40089607717346,26.351
67.36450401819376,0.7235524210066675,423.58619202201373,13.7486669177463,480.07804348205224,62.91
62.93648263984644,0.5974193988147869,443.8364648325165,21.736025883784393,428.50220041666455,47.494
74.56832413099252,0.9987930168866772,462.98002939132476,19.70948462298537,473.5963926967022,0.019
63.230238291539635,3.150505390079753,473.0793404505512,17.53130228598175,532.725374139267,0.0
63.490053340783874,4.1402087888817105,388.1405923379044,15.094108296604045,529.44773819216,78.924
10.43207489620847,2.67457464617744,353.9554665410149,6.269726458778792,417.155727705269,85.632
24.777957050627236,3.9246148136863157,370.79710438323275,19.34917239498875,490.3775919481549,0.0
69.43698009231191,2.8582476412091964,494.0322901843577,22.925047172470006,384.4460630038299,0.0
44.57352277595989,0.5464712307955698,415.2295698822513,22.822763652475818,373.33503126034003,89.732
24.823167014177834,2.83113328637799,376.80076666454,23.400423719878997,532.9226174694355,0.0
49.99498204832375,1.089048679594045,419.71126344587987,14.250880437692668,519.5499912494528,0.015
54.067099341544605,4.120249156078603,504.94431518328815,10.6730702209719,430.64149658990823,0.0
60.33220963245192,3.8360215966136195,396.83533060898856,1.628981089735212,521.2549628391824,16.337
28.33610377280143,1.5014240823340779,417.1871716152649,23.78537646057299,523.5082511606348,0.0
59.1312857991696,2.3104428640293655,383.71789512435106,14.369555859026972,392.52673969212753,50.914
82.68116187811867,3.921877223899084,345.2135218834257,11.600432700942566,535.4695785517555,36.784
69.13522725361481,3.4546765067053493,355.1174979757602,22.455237670645467,411.34853852619824,46.414
74.66906252472786,2.1236791823524768,392.22678877601174,11.854458829844276,525.0537747872721,81.253
82.39367149211935,0.8833310734241829,495.4884905192163,1.0718856132691956,514.3066956593158,58.847
73.30195580251801,1.682065225258143,493.1667091577738,10.042724207389586,438.2818089702413,0.0
74.42650040585089,2.712278966509168,466.5549219982439,16.252451017781055,495.1613031334273,0.0
19.401047562766884,3.5304833142218413,382.3566866204288,17.92836612060914,351.09755597530875,56.374
76.79456149539386,3.7024911668181564,470.0455270472442,9.492307093128964,530.2690677156851,0.0
42.738664750923,2.3801480767531134,445.36069898686503,21.34016989993671,555.4321694480426,0.0
46.810115922783055,1.964034807467066,355.1550512320746,13.588540879135543,472.21950494939375,78.948
18.840675248954284,0.44666723144359144,412.5681399066261,3.3216247534518004,373.6639922815487,72.093
64.46378810876296,2.152852918854096,398.021213909122,16.640459353563333,500.6101894829086,60.427
44.1831003818526,0.6234647987836826,392.5856064470434,1.826975998500292,359.27121275198,17.183
48.694555307901794,4.088526980104732,395.1283250586969,3.880888298564118,417.9675380661901,30.631
29.54729777161674,3.800910644092547,471.79103603788536,13.329804312737288,469.0198632308802,0.0
68.35600795459277,4.0982824304850345,399.9037117884149,9.820455674437634,464.63244995112905,60.414
18.117396362650382,1.9871426026395436,354.2029666044588,7.209145328559227,398.9879128296106,53.073
62.99477867407322,0.6830269231912334,387.77321304498145,2.8379766970517744,461.6049783824535,20.523
23.60851853959145,1.6010778995257189,435.418112158943,5.903823786682556,518.1111556002552,0.0
27.159907196755412,4.118913528811213,382.5847587692806,1.4752502264285479,454.5350520710441,17.705
25.293377916624088,3.615344884445949,449.46950921942954,23.010896358703597,501.0477315976466,0.0
78.65894756967305,1.3540080364324405,393.1849116809069,13.458391072088816,424.30996979976265,62.798
5.886775949436709,3.168412566448844,364.4930281360411,25.72489049077202,502.46920946501905,0.0
13.475012089498247,1.3398484029149724,474.8995636595117,4.184892846498528,457.87658096302783,0.0
47.750771496705575,1.0605119631171007,493.8100070338012,6.138943594380341,350.6917635621992,0.629
67.10990203799932,2.8392696864000917,404.27916782179926,1.8807412430093884,464.957670345387,20.299
4.7514219417040255,1.976570154687146,344.6255416831145,13.831300810005857,492.5251481557632,0.0
27.809941195372808,3.1323574556064075,505.4638799686398,21.434226178007496,372.96072144729044,0.0
74.01612649603385,0.45846979222650314,435.72357689277527,23.357550864150365,510.0304503112325,0.162
82.3133609147266,1.8305222882734582,454.87516813264904,22.88484829257985,461.49650476457816,0.0
50.17523373960532,2.117551423582401,493.20249123738733,23.588445629035437,447.45032930061257,0.0
50.842618910221866,0.8098793234676036,380.1340477724947,16.82237914915023,404.29406264472624,72.692
20.96496538453765,2.6611835890116575,487.4885393397134,21.774706219227863,495.91170458083656,0.0
64.09624861870013,3.754844686562831,404.6314051821028,23.145954253764696,399.1632582450575,76.121
82.65202568680823,0.9153530552414666,477.75838003085005,5.34357650874357,365.01898767942237,53.843
67.2101739980746,2.4737112742454928,386.48255401552876,17.548202949023914,533.5460108645852,0.0
35.03710255655393,2.541421179575893,449.1296134776156,4.108145356566753,414.33715026950586,83.447
58.09429445592657,3.1063899389326814,456.0147024770745,24.2642217875674,423.1522858546179,0.0
22.271568219167513,2.000482881204893,454.105949858725,15.054540312915996,452.6679582134462,0.0
68.50137781414473,0.8424993251562995,401.1814111933467,23.23893277752237,523.629464944808,0.04
24.22740947961391,3.655779926057195,490.88519510276996,8.387368124271001,548.698410370748,0.0
77.97557345378858,1.027259283123184,352.82879589595063,6.696556474566939,520.3302747894035,19.207
71.16121895638264,3.074640307128503,421.3566759469116,6.230796631818409,425.37313281189256,59.063
75.08747969027542,2.296584954559323,484.62729818698637,10.36671362563879,483.8008824883842,0.0
28.50282644512712,2.5889000089690115,448.0000279587822,13.46492631720672,556.1206578067856,0.0
14.868147630720694,3.336193036264083,485.4538922096657,8.175854935961842,386.34489243457705,0.0
16.288444370393748,0.8346770572510502,474.38618568444963,21.041361241524996,497.27069071253516,0.0
28.751573987142294,1.995484313991581,431.71600612937164,10.783229781815566,415.5043265195143,83.414
66.4093973069146,1.1700488012776247,461.66470466356463,25.229507831096832,531.699186964716,0.0
78.02768754477053,2.8939653835346872,501.12837088275705,13.361999446865799,359.8263968410706,0.0
6.619206371234945,1.0105282527766684,437.13443013648424,21.370446618944012,488.67948693570577,0.0
45.112856151207225,1.4495093589737311,394.87469135691754,8.138803411987535,536.6341374603808,76.285
80.7069970107826,3.916320744729792,417.9623138616042,17.45554024237958,516.7534325182405,0.0
27.5510148948472,1.277048264542596,377.2189828852686,25.13579248529137,549.1272762965807,0.0
12.971690164219368,2.0152922946566254,433.6726050619692,12.511279709240034,533.9825192942943,0.0
73.95017997075618,2.0384092094462694,438.67541866050783,2.47159017241602,362.08600340721677,49.247
15.61573037180364,3.8082949765549023,479.6179929075663,8.159001652060637,422.62547791901494,0.0
64.5390032841292,3.5725761014810757,374.9794772589338,7.90872397555348,541.7238904812625,53.226
52.03655451962665,2.410427168183814,483.2417513905774,25.276039008079348,413.0620059326915,0.0
39.66581033566317,1.0454482911267031,432.6997015203726,4.161743780684318,416.0664025341641,80.336
72.06221721529988,1.8460282625767688,350.1923028460199,15.166184543523093,481.9873716609534,57.462
62.00251191674976,0.8814967368718154,381.8252275853978,22.018690713123107,400.3077169110812,74.178
19.939195839729926,3.1892729892035985,485.24692152988484,16.03340432694223,365.3534719674238,0.0
48.12003807107352,2.5438153523154283,476.4781014816416,20.95787864097399,432.1757667664101,0.0
61.23988596115668,2.454627283183479,432.63000832371506,25.64273762992604,511.37443717343456,0.0
33.90754699102707,2.302376424740138,471.550188239245,15.326966780121273,449.36740988752064,0.0
69.79870498219226,2.952754952706373,421.30742094977575,5.025619714954843,500.0945150657426,62.843
73.140789337643,3.3615145099666126,381.08181300556646,9.030061573891288,453.2195757082321,39.088
70.4646738225901,1.3088710137623256,417.3919812842822,6.797410676687643,526.7549802203314,79.482
20.58444150313334,1.521460828497018,384.00123135121646,13.997398197003971,485.7761631124898,0.0
4.621870926975031,0.4771040273142729,359.7518288522101,20.937684649262227,422.9501830564655,2.314
69.03389242713291,2.5359392530445715,502.60588725457814,14.333342614363916,524.8731767217652,0.0
60.61695994943413,0.7088309710770624,385.01786444006126,17.17009759498522,490.92396846566,71.391
72.50888121771959,0.3823661120638772,490.1686013819239,8.027511566570267,545.5175562950602,0.003
16.9903861248239,3.542690732477901,393.87847663923026,5.2113105687563115,521.6701287456711,0.0
47.82527377973338,2.5899154330323593,452.801502616142,16.3982829737224,416.81927885822955,23.682
66.79714972199864,1.4984525351726594,462.2461319527379,24.938372697985987,353.09271412541636,76.668
82.54290472505438,1.0406757028932425,495.0658030677823,20.704134595125776,505.5727887461245,0.0
52.023809140352796,0.6970382226396676,454.71458560896934,10.869699058852776,397.9178742206691,66.127
19.996888635057218,0.7481167257520643,364.29924609932306,25.219204451067284,458.9152748378642,0.043
57.70672838033927,2.3260578036276276,394.96110498186954,3.047822469914374,461.1059447469749,27.523
18.866126642613928,2.1661521193746975,354.5967028629751,22.457336760167287,455.9877286139641,0.0
56.592146191009356,2.4275854950015754,372.8445446131616,20.034523624680777,380.7482547870398,48.28
16.537706080172907,2.7553107767716196,446.26708324392587,25.37828149968181,372.1666582130623,90.704
22.63979080237,0.5521977801650083,479.4386501444928,6.519821368624598,415.17644950621116,3.213
42.27615187821538,2.597962556008164,494.5430095952259,24.07793464550696,545.612921534781,0.0
41.289598333705165,1.7827766881670422,356.66177186757915,7.90041471830831,543.1784627682171,78.482
49.46126868409325,3.6293145033120227,378.0637959325377,11.83581427190157,346.24730115180546,27.11
62.92781034890429,3.931914674352496,408.58308769956733,8.809551651038616,441.0405100143954,61.589
42.24752818008677,2.341164262878633,492.607114989872,16.94495917005391,417.47085024736526,0.0
35.34275025425123,2.586606759184479,487.14791268738827,1.011775213695689,370.6743453386275,66.244
9.126538933046367,0.5211853268688827,370.67988576957697,7.251094435372198,360.61115582465044,64.278
71.4790514267536,2.14899856726225,444.3165635533371,1.5614165834653557,393.6381034677048,44.759
53.97033480668158,3.668985688709395,421.72698071070465,3.948353094227911,529.4612040339739,64.136
66.55870643913191,2.1536316039409185,440.616027027613,16.833979048683975,436.3303397019084,68.235
9.808382797096723,1.8687957822273846,440.99984394244876,1.7023280789457402,396.22324531658194,85.865
10.390311633091342,2.817351546992947,465.4153341263118,21.90976317243273,350.66477950935416,100.0
10.864004958795757,1.5767442173306643,475.79637437187813,8.288311401015674,466.73151837968646,0.0
4.076872178556737,0.794041548268738,392.0428538901861,13.974746189540982,511.4371167563586,0.0
40.422277362659365,3.8747155846380785,450.19361112391,10.501325263195092,358.41578052463717,84.28
21.726243251560113,3.5138044173254808,469.1292274067798,23.861566102807384,382.04633529737634,65.035
20.475768155023395,1.1805474648515841,451.3885090853703,10.065258850476829,461.4760729983376,0.006
9.399222318668745,1.1595826120314088,475.4380945603118,13.393925661596448,458.5402825670226,0.0
59.59569013304268,1.4243612746768366,351.33043911458617,7.222711752310222,529.911127335106,36.32
7.914714292770192,3.953220363382322,353.4090173113486,7.313745303521112,488.6379448750485,0.0
11.302503434546642,2.051794368292635,409.5726073654825,11.27438687820397,352.5042404739098,80.584
81.44143603888953,3.512398476623978,396.070617710419,24.38994187534438,512.2966896844908,0.0
14.581906542144743,1.063772277204623,487.106795163383,8.133315735901126,479.6295539630388,0.0
75.57314238430288,2.5749193828765287,503.5592757517232,24.371133909303808,460.33564012847546,0.0
41.42279451912209,4.109105880749521,495.4805764119475,20.407969355797057,464.02182178332515,0.0
67.97134622891048,1.7423272462375285,411.0664000659406,12.825017084883354,500.2558973969867,78.54
68.03004294280801,3.692846016447086,439.8793737650363,3.213860583076861,500.55137360059405,61.693
16.85175810271982,3.4187908881421363,414.0423374362586,15.715764949868943,360.88666276441745,82.545
37.69266347332544,1.7195498158003946,386.1804940776328,14.009923635160737,354.54323387440166,48.412
63.59787763776939,3.8932515568906894,404.87261210538617,7.43109977667969,360.1327866693101,38.75
27.765872288715713,1.2528869934984599,457.599190065565,3.2276810058860628,442.600438052713,56.601
41.501826273667156,3.4192554171897966,413.98878741621814,4.750398972469671,401.18791028295954,54.477
6.483148516136956,0.750541516865564,354.028835986271,12.480385509820389,409.76384523864783,60.009
37.85314386135583,4.129770277201719,358.65572048845104,17.223412130783174,437.16775364383625,80.391
55.067204876246656,2.8275659704514355,370.0450238956253,24.199476971708467,475.3519356899136,0.0
62.09223887832935,2.457125380777073,467.8438619611311,17.596998886195188,408.39264947967354,0.0
45.342935945209575,2.0716088777613373,393.91863737761264,12.62361151489798,451.6742489742759,86.312
58.93244399784278,3.1402391938814613,430.0812685518009,12.13921893851861,545.0966571100603,0.0
48.96242043872401,3.933398485120003,417.6985717858027,18.183291673437633,461.00179753012867,0.0
66.63343185129156,3.3613832966216557,366.21717392731273,4.866574472466014,492.3977052266854,17.779
59.780228136922915,1.3714976016702174,496.5620166813912,8.900505884829162,354.1731730258348,0.003
49.69131746164483,3.6057504595012912,418.8091430749171,8.967684564256787,455.1947189129239,81.267
45.99394598668693,1.329488145641308,470.99283751971325,6.942038179980383,491.6920879289214,0.0
70.40205579230613,0.5071863489013914,459.00144613870316,17.61045989083022,501.35095403634705,0.083
8.126989107684686,1.509019005997204,465.76860986953795,19.844643246399453,387.824275988199,94.623
32.55400527445893,3.538236917956535,370.49753157693954,25.698299505271347,420.2559253774979,89.599
46.181914979441714,4.041651688971219,363.3404845900781,23.583204308076393,358.2029792319504,35.092
4.377758112395886,0.776443686323947,505.35354631785435,13.258444970141598,381.7193531746708,0.0
39.74343474788609,1.5629075816674396,454.09166712324253,14.534839270874434,434.9421589021083,0.873
14.129198641396394,0.99065041700335,444.3782481849198,11.738648134216245,480.88930606089184,0.0
22.93822017709963,1.0664836309396506,349.24341463967204,5.472709943454671,388.4968505577656,24.242
70.33287836322707,2.7731768386233653,364.7361672989302,2.789548956416172,521.7079478249098,8.391
12.161778952641084,2.452180542866847,443.97216749224697,19.38159410003628,485.04874981488604,0.0
59.817750874507276,0.4490709946008933,466.78408493351924,2.845929522787113,371.14297720259856,73.978
51.288405127717205,2.6275589293507156,473.01062407654433,22.47677133546659,457.94880947553503,0.0
34.94839469635397,4.051685682805782,500.89676277906676,25.31085118779687,512.8689997996439,0.0
43.76743659068433,1.813288536160441,351.8574837344027,8.323443749134086,398.5548416313521,21.539
13.515557921063339,1.3798603242921015,367.7991659026673,16.358267962980957,461.73721681769047,0.0
31.431764230375734,0.39524743436773613,425.4570632844009,20.726545642049146,374.22973816127256,91.172
45.009390093265736,3.388973316734779,470.59606013791154,3.646925847890368,400.8905146229621,77.258
30.226841973586744,2.6401436158338036,475.1598696193401,4.227641360185825,431.291227842369,0.0
12.794350680497478,2.107106423867882,362.5022035343417,23.507729853328396,392.9042539176554,89.061
2.0403422874853314,1.9931417916437764,412.1225048601802,26.044487364196158,534.2775606220728,0.0
32.50664028945714,2.9731451418781356,455.8806654511052,14.44252797289215,446.72762671866616,0.0
64.5487852378231,2.4298926074205762,434.28941859727377,8.208980498611675,489.2744087143098,81.911
73.0879108796745,1.4634572533245658,411.9486288848951,24.839966758003015,378.7148275257542,81.275
62.865781554760574,4.107771243649104,368.6447956404464,1.0369925655563663,371.4669713676383,2.707
20.238565063251308,0.5435734390862055,350.73763444222703,21.866902454158886,471.10764158877964,0.015
43.9235774326964,2.3078136045579387,425.6220133599652,7.053325628630376,410.71721829867914,79.367
45.766620223611625,2.5688882717135706,478.79706145093064,18.010289271920602,443.4170146421064,0.0
15.988213780452536,3.556183839248674,436.44766317475893,17.841057283626025,352.08526250620815,88.517
48.017579229762966,2.230550071550939,434.7794183572863,11.871944430068334,403.73943881638303,87.842
32.16143877086581,0.9895433389353042,378.63443951758313,3.521651818572436,488.5174348524256,46.659
57.01011951148258,0.834971558254192,442.29512899720635,1.4264981197282725,426.28268618031325,52.034
62.022740067781015,1.0155634209316227,503.27188265921313,18.048557533165862,520.4552843627206,0.0
41.229112716102016,1.294162879829079,495.804526965897,12.334634109005593,514.6055789385313,0.0
54.25464368247828,2.533049252132708,419.55898389547656,9.528398227904818,503.812060333412,77.979
32.77175022629619,3.500584596080966,392.6556762061343,16.74240354532171,399.2370320046155,81.21
13.954522296001933,1.373157131866491,390.2895245679208,21.300206584851434,481.8404009871624,0.0
12.874486293689863,2.6818140276606193,434.91158144040133,13.629521744962915,542.1744414932612,0.0
33.058833401110164,1.4313225967322123,441.4208218257835,7.907298951811694,460.90791444026416,18.014
51.4387453153967,3.0773986838406175,401.4750310354594,12.119697716095207,442.1895880101938,79.092
13.401384780092197,1.3940366118805052,449.9638343112816,7.257756925320167,374.32807295711746,82.357
66.37427579252007,2.8233278115374327,418.19072830960374,12.400498890144124,471.62265851162545,85.382
70.80048677122917,2.2718115009071336,482.5867149766789,6.378481068714719,421.638780622678,0.0
66.81030329504976,1.9031835240798016,346.7000096156598,6.622260869477077,401.5232110642583,7.9
33.85951340223733,1.3419468320379737,379.4988801855807,1.746655358473454,459.1958211671223,17.203
18.21555118922489,1.2830935695611578,422.1834148669291,11.842779125199325,467.5374612697071,0.001
19.543776654597487,2.8006924052677475,420.04758287783403,24.06226792897169,418.2754250745328,0.014
48.10879594758299,0.5952587106813065,437.6900274921158,16.751283466757037,508.34823787286166,0.009
49.11019450843765,2.3798194638407053,398.1276891490176,25.73911221241006,402.8770278290153,89.006
43.8856835056558,3.085418492457454,492.7155378052741,7.3573131369998155,356.94120877131047,0.0
38.157921406553925,2.3175762796004387,450.7229438756244,15.058042184698401,399.4576598586972,74.241
63.919033894569814,1.3142273645044205,404.28641528249614,12.928076642439732,515.6853243334873,65.423
61.7367568995418,1.1191318285138423,363.08674781220066,19.49369258078179,477.78967024046415,85.618
68.8799721366832,4.031482830208676,480.5397124714295,22.421510234786346,386.5431383797818,0.0
24.566513123759847,3.7670057727292217,454.2452854376453,6.409987620253074,498.30798799930056,0.0
7.62800515002523,3.907061457526201,394.43892411287806,6.335812180256934,549.0383836870669,0.0
31.321755579398214,2.6996624186249227,402.3672354941254,11.981222548340925,533.27734486559,0.0
6.993412951386064,1.1403239286765956,365.17535508293463,2.7187179129113384,374.4977757588631,45.685
69.75874607421211,2.303597600215952,481.55503937352927,20.597439133481444,441.6315734752496,0.0
65.10959413197082,3.016145464648276,486.43159123487214,21.87488812259327,353.5316060443812,0.0
22.548216190310626,0.4294071808264782,345.63103590091566,5.31424426641315,460.18394399622895,57.789
11.948587103598065,2.576673051181727,399.17227297947517,20.68234501130251,437.0365102904491,0.0
27.417079431940934,3.5555374562970443,358.68558221977065,10.451615426003311,351.91758825162384,24.113
81.02030394400822,3.481647097450845,504.16233875170246,24.628365514162216,446.5472970194174,0.0
29.47280918506548,1.6877500111279793,467.9960418543461,11.613427678752954,433.6409139618813,0.0
81.29845221804548,3.4896179951589015,464.51021138862944,22.226083088371915,554.6232863227931,0.0
4.989697258891118,2.1884351683376937,471.9453705464604,11.794543652026858,439.1088612114597,0.0
21.92150748958059,2.782765694611776,391.46812545673913,13.11429132133719,485.21411560514423,0.0
9.553165258984539,0.9143719331253721,395.0502158620369,6.816770771802296,429.24288962186813,63.646
2.494267049736289,3.378594290855989,450.96266035627565,15.182648566124753,551.3986078294574,0.0
67.86880635691462,2.768395857022391,436.11335316609603,9.87836916900941,430.67592626055506,83.682
42.396408665456505,3.357195100328907,467.44464580560015,21.266105967740398,510.425372801688,0.0
30.45057408300599,0.4804659141909736,382.7925101259035,8.648767048783615,529.5420600503596,22.163
53.63135182873461,3.531664208341406,424.1704051884992,24.020919568277833,509.1856984842984,0.0
72.07639845529026,1.8426989010254653,452.6151805124862,10.669785588191052,424.37257504263084,73.633
74.5590484628141,3.705307710152697,499.7509448547487,25.350548239790214,554.174563762883,0.0
67.40845844511675,2.005254463633141,476.3689271346044,7.419636062858056,405.61578657617343,0.209
56.848850223145156,3.0271479573771134,499.078865408864,23.705504175147585,419.3822795099718,0.0
54.90511425172451,1.7312670417426967,409.4423070897968,20.19373258449365,455.4531173770988,60.682
8.296641505578133,4.03628157354751,366.2383975779989,18.492975887177693,380.27408136346116,94.989
67.66577856655086,2.0168757331355436,442.32281913500185,1.691375120735677,435.7931854082119,48.407
68.95442640026667,2.201145079489897,374.492875655342,19.682518121534187,360.2288206206704,34.439
43.59910112365188,1.8567131225672018,383.8881333159537,11.511359234146234,440.26433098580236,77.577
7.755169677894969,1.9452672823102088,368.47924324206815,23.06353490303717,421.5362427587967,1.34
75.21365931424128,4.032716050737285,411.1340830359084,13.016199623831922,366.96755223992517,51.786
67.16158666815562,2.9292349331678373,471.6636890897688,17.198192165947425,435.33000162460087,0.0
45.87155012203531,4.090259826724962,396.3299194777586,4.867614018020138,435.11273815686644,41.115
7.470210634232278,2.720324212135672,505.7804926577478,14.636860781089904,401.15506020447964,0.0
48.18762183331519,3.9324037794881086,362.5262357063242,11.413258850941231,434.0034634183953,45.407
44.446957537108304,0.9635438394206391,427.3248035895302,1.1319335325843016,356.4797761177365,34.804
38.713208662865775,2.896491490593734,418.30428368369564,1.9758178598090668,362.64497453059755,37.549
7.239260193673064,0.6399528139870208,464.83238928911237,10.496347209523782,505.93674881672155,0.0
78.29276647470242,3.8698319069276557,437.3620645294668,13.529824193189539,555.8570538538432,0.0
33.30878106033704,1.3017462906112311,487.0559336836624,7.233210797142243,487.3357935503309,0.0
75.46219696356553,0.48766379940946386,391.9208063383733,21.084014757247857,457.6378518185004,85.552
28.24437752718935,0.8387954155948947,500.81801212321875,9.647827806722628,460.3916750806757,0.0
45.58934665967489,0.6189970764985494,399.99058977343543,4.764282294987974,403.6258736463287,49.811
25.828740610208868,3.0983295182169703,478.1793646000147,13.645928244961965,428.98347120344573,0.0
47.129926354208344,1.655748163160148,493.6560471426469,17.632662245437935,544.6883418574038,0.0
61.29174413003412,3.896317749651176,472.5178703354654,18.92567560575028,524.5172609809556,0.0
48.46739119401265,3.681236119623341,345.8578686100427,10.470741714334071,518.8819021066789,64.766
64.79162577662264,3.260192310470531,372.6873097336626,15.505593980125328,354.8987720117393,26.345
41.822723839006784,0.5180964930278021,422.15775649262497,13.647324222976984,375.9507214787707,88.19
39.68905879156953,1.589672627911268,447.04416404914934,25.131228931595384,457.5120241946538,0.0
46.91623283890023,2.155937998072808,492.8523502798812,3.1515336450687714,375.0333014645034,0.0
58.93727943096279,2.0497184087793654,357.14064442926826,5.745877897356667,483.02248974619124,20.399
40.09691293277251,2.048288255168424,395.45189752560134,6.147877594231555,415.75013426359186,54.981
21.93721844402301,1.0310474353047763,471.49275651590983,2.9091374033297184,448.0234455695137,3.517
35.751023687004796,1.6475138427880567,477.08638008448827,3.8995123599539694,460.3140359605136,0.002
25.100485938353536,2.3926397468726615,498.47499542917626,7.967815440682169,360.69856903270056,0.0
50.34953988516212,2.457995753523223,390.85007835831095,18.91231055827233,427.7492286543035,86.582
8.163151515721855,3.8074038117658646,361.2505686799988,9.063475484885082,449.19916298734006,0.0
67.99702844070507,3.3937684906868175,490.1843594903021,12.239032199205484,362.2295841772509,0.0
35.98439898423874,1.869318711903054,409.2861102037487,13.097999315247087,362.44229266545017,71.843
46.75234578388932,2.11106521327284,499.0555839678117,9.996758990370164,487.7603852012847,0.0
44.64370958788464,1.6771979411907858,449.35404818445585,2.1723337110836423,444.4816700631096,73.74
54.11496801411275,1.800438694652577,469.06791415007586,14.754597292793308,403.8634943659114,0.653
23.845786922540675,2.113707729268225,428.9328879119818,25.019343500556058,521.4182293100392,0.0
80.35695945674858,2.4383224909329493,401.2460580089844,3.020148007528194,382.81978569214857,20.769
33.68885604750972,2.4921393261090268,394.3596636481171,11.063471420143381,426.1732425302912,83.544
9.969331960229491,4.125139686066389,373.562856669131,25.155462374901568,529.7030996647231,0.0
73.4204676653728,1.2363680382278939,371.50784735884366,0.968222019092285,539.6717775094211,3.027
23.85935940740582,1.5783882718574604,452.9581262005797,10.771420622400663,382.8839582812333,76.181
28.222669885721743,2.283798167081606,347.3823535567756,12.010677585065517,441.9804004287788,81.885
59.31431664152502,0.6213519296999408,356.7649148778655,19.200754796161927,452.2964437649201,82.588
38.358193239349504,0.4356882562129356,367.65835924224353,9.572331010805708,377.54275266765086,36.7
29.220835943103225,3.5059697298349386,351.9913291635596,10.308112435094083,490.25656096420516,86.16
33.40546046425868,3.0955953501166347,495.8108238168642,5.160244638764531,443.684309706658,0.0
3.6954193542447653,1.5361046978359059,372.45187185084205,19.16811589035938,402.89835684002134,28.698
11.782717495016465,1.0022158323369785,382.63039869946476,15.331243797964751,481.7628022921002,0.0
68.83865971234218,1.9474968627377702,487.6206321222703,5.689595762578698,402.7627037823652,0.0
46.3105608830513,1.9348606887542599,401.01563257738684,4.324579694088939,460.514585256095,52.383
4.733087011013046,3.655091545196348,435.2393748029933,20.11953961590257,403.9099532853324,0.0
14.562674083251244,3.525322557709902,459.27742501724845,24.310454481517084,458.32540512702786,0.0
9.71831458077867,2.0341117231200134,471.1152045944974,16.87678015673746,472.4469317147663,0.0
63.439869480557945,1.3683781350100257,474.5834084206635,22.13722829387092,434.6699466466115,0.001
68.16945865917899,0.9971187500130319,456.34396747388456,15.605323368062171,429.0482514041206,31.544
37.37537768463946,0.9307329933525696,376.1529293885963,3.815702002830429,514.5003997412279,46.555
21.443363545495266,4.0047251909578545,424.2258750129499,24.591638150727306,379.48027814096486,93.87
8.310342322415384,1.2176212040372612,460.1126754402711,7.4803275184939695,515.1867076171062,0.0
50.01142708635847,2.605035721604131,484.31929803922486,15.046220229518491,440.85231079639,0.0
2.9445048411914607,0.39980253330065807,457.3440086499604,5.023955100437683,501.66572325976074,0.0
78.14008810382174,3.4647625454209696,433.8362521435184,25.029715666245117,366.33351507975425,81.121
81.06570721772452,2.489735630341295,505.6555900821718,18.6396604947029,389.1864534686495,0.0
40.1646236783816,1.3984978202599638,478.7063950589958,9.238454224460765,398.0681718439183,0.246
52.91746239774318,2.6340281172664057,442.0241965100006,20.919807240077322,399.04169872281926,86.715
44.32579209893006,2.1021547119814654,495.55825095194115,2.032763063314674,407.5382057726055,0.0
29.904775760098715,0.4726854806776438,455.1317827243893,18.166467077031374,456.58615046754494,0.382
12.467164423253411,2.074643081233758,484.19007978730593,18.601907193162052,511.59231607652896,0.0
56.154811494631986,3.9262296300028883,400.97920723381014,18.873566495961448,370.7721662067116,58.262
76.8677867727652,1.4677382476682492,443.0497810872266,4.7031017527578935,447.0056630217854,75.877
48.70723834028791,1.5414208373843987,412.4974965347981,12.94684812823344,371.67147952970333,74.091
38.03802939162388,2.5008775791828466,448.7235505512769,24.56826027393882,500.42274960274233,0.0
42.880743091285176,1.49948441935561,406.09157720241967,5.910568533094006,513.2983175820164,82.245
23.46946090202738,3.9277548760488106,345.6938533080972,3.559398422486982,470.8992184046423,25.25
2.202738844220887,1.0184197203505856,370.4144796417119,19.00311008285144,466.8893190418202,0.0
14.33392578770359,2.399488263254465,418.24024291753364,23.753726558275343,524.7021069405886,0.0
15.539216928448473,3.9576647780896,379.63713137064326,25.022425422819236,520.2117148156412,0.0
58.89140961169468,2.733127190104577,344.5576858036669,17.11739344581881,484.7474833000424,76.01
5.489895039388912,2.942311208547015,432.74095596643093,2.32106811530104,470.6897380446551,0.0
27.243804491769126,3.228906959517308,432.12766949900174,1.3288877599581188,481.91718055178796,56.614
36.484624130663605,0.4661341657011743,392.9426315420587,19.590231173428744,392.9700589319342,89.451
42.0690844186689,2.5856090645031586,453.05403250204097,13.402174029831752,408.62972761113065,65.208
36.068975164532155,1.1256118796526666,353.8440124014851,26.113537095600552,443.7313939031173,53.524
52.14530285775402,2.698689670131718,475.37722291931516,25.245317250483517,463.77813912214907,0.0
51.848326025647644,1.161086689573421,488.449653965473,23.77340711778779,387.39892600593816,0.038
30.2596575154098,1.6211416820462135,357.59372293629053,4.928772177208345,508.53833844342165,55.884
32.58300648555618,2.971009849988524,385.79338772404606,4.018806490466219,514.4037034124788,58.296
69.05612101019791,3.5263288563875106,492.6924468784124,3.166296278305939,499.42671857805533,0.0
46.901291799837004,2.2557677403792114,473.5059777880706,24.487454030278517,470.0011355946865,0.0
53.719884753011016,2.650990583609848,395.8418031061677,8.066685465375942,412.03979174011255,51.214
3.0001574009924257,3.031953011792248,440.95384902269194,11.026306712483391,390.6764842782806,76.952
68.59498680205712,1.1811208480882365,453.90619207448333,3.957736232005413,367.59480631658346,77.161
15.038991716718211,2.067683443816305,400.8417414934676,14.033075599259924,380.203847086946,91.757
55.86589015072328,2.215379011031539,499.9031009241673,21.13559687634708,398.95132216013195,0.0
49.2010009375668,0.4417290741685523,482.08758018380604,14.540671808017406,469.69096489183244,0.007
58.5673392585592,3.795192798456139,380.72786010668364,10.863016400362593,449.8181505200327,53.526
11.607795017368932,2.526714638409673,500.6468335349931,10.949000661633967,468.8477081938504,0.0
23.791240928956633,1.262306469968439,475.6885019565177,21.314308568306004,460.2063808149052,0.0
33.249961039913835,4.1292450667109115,409.1098339801578,16.630775303785093,410.2487746544539,89.155
24.24078307614043,1.765035662722279,394.7412932705523,21.795187809543012,464.13956994137106,0.0
43.26138593381031,3.581428855579868,502.18096005608515,20.552829498916285,526.9314851507443,0.0
14.224322608975834,1.3629284772690253,449.2546377981122,21.18331434342461,389.64203815350896,66.22
37.323915886319426,3.049903499071528,407.0813856080864,3.2199792125029747,540.0711417745307,62.993
81.25522276728232,2.043451361516283,379.86438170911657,8.910682350189523,556.9181759385942,60.041
57.84908806917022,2.3963534466726037,386.34859766805687,16.645564258496613,519.4751494636384,0.0
81.18294864544308,2.063990439207348,370.271053340044,7.423920321823824,347.2335853254215,12.624
54.27447417546568,0.41386029216080755,371.8687885723599,13.988667810590595,444.65549085685467,77.121
22.94577351688328,3.966726074055702,446.1115235790062,6.205209958489445,497.4095663890255,0.0
61.04948443273705,2.349532661501628,465.6999236422869,16.14285903273406,458.78818873833626,0.0
44.42776624538386,2.4661096945823635,450.6013942978602,17.558443253935483,513.7576694803201,0.0
16.338203665952424,0.5764646588284669,498.455158796166,20.991541597722076,462.2670792968837,0.0
71.53185001925921,3.6165354906014566,445.34261966953886,13.219523023282756,434.8454297694028,85.493
9.619356674480553,0.8749898295975133,468.7896340156451,9.74547049824855,510.8210016482534,0.0
62.265172450377804,3.4659906069504194,350.845339723673,25.555474140881596,420.67830906160737,62.707
10.638587239767093,0.6410582403770192,442.10113466292376,5.71612207075954,344.2025952317604,89.01
81.35264562372244,1.3267941526547111,458.89767085880146,18.923944485307242,352.573448865426,80.725
20.83419195478259,4.010248065020523,428.43608836703595,23.726323563090553,497.6180248186991,0.0
29.36121473155952,2.6456581456040733,373.2545455356752,8.738455620316655,348.1691949804431,28.961
26.014758374702573,3.2110714229694732,452.6195352274351,6.324613593864189,528.2462263891586,0.0
29.008389732570997,0.8201980665301932,461.53492907700627,12.656252551880955,356.51278612960414,71.154
4.651283398936682,3.175158870533246,352.49124487127824,23.489371752340166,371.71762439080544,92.836
22.997177446747983,1.9561980239755652,426.4217543158991,2.287257588126647,544.1365718286165,80.314
35.31095376291827,1.6920188692637996,504.9635079117776,3.914394290360665,531.5316920100049,0.0
38.12769216059267,3.1458745681262177,502.27388947056454,14.76598946077101,522.3325722378343,0.0
50.26128590726943,2.8611995833739456,357.0918252023793,17.4353197499358,501.25111253990815,72.925
49.177015395340064,0.9101494666571145,492.9530695940899,22.003426203126963,370.5312198291412,0.286
35.62597957860339,2.359712244830923,470.93295190428194,10.592662249201119,486.76733829370926,0.0
59.216593595258864,0.5372034054991169,397.0640730147862,14.954136062840572,523.8568526395927,29.479
17.211601938078136,2.9188777415203506,398.5089313378906,13.965593707175938,402.34074707815955,92.228
79.64416336833867,2.080636424014377,444.93321507731423,17.24420705959606,459.8255343683144,3.386
77.7316972337503,3.7647763361076083,485.48554199130695,22.63840665225357,486.9700373700558,0.0
39.83389631612693,3.564901702915009,503.22718043764894,8.802478388637098,547.6260629492534,0.0
66.0980096168329,0.8620400627244453,362.78164118580185,2.6262298842840837,555.5549964766348,9.04
55.18068717589645,2.4232152082695175,393.74995125940274,13.192403016022777,517.1116462400263,60.397
9.009090180300626,1.2878115025143135,350.9134160305545,23.15059049046097,403.32613021248073,60.538
63.53148713691855,1.7789105728351782,382.31610623645645,3.711091667711524,444.1102519870724,20.13
67.6873338311766,3.8653214721530214,413.54222099617425,21.894360080739027,400.7914142909276,78.65
6.3217715317330505,3.302519618606385,494.6134787926338,9.450255829627874,467.14409194783275,0.0
43.97700457525173,2.595742526014345,359.9663448840809,1.1804125290170293,461.3849747804278,3.578
62.08364342693235,3.6696783399141624,361.3767843606255,14.584577900903014,506.93438755876497,75.454
77.8343987794201,1.8383927013246932,410.66858469188367,3.4725411325348157,404.90049926196775,33.314
18.449089836849645,3.6068316231980537,502.9767356918995,25.111871586115853,420.94303226062425,0.0
7.341652105265658,0.7310987609240731,383.73934921436165,4.981174627311228,416.61142097940655,86.899
41.820709805632255,3.1470292739174424,402.000831701837,4.167167082891893,448.78324677632503,49.08
38.31815341489524,2.5828206135866716,479.0759343936343,19.501568555038745,389.8174571097567,0.0
29.04290737969687,0.6011926590867972,403.43202294121335,6.720688047584908,343.98146902748573,57.325
62.8871617652359,3.2494186775412204,412.06317004609906,12.643752594189154,489.50672129754014,85.195
61.40660637172289,1.6465611876214368,464.6843385993257,5.006872784787084,468.1087860098666,42.142
27.093943011074032,3.592076446116079,486.08587641832855,18.473335269304737,552.582415313098,0.0
34.84333431051553,0.9599493439511237,420.26674730808384,15.89536189731359,402.0241024574549,88.722
36.79185023135596,2.820839485982697,390.70854541514205,6.459187542497567,507.65075787575813,79.206
43.12970973861449,3.6090942592310937,434.44094076906254,9.611917864101564,426.22372724723067,86.848
7.005034394506749,0.49432337209231925,431.00882914978797,7.452948913090906,528.2047060411147,0.0
9.683341556495458,2.421490118663679,420.9140012592429,1.5815029931737312,386.8290083634147,70.751
56.21997321631113,3.6714760765434544,454.2977456027437,10.959473417391797,356.8683618604574,84.085
31.648576713285664,1.5926423510603653,462.57178818496044,21.619738594885717,467.3067374853889,0.0
23.06304250587811,2.824617041926015,396.9648570561463,19.77457070167111,427.6717481815198,0.0
77.03978680589482,3.255530576418113,401.2463402774042,25.85738857070577,421.05521838619137,82.852
23.435070015352608,1.390692832915983,373.5752223879358,19.113173241239146,391.5526583991389,89.888
69.96983192103774,1.0404652152829383,347.9329711284544,18.205521317390044,444.94484176025566,55.774
54.54477947576213,3.2888670439758,382.03467669703645,20.63793436470736,532.3189073589858,0.0
70.62541689821562,2.887885770887893,404.00302857592806,4.255976226656552,454.2150513242712,36.758
7.986312465729133,1.1005703363679484,387.2309044856326,11.301830789844473,437.5316944051844,1.941
39.59302172787338,1.5203134237045286,483.8482822321554,11.34032083826977,379.2910061603378,0.039
15.76129210766189,3.4946241279826293,411.90166514268043,9.870288368426602,507.21773013808456,0.0
67.23228640156333,1.5942948536494952,372.10185371920255,22.677628014273942,455.5973979003438,86.826
42.31079247766735,1.2653104075133754,458.71101511911576,5.48132253653826,409.28374872897945,67.236
45.47102446039369,3.734366457940247,490.62504967103973,15.478473007817978,479.0144625670704,0.0
53.99877746928639,2.5312788039123135,418.65258379788696,18.82278556645267,492.8971497245591,0.0
27.89758091793899,1.5742712220906059,359.7254907443145,17.418316226529367,485.5112162963733,0.0
40.46408529366977,3.515621935136593,494.4187236569363,9.015053149966718,419.0814929537523,0.0
25.715999102958342,4.123847561111986,376.1677822666697,10.779468144225872,453.40055187384445,88.091
73.77115680740556,1.0997736657830508,502.0692250909702,1.1655572161593204,359.53055560658396,48.254
30.795292180274274,0.9180641108221141,477.697997793211,8.378613846740572,537.8893353797858,0.0
37.65987806966776,0.6749804525263252,385.06974388331696,14.828480693135141,439.7064795486265,86.977
20.847975263813666,0.3595576396998626,458.3479873649304,4.00755724639487,473.47214994480794,11.839
81.2078502656309,1.0475206717561492,433.48590090643404,5.536390495350349,447.5564580872942,73.975
16.49064252999507,3.091470603260996,365.28651806469804,12.820937880393606,500.8010975134981,0.0
52.66341506661625,2.9935424225905374,463.88946865577407,10.880282142705111,557.401719744623,0.0
83.14992134355471,1.6906239995369239,450.66439353772853,21.477461326611287,481.2722371093379,0.0
82.19867541470911,2.8902327722186203,405.1158188960395,4.475392538120441,556.4820657250797,44.074
23.519093705523034,0.5222829178719096,361.94842685439664,9.990670933959015,416.65086391524017,81.113
64.24600771203187,1.7017236470356507,366.0239585672924,20.798319844765462,467.8815919723682,86.329
56.773938493667806,1.5408669658857845,431.89990554951737,2.598793687589246,494.6965824403544,62.23
19.77226135872351,0.8324094908962789,483.4304501253005,14.190308189881453,501.1754979015974,0.0
4.037040845065664,0.4571493968590953,389.45863702602634,24.04650605613542,543.0221882771409,0.0
59.55267929333689,1.3340093596933555,467.2836093107951,9.968706726869014,454.04682609318417,0.26
24.174387963333544,4.1099851590944985,357.41698911213865,8.008635926834854,419.6978617174283,51.537
34.12587164772221,4.069041029049807,467.05139127993016,14.705703220119288,347.32710274629665,87.955
76.11167429658036,1.1456870089210163,375.50544611008434,14.622531394717372,528.0979581209576,82.982
43.09617062183192,4.047901121909463,479.37647983750617,2.324782683349241,513.7871441157879,0.001
8.633648832363724,2.4704634933956,435.37253572799403,2.8114766741107697,423.0149704967935,81.554
53.940018320877,1.0788687423586505,504.40102446213314,17.129970737096507,506.27551363628265,0.0
76.9677343844922,0.7996680420734019,446.320515388726,9.6305806101578,516.1564698463242,29.804
72.59540554685549,0.5303117328984472,453.4007304899314,9.72847419219048,463.83178920087437,45.433
45.706684414835586,0.7848047354619141,376.3362624814658,3.4088309610449805,513.4448224622765,31.132
21.769846734850724,3.5955421712397198,405.20062472218024,22.905389374231646,495.2954176731158,0.0
73.80909280462542,0.9980167375580762,364.8216646366873,18.833322315303214,428.4841711786536,59.518
40.1310174500172,1.2055230123637042,374.9371254839401,17.81772337583638,508.3944303261575,0.002
51.918728065982116,3.4534979662032943,439.501450922117,5.353123337760118,530.2363882100799,80.441
9.163476186207255,3.8181285272544323,436.8465580778691,14.454167257744365,469.48772076412854,0.0
65.78821781612564,1.8714619033526305,406.99118317411524,10.006262193777141,442.2168657140402,73.044
21.16968076671401,3.3745198077433223,434.8512607803899,22.356435222365487,365.4211534540774,92.275
24.024752747575945,1.8728341621247258,452.86807386608984,6.742233712485665,544.9472627850696,0.0
5.869547955945516,1.1647714842812684,460.46163606130426,8.229990144946157,441.3476241862044,0.004
60.70159638355992,1.4006366201420533,478.9393919385132,5.78533232639421,554.9408504938162,0.0
34.304521618449094,3.8582594674867474,352.8007618454609,21.660620610370106,420.8155040526956,85.886
55.557161390923,1.3484995099774957,419.766806858765,24.78240701410547,502.31273683975724,0.0
16.314043198364562,3.496162077073206,358.9702793649085,18.336886324985084,443.569846879206,0.0
34.70777125316996,3.2983793961461596,453.42670484294365,23.716074845263364,515.7426638242268,0.0
37.04395640324553,4.111301859706243,431.3506426062049,26.006085462104185,421.8196081473201,0.0
28.20181256943534,4.040149414822204,481.0120644872876,4.126880527900345,556.9661797912831,0.0
19.33871311539624,3.6295903061232058,358.9543905933215,6.196666135564103,393.8051029824821,38.597
55.57846986032658,1.859748061613081,431.8798188177145,16.450405987204398,348.3830609801728,81.386
33.3742847494028,3.838557895855316,405.75769811146586,18.776394458463027,480.20447372745633,0.0
80.06665664882303,3.775266344912379,438.62828701516565,8.257483990389122,403.2299729158639,71.221
62.12555455445098,3.7452572935371067,393.33715023522245,10.758491374507589,471.8295026689179,66.903
61.257281938199014,3.032343827257629,401.29316398301427,10.901084162000705,370.5166347589908,48.306
68.48375715269037,1.835510373909146,396.3370235650259,8.142342316124253,412.56245076143244,47.331
51.12358718476788,2.1991422456424305,467.21082952739096,5.3727773385946955,550.62475066315,0.0
36.2806568179545,2.9962460002406357,374.5559029987772,6.675409994456358,529.0733881926743,77.329
65.46852722549579,3.054669977958357,349.6278954206357,23.311168440438728,410.89554835107526,48.588
64.52458496210954,1.8318682397643355,378.4103974905679,23.702452410452118,390.18402372978574,62.05
40.90030003645248,3.5484265680608997,382.52844410920386,10.714738673701776,382.3908792870531,44.056
46.33142264703488,3.8572410119606326,383.3775744053359,19.01838405608075,543.3455905511058,0.0
78.41887258692873,0.3752886217556636,478.63385065392043,14.575480163234714,534.6620699904972,0.0
27.80511906478972,1.5373095138591975,481.4469046956201,5.923369226812972,378.9763887621151,0.235
70.77439992765855,3.8535538868844634,472.22230781957774,2.051627070740924,375.27630975218256,67.582
21.03619497915932,2.709082566660834,353.05057152712624,20.177163210178424,551.5736662294669,0.0
66.57612399904336,0.7210609657165136,490.416676349696,18.780814822192237,528.0223443923273,0.0
27.602380590853947,1.564219042574842,415.4399184616501,2.23181899714453,378.21602631229575,50.96
38.780273979592295,0.8731552850110238,366.92311196795856,19.328625913605972,345.73626396238217,35.219
64.77387028508132,2.2547879907701436,372.87696173764226,3.2706836339580008,510.13194386183363,15.289
77.54579207303486,1.7691737644851302,372.9736448192074,20.20393778639906,388.2124931959304,43.889
57.56530558240939,1.0756274868563787,371.94285393459074,15.689366659532055,432.9059829837011,71.236
16.64657962674212,3.580794099505345,428.89155524575676,13.951551190633587,375.7970239735064,91.9
77.93858144905985,4.0152660764655765,448.50299354472395,25.845657506545216,410.2643438708045,86.447
51.817667950549094,0.5377248932378077,421.4465601690363,21.354750284192892,476.2922789100338,5.905
63.406877598808684,0.9017158146962052,347.28923545898493,14.482377267075838,483.53947756111177,67.02
77.46420723599199,3.197078148547426,411.46226570143216,3.9767383589991434,411.97429329017075,34.808
10.934219743812879,0.9069001943766704,474.52086173025975,10.968715609207504,352.67728318776483,43.208
30.051428840903213,3.648908342633888,485.0145943556383,24.403796391771614,410.07272018874795,0.0
45.165272207731874,1.281406276467513,348.62572349734984,1.5222563175302999,482.3778245266294,2.998
78.43658357689836,2.781743667834692,347.55323237538784,15.098396195047306,450.0331812133383,33.412
48.314848118515336,3.422248535380202,459.17749923742144,2.630083742326468,448.3932068384597,76.128
5.266074829726568,2.4812350311142923,362.06224392954687,13.73685437167247,414.14174934452285,3.518
41.73050674448558,1.4703457112626843,351.7193941736849,1.732080827954443,458.4253815739158,4.231
4.656721392408262,3.553182693933859,346.16077496908497,13.303420726702752,536.7440062660874,0.0
14.010876725243449,3.7335034648019154,434.70685683252304,19.612824352500258,467.08278274822266,0.0
54.77208661340717,3.8145478177080507,371.3549967764264,16.2952570710009,416.3073666668145,54.672
78.18157075807062,3.4117227624017006,391.09837348163467,9.067154465182075,418.1090013924804,38.234
20.988829442287056,1.892287594581497,469.5026078311316,17.724020669473013,388.18657857453456,5.043
65.6029780629909,0.3850776269216646,481.1376698892009,24.315036765714446,386.6093695865646,12.843
80.90380075175948,4.108392163640757,347.39442880996216,21.782875735421374,484.0656636637931,65.723
82.63968112352904,1.5486949846599352,415.64627512595183,17.982467018699648,541.7682183975153,0.004
81.23290271521695,3.0234190671858747,501.4387756115571,22.091411260541733,536.1795667981353,0.0
73.32653949790722,1.8953498616188718,399.2375925977299,23.844335731106504,455.8583671768272,84.242
3.039134077390286,3.956450308533192,437.0610798838531,25.172512167478722,473.9336035436178,0.0
11.992917942062215,2.3069172003033347,466.4770576640923,25.32565483318661,550.1425474062778,0.0
68.57731291208236,2.3826087214616876,385.4691986094422,3.3539480529259844,461.39896897726567,19.153
15.865425572296438,3.2406447860921856,501.8073249503688,16.668551381590543,429.47539280644867,0.0
67.70240229729986,3.4271033035378125,484.2626300685215,16.933037442507914,445.8400320169545,0.0
21.289759813990933,3.8958184711191044,451.71957154603314,13.405249685111022,364.45161102165946,90.657
25.12335093898018,2.9581665396604344,486.71521461169027,17.769856004461154,437.8870186234526,0.0
4.404322951343503,3.8176470098788227,372.12729148605865,19.82492908970631,525.4139845349404,0.0
27.274859138554085,2.616341442913075,411.6026948706601,5.123180509877911,470.5743201577608,84.454
48.484140180895935,1.3304353837284646,367.7830301631349,6.238327262360721,378.15082552519215,19.453
81.92524940695859,0.653099345060485,480.9004515968171,13.737511873044102,556.5313790020117,0.0
17.742229979336244,2.235590126615209,356.82360546092235,2.096499255575721,544.099226773698,40.813
2.187635643953647,3.337764609917873,475.0936113792267,17.52651636612129,382.19855819158937,0.0
27.70476772446486,2.987070553112946,415.9774193844728,4.7806648095430955,448.4880811394075,79.595
38.23727480791778,1.9968391356430124,349.93583168218595,12.371370769077037,462.04891578954766,78.272
74.1589357445939,0.6554440678129003,492.2118809352695,17.61493940160756,528.6391824409687,0.0
45.89846090263778,3.9464906469364367,465.79614660418514,3.011843247945988,437.10752064765893,79.318
47.693379116537905,1.7217420888002701,383.414060505387,23.49300849307755,442.2695376145035,81.367
29.725715265040463,2.4006536449169626,452.2659567316148,19.606294218993355,380.1980029455807,83.161
40.36823813676698,2.8768127388842024,487.71929190508314,25.12689233025797,403.1177817309844,0.0
21.804697613826214,1.2507077430084843,370.30832195663805,6.178674863192595,552.6358019478516,0.189
69.4048883294721,1.2835410214576726,349.7047709353889,20.385776277474047,473.52237874141065,80.267
28.021992532361025,1.3256207998760687,377.7036839745835,7.136340002774734,370.2262228995277,40.747
16.088402433318194,0.8477462732194709,423.17142711083227,2.3137905777133465,445.33068571355943,84.158
41.01448394925185,0.36601024748679006,391.7084437309142,20.770916698549986,399.8512605629063,90.117
28.38406805935889,0.3834099446751086,405.81511638750396,10.563573602557115,409.649154466293,89.5
3.1325463762422645,2.3278837142140776,456.6705250605356,17.521392997658197,343.8947638952946,100.0
68.27991549837948,2.920779183582227,379.4617350945353,3.66130412499545,391.25832703404893,13.41
25.869177942642246,3.079728999268096,404.8130953456226,19.1430413258785,343.3426619424897,62.962
64.8820988058649,2.7049777394337178,389.412488978475,2.6153079322017483,537.8577670514782,21.233
14.69517720142888,2.1171004772935373,347.670108619798,20.480686763220692,535.0415658973827,0.0
4.7634818472411045,1.994492542499274,455.32671138635516,23.930261096407182,342.94979811111637,100.0
72.15686316751743,2.1079571717739034,379.9303315265624,11.00171011821005,384.15178501097904,32.141
38.67374171875195,2.5340499598665795,495.20087321453104,1.1140720681652312,356.0600794422682,13.056
7.691785739692249,2.7010162139679363,402.6304838113878,5.760139621581703,416.3610919390919,82.771
59.46222190814993,3.5192294263928936,356.86986211829577,25.079962507937474,379.92082512271855,39.937
12.926953044289924,3.441620016804896,384.6855871178455,5.747187298999915,526.8194773625493,0.0
42.69443597456552,2.423500288716392,421.27873183902017,20.421011039985252,529.7093301454574,0.0
14.390091455243118,1.805623017416429,475.2183839038886,19.757020802926345,541.9344331126138,0.0
50.77501794611,1.0630822769078137,482.00861110813634,6.935956044325525,444.82128187615996,0.063
23.21575412596505,0.38246176387984465,487.0132401216041,20.274606089490497,513.1627430394125,0.0
58.268891500246994,3.7692310837042804,467.14727875119877,14.113987623229143,371.11992466545445,82.945
48.983872591596544,0.6655212386445098,390.168678017805,19.972334329045044,522.0822048950372,0.014
63.04572576678219,2.5515453184570567,460.5098838258245,1.6872224239434663,433.09729061693537,63.804
44.30608751209311,1.2011193976636396,428.6041985916241,7.187531255355811,383.72685365928737,81.483
8.950035905025599,3.3637389219819456,351.9220450653455,16.19230604518834,483.8290396211664,0.0
2.09635804287369,2.7326626816673594,412.9529399977083,24.10047749808874,538.3967847302499,0.0
50.3272105680604,1.2713308859739527,445.5821894080887,25.79848847560851,349.79392520650117,89.005
50.09453337175408,2.144460725050134,407.85644673229706,16.436297109427613,491.6143883272425,0.0
8.880379837452033,0.405317616879799,462.0956071849164,16.036335367294345,519.0123379278141,0.0
2.7534113578416,0.9844904139011582,440.34584182854974,4.178784493574082,524.2086544754596,0.0
34.999940417885085,3.108974516794018,457.0524589298875,18.939810513108124,490.74054332680805,0.0
72.04242555897684,3.4919166467750187,462.5910837458609,3.035562716219216,546.1868450959396,75.198
13.069650923498905,3.312380087005566,486.8730033097198,14.178624263897042,397.2928380846836,0.0
49.978053816184094,2.1596501684687395,415.87825272757925,18.80668777156938,529.6442040832205,0.0
80.93334338859705,1.278012426278805,397.61311891810817,23.18138575797643,447.6347810457413,87.339
54.22532531632129,3.4526178408774713,378.43324659202483,24.032539103334724,538.043244578519,0.0
65.01931712418133,0.6581607909374085,500.92726676239704,21.494282145181742,377.5835093471384,0.072
70.58362315750372,3.5332991597067984,345.22331267688736,1.9183783638456549,415.15456869343234,1.584
26.749863800613596,2.426903662022108,459.5727626655118,24.542801246468393,367.67098311930425,81.722
33.61694639159261,3.224883231695333,422.92283236778417,14.165962605679152,494.46480766692844,0.0
54.842697393078026,3.72200051319964,467.96280328315277,19.3332794085201,503.7383431970643,0.0
66.64788796234859,0.6081288841269524,430.0294935876403,7.57846150125958,457.8052424315482,82.505
70.42081623960343,3.287538612801747,355.63950380572896,2.4756007078711777,423.23374638415413,3.61
43.55745018202605,0.4687814700406299,406.3407509605377,4.958366061747393,455.3452181256047,71.634
61.47491497248839,3.7659716832899224,463.1049502079879,17.44778655104051,431.5789706052599,0.0
17.063277280961756,2.602540083789638,377.5457202836877,8.003739474810958,361.97446994124874,48.059
76.18996831455009,1.3456286850312815,461.0095211421387,10.920902131521036,504.16696208476816,0.023
36.66624245243924,0.8026805637511918,445.4492159904307,1.2994902939651847,478.42109054270963,67.796
81.71544176419006,1.7269373033300193,415.1100251876319,6.350457364510126,484.6819738051806,63.654
31.14184694616477,2.5541496345372128,474.97706176315353,22.337550685380272,393.5911640112349,0.0
38.633212273775264,2.538531750887375,419.4399482732175,6.908379498411392,365.4507885053447,65.621
15.185228362395112,1.1347194467262165,366.57078290532087,22.57221208951136,352.1409439096685,69.128
13.737212288794742,2.981429292498021,423.34990403964315,10.772492605796716,452.0733085034056,0.0
77.01934976323615,3.759050901286464,365.61265537063645,3.515572226865981,482.16602441925005,8.98
48.77506450530457,4.074630528788661,430.53889920629064,15.91656647315994,493.6407399515982,0.0
13.75703014066206,2.575502679720837,372.3631711245197,18.4822011608529,478.6217609508404,0.0
50.161454676844606,3.438081110531244,386.07741392928006,12.939887528692749,422.5076663644397,63.334
68.3890508133335,3.4009686860611152,457.28943658710045,18.758853690578157,549.4743889263495,0.0
55.471940047493824,1.0588781708061903,409.0339918536773,9.578434695883752,449.88949584008833,83.117
62.45352654035576,1.1754694568395858,494.9796619038588,6.011741818881964,435.3689021404241,0.001
12.223734326160434,2.508498170795134,429.64974812641304,13.90780438284828,356.75807168006156,90.747
59.8472123660904,2.506379118208212,411.82338389889867,20.21589254505282,411.30130215935526,87.01
54.6450718295959,2.365734007491703,381.98442711595885,11.205487639491515,416.4872857818625,52.519
71.29523023998772,3.2355751241860484,352.640659230307,19.520198634302567,395.8183968632919,30.555
22.29653172476035,3.12629303297245,414.1745871386716,9.776426173076988,444.0015341068096,57.225
7.229976014036386,3.6036837843920795,435.67862889658426,13.574446244851664,443.93621377786627,0.0
72.77777463392263,4.022505031406746,502.3014568451814,18.37964786767948,546.0911281539388,0.0
47.64188769713681,1.5076698223500493,398.7886445847796,6.603423763155475,374.1808220859248,46.601
67.04761127172537,1.8410801204264904,366.46008914648604,17.692890331304827,549.900144716277,1.225
14.815560412465757,2.109946844899823,397.91852747999224,24.662487989818977,480.71006388325077,0.0
15.665878879918429,1.4204607396722189,483.1783112799849,14.499561969187006,527.7392740710691,0.0
39.26408541444787,3.9716387779181677,491.14282831359276,25.824298618834284,550.677390145159,0.0
41.0045385127149,1.7308630712969357,454.7722899049405,3.7051867028033447,531.3587868256029,16.187
44.55745520995346,3.2063800185314335,386.6589572576482,11.994119437430106,404.08050945166804,58.408
30.205757952859628,1.2743780035225,503.40435016065453,17.040630447271123,537.0232504278802,0.0
31.06996038957741,3.279048278159474,416.9826514588472,11.139738976771435,374.52441635499497,75.661
30.981412733090643,0.45083243804047257,481.8906689645223,14.723498700412089,348.5223770502241,28.551
76.76954073293135,1.443428367748845,427.03648465937664,7.7209804292967315,360.55054504461316,65.946
52.64479734977891,3.2456340311350096,376.92238559210824,0.8938781967754695,546.8285381224125,5.044
62.260780852440675,1.930679766046413,480.9773615112739,21.801681293775385,551.2399139097943,0.0
19.681963130770264,2.4755142394058653,388.267688015605,19.438714301474477,516.6239575385165,0.0
80.29224540871662,3.383495710562313,500.8668799793587,20.479979435782138,369.96817879304916,0.0
26.088942339433586,2.0308703324253217,367.4564013457161,15.63560443322401,544.1904536926422,0.0
17.867426299995998,2.9058542449530833,487.7628840212506,18.415291968261812,414.84631384095445,0.0
44.89853897170114,1.0423792064729482,451.5471238664363,20.625421322810627,373.8920602873945,78.989
13.423066980236756,2.5035193804698608,417.5969219396786,25.38317066142406,348.1976102332012,87.922
28.177113930343943,2.98024729579338,394.64559728301015,4.903071161582844,510.7982379264106,80.807
63.16974050450936,2.0894616920781055,436.5714177152007,20.070076987827942,471.1416245882183,0.0
33.64379738908015,2.34010288831445,473.1847504584679,17.123379627337044,514.743751608466,0.0
31.504909495909907,1.2399667496328497,433.792478564167,25.456966845958373,483.31726269333626,0.0
39.01744695141764,4.140744223667465,383.8288901486509,11.93162823447522,514.0714278159919,0.0
39.6131561084582,3.033827465858915,371.83756924918066,1.228781873684489,378.24644775799294,5.809
26.861611079026773,2.3982223596162586,381.7360542736963,23.377384641149863,556.6197624974998,0.0
26.68672192955527,0.7014466140704971,485.5043246138902,13.123923684089855,515.9943743523442,0.0
27.72293623807544,0.6624404800785788,463.0663413564935,13.722656052541787,442.9137961397139,1.058
30.88980896277264,1.0031724724530193,363.61600811331306,11.955499582447327,404.6988113723367,66.843
15.6975175796923,2.2287432878950058,380.57224600671736,20.437995837243943,454.8580339703136,0.0
4.5669758503201745,2.452230276236654,435.82678391302426,16.731324172163,375.7550174307845,87.379
11.724951363734768,2.564407133552582,360.5024618218828,16.753518455437558,441.46782565131923,0.0
63.66120895118269,1.7655316668453693,503.829976147564,7.262448379378197,441.8109337890176,0.0
51.40589445420292,3.188139005559153,444.34645790914374,20.98432376287827,470.9159436621202,0.0
59.201847933339515,0.5032646354533953,382.2298019291689,25.95595381163293,491.93217883798604,9.658
49.033080938321085,1.9651267721111672,426.50025660786156,22.89938656085324,506.42160454353865,0.0
32.912430653162076,0.37602968195645814,432.91302700957635,2.0632097374639633,407.0657384534728,70.684
78.85294500253713,2.407514502470587,454.68088751516063,9.976832974918613,479.0854842618352,4.091
22.22380095945705,1.530801731414857,394.52623938613056,20.040180371234754,348.02353129321716,67.83
80.42090483298928,3.330093290818049,456.74292006110005,10.283759337968092,542.2821905989696,0.0
56.55306891979195,2.01586154144606,499.6727763836898,0.9035815984660245,457.35528636880144,45.834
48.92788959308516,3.9601866319949393,483.41931243550044,9.397660491092452,505.87094430132004,0.0
62.287936426942956,3.492044084941074,385.10584316009835,4.591107995528053,377.5151596367241,19.496
43.11273976796121,0.724585924225915,403.24468859357705,4.9475969901629995,370.82061926828925,48.887
48.46124016234172,1.1939730645755597,441.7644386816362,2.9289954446352864,557.0101633870797,76.921
75.4230903805571,2.022036016203127,415.74232023272623,10.583615599969237,506.79831975439595,83.144
68.47510061612515,0.5855180910391937,412.6954399166984,13.539378363126504,467.4616593870134,82.248
71.64957273982401,0.6131933077179514,469.54662331135165,16.810294316012396,502.27042299187593,0.002
70.24781707950723,2.447239907214677,438.8596304214977,15.747911836997803,546.5996961333702,0.0
4.3228910932970965,3.0924584536547717,345.80439684888,18.7413664843949,477.1159681385559,0.0
50.566259506694294,2.572247097027827,459.6484576061614,3.0555839008600927,539.0777723833462,67.78
52.05463350958455,0.9036745522918727,393.2378675207973,8.86603210675975,480.49477378720724,80.734
3.2582344253500484,1.678062524950838,459.71434041825034,21.814149610251675,408.9573033804687,0.0
20.386510021298633,0.938575573650653,438.4680289477709,9.601180768351899,343.1247820964827,88.61
72.48550937349597,1.5995002759932606,416.11195777737737,9.334357549415643,516.6058548949525,82.286
54.86289608702179,3.899652427437505,480.9494038504051,10.266877214080537,490.12379039337145,0.0
56.163903401223074,2.335843060563497,473.5973160909971,5.9377862130293435,555.0000404269695,0.0
76.54596149560018,3.768753734350399,396.9404902353098,17.353262282062005,424.01742990025264,65.442
22.25026798820955,2.4333222132140837,412.903038807713,18.582194953296163,509.8643678977827,0.0
9.247758265435959,2.8754674284485855,472.04199272826884,12.832042258950132,535.7270857752488,0.0
13.281877474009697,2.5673497587022522,480.4849047374728,21.16067936799741,469.35932682841553,0.0
79.80381956599743,3.1210047168234483,441.71639321228724,10.321398932054427,547.1385869852359,0.0
26.794434593455136,0.727678002545658,357.056752366302,5.24057128690096,497.8876203481961,69.708
74.97145994002078,2.9858991293833914,383.2427207630001,12.080125543412555,410.4727799852959,40.942
43.47492613726631,2.306066092500766,351.6575351024822,11.69672342791571,355.66570261008826,17.025
5.354592438280931,0.46583746448837715,480.1058286394665,17.02674697706425,439.9710986480764,0.0
24.87697999616875,2.9167192499740984,438.77303047387596,1.6396631645430628,394.47442316736164,64.342
61.94405291826086,2.104883098686955,422.683431077606,20.33046443657692,395.8507967110055,88.007
60.88427608650811,2.418465681372019,351.9072644433548,13.490932943919395,510.63778787106116,72.744
46.21048925578487,2.7308618341232282,417.62311514441575,25.39955590311246,434.5239210899906,3.188
78.52432359891286,1.4407659857286106,445.832884306,19.426982844316196,426.0627656072354,62.565
82.80273864625136,1.852966420007455,486.4727546872497,2.2018219919487,419.2528414857611,60.616
72.59021570531864,2.4712202124972933,446.66885830636954,3.8025179137010303,470.42218401819866,72.488
27.19488286531724,3.4317920150551195,386.6127261073345,8.100511706240605,392.76662378288404,55.871
65.18757399342859,2.5736720919332137,425.8347529520106,4.231366310510006,459.97392949874177,60.522
22.663775111344044,1.3489941316782925,376.19903072675265,20.300573781789673,525.6484841281126,0.0
24.511732181142534,1.9050564087874933,348.9254701353292,8.03756513562514,544.5998101686425,0.0
22.461045249696575,0.7042793939190277,468.6048830477313,4.96659401741557,547.4050861369609,0.0
55.66538645367062,1.0436531052453386,393.1265992780412,25.783583367747504,483.96570341554707,0.63
79.86758060850185,3.0730536483707076,367.27259755845455,6.278538995970969,404.9810722784497,13.119
38.72257294583088,0.650631435527395,427.0531834323042,25.016391396076145,433.2981368995498,33.978
31.424422327591373,1.1675135093709057,430.83149435242456,24.227955151009144,555.8794323471888,0.0
61.66127268654706,1.515118567764076,379.60797473370263,7.091650816736372,474.73791999438527,44.983
69.28474402371837,3.3214479404719737,361.9989672167083,4.420541391423857,450.97792190335036,10.632
56.98258815945097,3.1168186630811388,376.89357426510395,13.875017167062374,344.9613253316358,26.932
31.106018773601896,2.56071127844764,497.4311323122538,12.419866081865074,474.7972704123938,0.0
75.12348857111162,3.798791941718321,365.00848868957434,10.275414433008443,422.8032021496597,23.956
49.075633137613565,0.6782519347060791,420.58949082819555,10.23135914196322,426.4674451521745,86.419
3.2487577815644197,1.2785812102823444,477.9421745125612,18.6636536537037,499.677698261301,0.0
42.63841986973817,3.160696521900689,444.7300977048425,1.250757531833289,347.65619180744716,47.405
49.67993466874786,3.3133394418328233,374.9090904878325,25.256921901619776,543.2618588190744,0.0
13.26380531236132,1.9744942838364468,462.94480795137656,2.2374677848412237,485.31174903703186,0.0
56.830750500248854,2.517803391089382,473.7404956020406,24.11968248677161,538.2482989614102,0.0
68.31680864130244,3.4333714446974497,418.68314107405854,8.884977332790672,434.71952808753827,68.202
50.37084056668281,2.223389612649134,418.43912813478175,12.619274260037049,426.01395010155886,87.099
56.40242842425493,0.5711920690822061,390.3598126303027,17.589464664466714,480.31447976740844,66.321
27.216358903040742,2.3673022788846816,491.7413679340124,25.983867529157433,426.65301993388243,0.0
28.367817302452714,3.0205372582528778,501.0829577876431,21.260864093060015,532.3750935920971,0.0
11.841993386203029,2.9633922277825087,447.6563782377682,25.835867545275427,413.3988554225235,0.0
79.78128317624494,3.1515463870087186,380.79131339138354,24.70361776535054,457.07900427417223,83.522
83.22958185191203,1.338564237191179,393.37027130812385,20.372553691868422,381.9355328939669,59.652
2.503980176634509,3.355062841492634,406.92626162446015,3.2014882757314265,547.9344295181537,0.0
26.149424234771296,3.4489379281741517,441.06146448354787,9.126295550341071,508.8075021765635,0.0
24.43092425779424,4.079112526688321,401.87052268584506,14.70941878647056,530.0696461821757,0.0
56.8948195104854,1.3535468611203667,491.6322142510635,6.863760615367075,540.3975066488938,0.0
26.5349594982629,4.03048734757627,400.29794639864923,23.217588949322696,453.3218213655742,0.0
71.19887971361894,3.9581975457119114,440.62412283401005,5.987710975158919,534.7933789605311,79.552
4.868636249206124,3.088960609801568,466.84055968217865,13.937413638831341,548.6207031501323,0.0
48.181284069758725,2.048574382449136,438.01815282455345,25.61447856578071,447.3101135615815,0.0
73.61809275248712,2.60753702241808,430.31354911799485,1.8441636522191218,462.5201645483122,37.274
67.66247597602798,3.2894890477244534,498.4935857969083,18.50919501193427,551.4650449869836,0.0
22.077047690814226,1.1900466438900574,395.3558889902911,15.288210985303566,546.7115265410309,0.0
33.32838405875264,0.46379496008886767,414.8435723320788,13.41415760680116,423.5962776277859,81.264
27.328727573144747,1.3070355153583317,482.2192353091908,11.200338406822171,363.28790085242343,2.838
78.34705308971787,0.7514917317044327,402.97222863128263,22.259116031888123,427.2037892403459,87.757
18.69527160229466,0.40404904094588606,467.9399084084817,19.406440055494613,537.1490937322567,0.0
54.34657705171715,2.062026752855112,402.43939033256373,9.332612289751147,541.0767771418157,74.176
42.71508476664025,3.1465436112154053,417.4961879517925,4.424299782472252,438.8320335237081,62.34
67.48822158806409,2.375927177712174,421.8243011568703,6.115860632386635,537.7875619872266,77.849
43.68245948555703,2.9726480612141453,463.7332608903796,22.876689671222376,410.8402151213161,0.0
41.317863399297735,3.7712320752921027,486.0436142327825,10.863942486384605,412.4322129515199,0.0
33.52489273550653,3.666251407992861,401.8509601061126,13.012399926010247,527.2356884903278,0.0
44.48422159631189,1.5599102865067351,455.65154835527744,3.3020799395668385,515.2253454612876,60.346
53.03262588027776,2.615275523554824,377.63241891198413,8.667935080011024,441.68541650265655,46.841
2.2964744086362185,3.5952288277553746,405.6270752271281,16.36124828552252,388.28496394735924,53.476
2.1160642287700364,0.6772304147779595,440.730800183214,9.67185032586812,403.26406163076746,36.448
25.210131673966195,3.2027863448207756,501.88252147818383,8.642925250342874,547.0238783110022,0.0
25.581545453559485,1.8829226210281367,476.8225758204046,18.280832379054306,555.3064022182305,0.0
44.10149371054928,0.726179725369348,425.77625400211014,23.19028733213463,546.980380649243,0.0
35.87418446933639,1.3374850870599557,411.395653636517,10.001981837068433,404.8033611979168,85.391
74.37558169093843,3.4219353099056318,411.2203427377865,15.793794251919342,447.86785753631597,81.191
23.700746966158988,4.068446327028338,500.1795870102749,8.26964972502632,515.6603170450944,0.0
6.088849988439076,1.112611170217714,443.3053648473087,3.7697903241784925,388.30812451918734,79.377
66.068800046523,0.5139457307302588,497.3562973378256,6.773171070042847,359.94757284650774,3.81
13.558349457502572,0.7724428403065664,387.07505794710744,21.605826505173535,441.94040786793084,0.984
37.95237428419034,2.3127602708603665,388.31874833766574,23.98101760515937,532.599451074527,0.0
38.103440704222216,2.7896781498631777,419.13444352676004,15.849379173505204,534.1233067011813,0.0
6.886301395779176,4.078587037566024,413.0513105668781,26.07009604693358,453.5907713382941,0.0
15.964112966808788,3.850442630829094,498.07163095806754,17.316203632050783,406.64245914087746,0.0
32.4353377624715,2.253320320316414,400.50937985620385,9.724878718825819,365.4898831227962,60.045
54.44933538550562,0.4308067426334089,348.14368193719145,12.206521609794882,516.384900818083,81.039
26.92786856450391,2.0851923788013242,344.8063232888343,18.67676150146219,533.653650185589,0.0
8.429429779345702,3.698885615625011,390.92256162500473,2.406365570898319,535.5214443290022,0.0
13.95508259941092,0.371874869597152,426.63723283571153,11.951536628428844,370.13575771838043,91.585
72.54930644567546,2.0927761916948486,478.3220607694358,3.679943832790941,459.90950407440323,21.789
52.59544783488649,3.2161457425522557,415.02850969054003,6.220382596907042,540.7945299025005,80.251
40.21394632419099,1.7531003620209495,358.8899700456642,9.740859224913969,463.89683248965827,66.342
30.77818463418823,4.058774783258462,468.15004973550526,18.574755969655687,397.8851520247116,0.0
51.79448209893502,4.00306004967874,429.51761209370557,4.8031129522924845,434.8158035266648,64.785
80.74501185657063,0.7858012775600545,460.62564172262205,20.60446312224889,464.8648506741642,0.966
13.012104001956436,3.6603367818718633,411.80857124455434,16.537015478747445,359.8654879056397,85.317
61.4948473809237,1.8626533876890523,475.2064144904374,2.3567178766816523,379.7667430624166,73.04
63.13527888045294,1.523651870669338,490.02136593667024,0.915178491052341,501.85987903921284,63.785
29.193853211850367,0.40274784871289576,390.6559814801319,1.954101101273146,531.2712679769727,43.972
29.17283828979228,3.9371641227277463,381.2949537200939,15.306888256134034,396.55986837673987,73.149
26.417708916655926,2.7544822013337456,409.0587937259373,3.993642966976008,532.0307719676092,82.805
29.246315966866334,1.7339385794760602,473.62595228741975,22.47163933910437,404.4321128012217,0.016
68.7903021904865,2.126172460647807,378.6634875042988,5.692632007010812,545.3580437387279,39.755
28.865418635887558,3.996261184737754,486.16087889289224,12.908288238710034,545.0647450419712,0.0
64.90774937136196,3.000920578189973,457.69414004776775,23.68103953680576,350.05151507743517,88.031
65.84988131389194,2.1373346682763534,402.286524865405,23.222205442538648,456.61854579087895,77.879
66.04049269113709,1.4933863209004703,414.58680000031563,9.687305403864894,386.50098009883976,67.198
42.44054821934135,0.47762954100069754,469.1708642657557,26.078494767244184,370.87643014027867,45.211
32.276676469528944,3.269879742884535,488.98795735139527,24.564616469472547,453.9037227944491,0.0
12.63765546768624,4.043824218830656,505.5946612586785,3.099732727277833,519.9111027966499,0.0
14.479601900346042,0.4234933149942092,471.5160942377482,7.653162169029749,555.3948240750017,0.0
62.32752615457485,2.1305782315297908,384.10933840793655,9.249403680041524,357.3559477702571,29.202
59.080042365105804,0.9046329672077842,453.86356937866435,10.81125305469774,465.6641163114901,14.887
62.800196843333424,3.719919375983589,347.2839202956864,20.89525114632131,442.8438264670182,60.385
76.43183183968327,3.688507228134214,445.86489230026916,1.9471740136368485,350.9836797449187,43.944
10.82957956502475,2.965558725412834,428.8266539027802,12.595451497356258,403.76876523615334,68.915
46.824790892595274,0.35552662816658803,490.7167609738759,2.92579925689211,547.3516531005921,1.284
6.1511438212719245,1.5729301523803065,401.20239821692235,20.973685418789707,543.6295501418672,0.0
38.47033874977808,0.7599736694783246,396.6476439152222,25.092244570736767,421.7419883079903,79.072
75.49272486850268,1.0910177350028682,442.78085915384236,16.157728157549002,422.3670000991394,74.053
18.18454997870179,3.381225652690662,395.94316665905154,6.472990671855626,373.59578878990874,59.142
11.788940145411118,0.7252489681845413,478.2679326842624,21.333315479163225,365.6098856558962,52.705
17.82711295255772,1.37764850191,454.72700820848024,15.480439510556183,386.2896210642392,64.841
19.730580293220086,0.5343008262280676,401.80457465181354,7.979743498853673,393.9666131456198,87.825
71.72856136328396,1.3864692895257136,350.78777741079045,19.35478691292445,346.0668218647655,14.779
50.969257512686504,1.5696847721101674,445.1331225804055,22.53200699497495,456.13795562772594,0.005
3.351880877094874,3.6320056517783215,367.87787397676095,11.308913772954163,544.6555354412326,0.0
20.68976843130166,1.0247354647998088,348.58234982661634,10.845127877784938,400.5649348081851,70.628
59.30949944306913,1.5578331362371522,501.2263142682127,10.652039068937267,349.7124992634226,0.0
57.11946874496254,0.3923268918526094,348.57840488749457,10.38623393277883,421.13211863881486,26.077
70.49117269566959,2.903904634280013,443.58756849225153,6.3160500602248115,519.2626947399351,79.906
46.96075134421024,3.6444580548047125,440.46793780989776,20.189398918144914,359.5672667114842,85.0
24.69174758123487,3.719032644786499,367.3015789772312,12.61046533126204,554.5583492175457,0.0
20.622095580700396,0.8461548295540046,376.82711667470505,2.8950299588328283,509.7550258487461,66.666
33.212800678660486,1.40144723275887,393.8415247668326,13.049270168023016,479.2733042528741,8.263
82.46766390387464,1.533728600430984,492.32138081995674,6.750734625049978,379.3099599913762,0.016
36.92187723410753,1.4463849214208082,355.8393738204066,21.14333446482029,509.38154005495994,0.0
65.27201517215121,3.1651513963177065,468.2160453131593,16.851040907621062,515.8316886220077,0.0
25.834419209683162,1.1280826884474224,504.7924838278551,20.662681359957922,393.9117354261626,0.0
6.346293511137968,3.254384772715065,419.8545695149305,13.812185434950882,483.48327386936955,0.0
35.54548095651394,2.1834770783959114,496.3867586894312,15.588861532106156,547.9791613366724,0.0
68.65062485470506,0.3801816213531294,494.22092265939386,25.106636636796907,446.04209002552756,0.004
18.576475919042913,1.500681276740278,497.7845736585807,8.891797904341283,496.88539218998307,0.0
6.192499444164072,1.6678738612292068,359.2178265335966,13.510618242308315,384.8718307876464,92.415
40.377086299995106,1.7578485990852926,409.34563345664134,25.86829611232838,552.0119216733003,0.0
2.8465883513571093,2.5500089686751664,403.6162818444401,23.12056634000481,425.73105775129784,0.0
53.810124840669296,3.741550580025105,384.9472279955166,25.757266884945484,510.09632876217154,0.0
70.54224991650852,2.176218683592896,433.5563952304623,25.971963566894477,391.1983123055799,89.684
59.57836827154999,1.5877322398924587,501.9922567021889,13.635026832510807,458.7463116541907,0.0
59.193602383943066,2.314480900225685,477.79655267405406,13.746376294133508,347.5772766952047,10.314
80.19405205429545,2.1835321933121983,496.28042417692825,24.47005593413586,542.0754861797959,0.0
78.81740098587528,2.5610188510009135,494.16170362152707,12.691748340825223,471.984115363755,0.0
73.45785517220997,2.876192665341042,358.36261569705175,10.729089436221834,524.3554556205288,49.087
22.66730652179058,2.526035676462395,478.21435032960983,21.066140476360438,514.3575426507929,0.0
51.33416782743275,1.5723732351130746,350.25965267493723,7.885052680759328,389.1242626109576,14.209
2.6653142065613906,3.3012176318618187,487.88500417076045,1.966380947994508,545.1742685272931,0.0
23.313813651588454,2.315459539921253,377.3381211099887,6.6798671135726755,426.96932209261536,68.785
75.97447633984743,0.7631154883670419,418.46024884719765,7.362573987732632,354.4828590220704,58.58
32.73979455868617,2.081355754559235,414.48647335066335,9.233426331686386,455.56704424965744,81.499
22.689557791798038,3.534832565589373,499.9665811281791,2.2764385497233617,517.853724125302,0.0
24.143638722717384,1.2024778468207438,354.9096647299366,19.36817090160606,368.1861323298917,61.228
42.83873418787676,2.0456312216084203,352.5171599657992,10.679215612704489,496.28596281388644,77.373
39.77442506733401,0.5279694740046118,439.17425883188406,20.463258213124902,372.50429627094934,86.831
29.313962796839917,3.8189109713119733,486.1257635120252,10.587272592770038,440.55047805763894,0.0
44.08518320609717,1.2298574547058154,397.1711292684698,25.89263475394999,397.36976469054304,91.096
36.21138791333961,1.340488916490127,447.5522559687589,16.803916921786062,532.2679931925966,0.0
81.5027799625403,3.2929013470900927,388.64403349589264,2.014092654807072,418.16945106399766,9.822
82.14667532223737,1.4684947662442638,482.63412858242737,2.7410103225214257,554.914049385522,25.016
14.616432447454503,1.935339366484906,443.78667609405346,21.86276519590193,500.07899361864463,0.0
4.010501621631182,1.5904523674503723,427.4410117441782,6.392726645236552,361.3224163544529,93.96
22.898093191292446,1.4245634398025464,428.4231248024247,4.220759248304262,375.1188960240235,81.048
33.83808377643945,1.8449998638281055,397.90735031488356,4.172044825274525,388.8383358774611,44.819
77.25899260872548,1.583320257010079,374.58827165828734,19.98665782557469,513.3896289395857,76.154
75.60978417276834,0.41609154036337237,415.8495056638909,22.073843731514728,361.9999303085249,80.862
12.622365828905629,2.743081129119325,408.2721974407875,3.9794717175524346,385.54568876527816,73.771
72.36667858831073,2.855164469587159,400.0527801315562,14.107682010758936,471.8736379939886,80.195
52.529631944888074,1.1509148637851192,367.94873172712727,10.31586645493205,460.5536796973621,61.093
46.857268500820666,0.668987548682213,349.9542319849162,17.810339834958434,488.43388604620236,69.471
34.340558704976395,1.3114497738113546,456.5070706977316,23.565312068529252,394.7576761858942,50.476
17.708237283196688,2.9893150035614164,504.80884465895986,8.089061378624617,363.23960081462656,0.0
50.744790306410735,1.4939130249761057,452.0759314348336,2.506509429717136,348.8484624721596,71.631
65.65142248210107,2.8053862299678127,465.4859820298866,13.495907176441875,374.78564995488586,75.832
67.92741825892152,2.5629650490406934,442.3368046805467,23.32752170381243,443.04991788347473,0.0
68.32283593878569,0.952064067449682,488.4923339900565,11.177947687561657,407.1712090761756,0.14
27.118097596423745,0.9901797249499478,359.6972403610241,8.771910452634515,465.2805790349446,85.861
17.360465743373048,2.2629145134864306,486.7456246655195,3.466900451068092,420.6137101838931,0.0
4.277937509259775,1.2646371351515042,470.9039903987617,21.60848940302808,489.0954442368767,0.0
69.32444437264694,2.886196369824397,447.10230220505713,20.129641647591434,349.0079813680833,85.39
74.20950666180106,1.9704397327105414,394.5835834772314,21.280306266952618,520.8377442549349,0.0
57.520238963255906,0.5848568109553982,415.6834857195779,24.38370242999416,346.86896071531083,78.904
58.865676344491106,3.244531310209763,502.09856540533826,6.261870717772204,391.7513365308068,0.0
81.46225233430916,1.8833320026426335,385.6490251370461,5.254301447196217,492.2287809953659,29.22
6.103415060270913,2.5810271629768775,397.1311785856968,12.917571574751085,420.5767163970404,0.026
39.18772835227517,2.5781760077994185,347.74555638029364,5.133251351182571,458.36486782379353,19.906
7.534312346448802,3.485424750165321,444.1645631608087,17.714440813482685,434.13745522753686,0.0
52.43177793956895,3.1832573616074615,497.6699100845124,22.80115703777758,372.2002867657985,0.0
10.472477915925001,2.3091642254260747,351.69144028861376,13.619093989919048,429.17229212869125,0.023
70.67897204466745,3.2964894315767506,444.63975814664053,25.789220801893066,506.4851581551902,0.0
40.18999959385718,2.295716920168241,468.82016899135147,24.212412026647694,440.24140600906674,0.0
63.68293598967409,0.7937658746899103,465.2988184210845,7.826220290124675,520.1206647876196,0.77
48.56951989021159,2.8594846892784807,418.77027933731654,17.096378174054767,505.9899643906419,0.0
13.336825000093889,3.874009558240933,358.1486329554122,23.316998917369713,553.6752537174386,0.0
2.5314372238979796,0.3844898218118302,437.82295008968737,16.055117126570167,353.3302933125511,100.0
80.77758386442943,2.9621802949143192,351.25258919140106,14.987620335160623,439.6467061836819,30.483
9.867014633987344,2.8095529821582863,465.4533327989868,17.985369715767437,449.962504618117,0.0
3.9873289927699926,1.528486196147211,398.40142384745553,8.078536317443882,380.3856416783534,93.109
8.472278604476415,0.9003415901128267,489.31127604588767,11.999827257938232,378.763184684882,0.0
62.76957680328029,3.6127026481131,476.7776456979211,24.48364463267278,500.99830376125453,0.0
7.143481019840875,1.0295371735136776,458.73527657258757,14.967837512438694,447.9122172337594,0.0
53.22541718645587,2.7984847607347,445.4790564895627,10.207140973988764,515.8955300253452,0.0
12.806547888360146,3.2917389450421246,496.41432098838806,3.1443669285094282,548.7734331923978,0.0
1.7454013004457887,2.868288823875671,454.8181085529906,3.4289768044466697,548.3875291557594,0.0
21.671190454435603,3.954557876432894,350.66184551473214,1.8544065654531068,556.7098714139487,19.654
45.785338588831245,1.0391169070350288,463.00652201377227,3.6370728381673363,495.23101148102717,36.989
43.42621226361372,0.48401125861655747,347.5845957308161,20.781626811678013,393.9956476715369,60.858
66.88400634079395,1.441228363148817,427.50618291565854,6.8679843104462766,539.2362895030913,78.08
73.6326203358377,3.8857452411130065,487.0456629680157,14.335502540276051,540.7571986099258,0.0
60.904400783264435,3.433758738144097,360.13352451881167,1.9353258749390987,352.9882648262742,3.309
79.51672336712531,1.2372208558259574,490.6680007523011,8.494742211666653,476.0245885321564,0.0
67.628607752005,2.2873817201811546,450.37964789054377,8.328520313058718,374.9353758266327,83.233
43.0733785245401,3.2907089755162056,427.1505064368643,15.405114870251472,556.2379184413378,0.0
31.240340758666257,3.071986499587022,498.2602557682634,9.51333414569098,504.46687792213856,0.0
34.28775328051221,3.921235470298692,397.63619430637465,14.698218669220545,463.9306090361266,0.0
19.817410389942253,3.4800873922471953,431.6216180303285,11.105943498702056,500.57515056528746,0.0
47.84211602318305,1.8993828361895257,381.44689000023897,14.097643879092551,357.9107641714788,40.584
48.607513453655585,3.7771055538675684,432.7242700560279,23.908053548822515,548.3377911593248,0.0
77.68019581978439,2.115501477302591,475.8191798283191,10.187471607661939,418.5862690649572,0.0
50.94778590393419,3.615759147233946,368.3015092604582,25.52614027193482,507.3775143573174,0.0
80.22702101013317,1.9909756999049883,377.305242973704,3.189647079593012,394.68001348097414,9.766
54.30955545484783,3.2504211806598464,436.90930288557826,7.970966976182335,529.5907722933376,0.0
10.702716908155047,3.048884200767056,396.88930697598784,18.438513303480395,368.97432865293325,93.228
11.661157328667295,2.9453390764680685,503.46291382740026,5.974088863809705,441.66829099579695,0.0
16.413806952887395,0.8213735245928183,479.701044982413,5.724728383228608,469.810481204984,0.0
10.78236293204035,3.984426639948075,481.81004207336224,7.0372839831217435,427.5038334017129,0.0
31.473067774552746,3.998180558577144,480.0951588342437,6.515063301897525,435.82733840715173,0.0
61.53940484735095,1.487100014952731,397.5791428939394,20.616018273460433,454.11242128590845,83.094
55.695807022671275,1.5586499108779677,376.5855333209437,9.59296892880658,451.18907623899105,55.713
19.281689191252887,1.5304359103724763,465.7340002122604,6.785082277572293,427.52749564758034,0.079
61.61150790079131,3.4594876537780803,344.47560307786756,7.539089289249281,388.9986390154284,8.219
26.358490437485443,3.991031239966911,388.98348307121734,25.51850480794013,365.6558506251808,73.251
16.131208482492248,0.5412427870468115,373.71239466233243,13.061266329639919,458.66369915200545,5.805
58.487488089002085,1.4315575851060274,464.85524682015813,19.04860396587761,360.30629344804055,67.702
83.03255387455113,3.682645178916315,350.7122180388596,11.053625670294664,471.57937042948583,23.579
48.40220919399705,4.022839026320358,439.42692931890485,4.624849313262767,409.8026472991685,69.905
64.83207287196505,1.1987517205358162,421.9380681984853,9.187049945705368,397.49181642403386,76.668
52.28751028297213,1.7347903897906023,356.6858034924394,26.050116371886507,352.3003074688795,30.804
25.800664126219694,1.1472513830784914,363.3150863321699,5.636569106122143,438.23929240816176,53.269
22.556314645907555,3.626530388915345,458.64710635444976,21.92093307562397,436.7525917421909,0.0
6.3861767728104,3.795657409236996,387.16107633424804,10.47519792183652,508.22545453096404,0.0
53.70348584524383,0.6710025466412934,448.7438603716239,20.053192405792743,424.5678772197369,39.361
15.403210393551435,1.475650713372037,388.3671640158138,4.546554980958189,548.8560802237683,0.0
75.47230323040269,2.8455890277789564,491.4021962724373,3.9269647097419016,479.490315410128,0.0
10.968824720391813,3.8517112345313063,364.5914793475156,12.286532461261434,482.85384598859605,0.0
70.90348875328598,0.548266079387214,485.846451928835,14.629400840631305,435.41288864462103,0.338
38.167269159150734,3.9204532618781465,440.07035407565934,12.028542324567265,525.533190836275,0.0
74.80851851088174,1.5177464404210252,505.49256775387585,16.48526997448573,415.69824373273934,0.0
80.65214343126735,2.625502167630365,502.6502740190695,6.432828906569306,353.27070477191535,0.0
54.6099098600225,2.772443036006894,442.5633403276113,1.8580909978940554,416.52249092633974,53.464
25.322442445616453,0.4753098443893148,438.7044122198763,3.9663241356080183,410.324952988682,82.807
31.96210585598034,3.338025175935675,406.7472440700996,21.345081631366238,420.7937666425586,82.746
47.72576863101641,2.4831722359126247,483.52727639434806,4.072207960048858,469.19001059165356,0.0
53.019314257618056,0.45472172227896784,352.0359295097005,7.28260005290925,526.6780461331429,48.344
71.77552123821843,2.8238794744286895,434.2566685394661,19.798278529404314,354.70354970811735,79.462
62.51619520489445,1.3840357065912126,387.1468436241598,23.296584465053645,490.1689066083992,5.652
33.58928256980772,1.7987630968925798,429.00992519013346,3.8527441309994837,461.01993001306084,81.83
3.046157492090659,2.8615205509611936,412.800663652873,23.686238487618365,354.08660761418355,96.808
58.12277616676593,1.448709849940475,430.7293030487372,25.488711598611165,552.1483679483651,0.0
5.9284114795953675,2.9440669703193234,440.37698948203723,18.535591638482842,542.9536021029512,0.0
60.75240720042276,3.7978897472367135,370.96778631425434,9.621974135508363,344.36284419866695,17.311
70.09876977005689,3.8623421998265823,394.9213903719525,24.302686732833454,519.6932984703868,0.0
21.963875128430367,0.4254055669905522,480.04775569536093,5.726768280565928,395.43753236735245,11.565
72.76361742656923,1.6402933552064778,433.24796149848555,22.521615789486855,530.4519211946911,0.0
34.32484326273129,2.599710919081057,499.5417703417421,10.930171914253775,479.3467369388486,0.0
52.98127488264236,3.536178653742769,445.4060908078519,19.01366327630711,384.3135264620969,89.365
48.76130712030304,2.0269456908908015,483.3340957775966,9.632073187187487,553.7122318809061,0.0
40.066851230921074,0.92947850023707,391.73814566414524,20.848501419633532,441.8547814631589,68.66
46.94554195518666,1.6963716054158136,407.9959607637287,5.478156743599245,445.8900981675876,65.973
41.79331185024673,1.9670848191059123,398.67721395861173,25.455192886184374,472.86458548071585,0.0
20.71158827705934,3.4063301276392646,429.9206379378748,4.510912413873047,397.65226100240915,80.858
25.152755556088607,0.73487761121831,466.322696802449,25.03715513341189,499.01892427886247,0.0
46.41853132240538,1.680721001803927,404.5479114648481,11.166417265042893,363.4241417056841,61.072
76.05462157934788,0.5327067876894471,419.3250949910139,16.781855796614334,428.06546059621127,86.241
19.565483697209856,1.7299349447507764,453.82347832634474,14.237372097116467,348.467111906127,87.619
28.81031420667042,3.5256263715174114,494.1054734839863,3.0970288083988065,554.2239010602814,0.0
2.420091969817054,1.3174711846647211,476.7530217743706,6.875699156124159,498.67852308248314,0.0
77.71068251881958,3.54724458377075,371.4096073621222,19.19560543557316,448.84886412943274,61.651
82.0027316618818,2.2201094232047986,489.920689055346,6.6477502331894085,488.1269618908497,0.0
82.56185443135318,0.554098133580338,352.2122460475738,16.957425844999488,530.1693009923098,80.973
12.913588870436625,3.1633844227120256,455.5641398425322,22.292013177990558,469.30803407051917,0.0
41.11679052510572,1.2405757479040624,485.22774217309325,11.884191499461613,464.96372156934046,0.0
48.64791362424659,2.4363359448650908,350.59822078257406,11.556315769598879,415.971763343897,33.372
12.614911889635016,2.5234155776220355,471.32622210522345,19.82982944812829,356.2707026919426,100.0
41.440180311178466,1.6883814739261158,344.5854041177018,17.1593540348895,419.8706870093752,66.573
14.415455275471386,0.5754384524584379,475.00217311591274,8.35072037791589,482.99826433168914,0.0
17.536529484101223,3.359007953407344,481.7068395386393,4.600256552222353,503.9493179188141,0.0
71.99574733282309,0.8519104750851662,412.3362869811165,4.013270276928448,461.64662328040043,49.248
3.7088264082812987,3.8633495088183594,487.44113749744184,17.802415325377684,383.3711809915366,0.0
62.33217643418342,3.7142828039550873,380.85802648913057,15.11355828025353,505.78891334236187,84.349
63.88773362234412,3.5857584281338415,360.003271026222,11.229002117456588,478.51929075262467,45.224
10.079902418415486,3.6741335372855106,491.84984105732894,23.762768249911733,457.5717911425435,0.0
78.21686855417278,0.4440936201042556,486.27210003103323,9.813333474037778,348.90844729997264,23.621
46.24163231641498,3.4943139825584972,349.5444401421925,3.5697845769807417,483.2110530648091,10.387
19.595594057185224,1.2084581735871902,379.0524131426109,7.613541078784582,396.9494489104465,72.033
53.67409474028909,0.8755608881338406,345.387771138048,24.68549607494476,478.5892080374831,57.783
55.26048729615658,3.948928020366492,437.8053919001914,22.615401813844265,387.97663121358585,89.087
61.16442991153482,2.0078467905897788,398.1445331425559,14.867248834748342,387.6810116367699,63.088
67.00379161960646,1.5101896241925008,393.6706222093963,7.005886291719767,473.7027755907171,54.191
5.227048434094939,0.8578150148805862,419.52702240305837,21.44627809939886,345.6010154913379,95.563
57.22638154436075,1.0532034096247385,455.0989179646101,22.65965750140312,376.9818398384798,73.183
23.174612692483983,1.3008701311478439,369.1884796669023,12.843471643939191,502.9024271208972,0.0
47.5960300071587,3.959207196003248,404.79665427911084,13.712700948145903,349.2203870945779,50.108
57.205438294552025,2.3697671158897733,440.41757932172663,11.651037811586905,435.2412621808619,81.413
67.19619458023085,2.4632367488780678,357.99176236601716,15.283538802708017,372.5408464974276,21.933
40.546602063670136,2.606034501845535,350.6286287029769,24.0075107305607,414.2828730716807,82.445
56.748171949543384,0.8357640465701086,440.76263168444734,4.881814140751098,392.72517850609665,79.684
41.67283748939514,3.395107504043877,380.1392505849978,18.73516331573568,486.0692635084557,0.0
56.421286061442366,1.7440878059208287,460.2347867217029,22.515815703314665,429.448196319948,0.045
6.672427810753668,3.8335489915243803,410.3007639947672,22.598923586781293,516.0178971450617,0.0
29.959619409480048,3.117776169397384,346.1908179110909,20.708051591644004,349.18159668260057,28.868
6.780245298635787,3.4441038215984277,447.4818563002734,1.8861313285659944,372.0478370484894,87.008
11.334125222228826,3.9156696012991556,496.0670803622304,11.103699171493998,507.3408614627183,0.0
8.544123820310668,1.8069854477270488,353.00554930996697,17.115603061654205,366.282143142145,90.101
77.23954798923799,3.714651152284441,428.6516111156437,23.66495494643637,490.0857681887116,0.0
66.91382426583559,0.9797352543085326,372.26365746018337,7.501970699069575,484.8898317691247,40.704
58.739704843776806,2.5772739633221935,489.60346234834134,22.305768917826118,444.0808638776715,0.0
36.35170542480345,3.267936354900908,402.8842412901178,11.057214380757262,462.22563049041344,86.879
75.16622829532155,4.03342697924145,368.8746799296125,24.64146182449352,542.7002185394965,0.0
70.3778957973895,2.4649140939535306,470.82164871189883,10.61130857740528,541.9930694314558,0.0
33.22386741958639,0.8901453030259923,462.280178389658,26.128144773882838,529.828777140017,0.0
80.88796798392511,3.3248307898322755,398.0096425977722,3.1175448135291264,543.4437233792169,25.481
52.899139670545814,3.8240971634429792,417.82933372559944,16.34661562759789,389.9477414602529,76.519
11.475309298893078,2.343605469377714,418.39114464768886,3.9869967716095225,345.8810349065342,69.564
1.8529789545543633,1.7274104071274037,379.9538336772421,22.16935869217709,373.08725081730483,77.781
2.8900693153731893,3.0906948360718003,386.77988318225476,19.384750720884327,550.9381865561122,0.0
20.98267949294315,1.5397321893252514,453.1270143798989,21.0218536298867,417.8501232123272,5.23
13.928981372323324,1.4169245380992677,434.1459364247968,8.306936692804058,517.7456749527198,0.0
63.47870328762529,2.5302106501684807,477.7161754724895,9.366159726915772,419.570326048095,0.0
31.770781926697275,1.5756939692579097,433.73475288797135,19.26029401520185,408.6774522804208,73.37
12.592862645452778,1.26685041321102,422.35586008146214,9.897944904171082,465.9091820350109,0.0
51.25121214220451,1.2284483782722426,469.6043065403939,6.154698827083238,482.4415747380982,0.269
31.490853468870306,1.4651254400923763,414.74915553025556,15.694007781465054,505.8311564683538,0.0
73.81570147169153,3.9773596561776956,505.2294636827837,11.071405864813755,376.8989718238854,0.0
31.862019954082832,0.9625311885248875,368.7500652139666,25.557674628451757,406.5298025130732,91.511
68.97218076173222,2.439704934635833,499.77052425597924,6.163748374074178,394.1256847326752,0.0
36.05380818138282,0.5199303430356057,494.33635782324166,20.765407451101392,355.5654900121145,3.331
26.279785403383187,1.913908520313094,488.3866248985548,2.954182927348926,377.0292489877605,0.0
42.81704283750441,3.2275557983772463,413.7197245480956,17.26692653705348,527.9604974982733,0.0
16.519401342818256,3.781871384692463,445.73273767404964,1.4345973538295427,402.28011885468027,72.734
77.31305155629033,1.3965274674823047,396.53476188139666,5.229062868716132,435.0519073505329,34.918
50.919328600844494,2.5284395649057805,439.01728047817204,13.066711362787217,471.3267156152332,0.0
46.98315181478765,1.270245505762595,458.45043524302275,20.1527920395344,383.4074452369154,63.143
20.097513427663948,0.4214705022248615,500.6196032782991,24.910108092334287,395.47562337634326,0.0
5.529265003290952,2.544456960520061,496.6375877916379,11.248516288393374,552.427522895925,0.0
30.169688449387237,1.9787938178268552,470.136155209851,1.9924999187354264,481.7270172516745,23.876
51.983961720097184,2.812064413196303,439.36299377747264,16.19899554490944,543.9796251367018,0.0
11.088973856544627,2.232812029409857,420.0699105269951,19.865830065093714,486.68652287816826,0.0
3.9698758400131813,1.7947062158027371,476.0353782109189,12.060193200029039,430.8564811296942,0.0
19.372213497435162,3.0776933045068353,425.68977238672875,25.334619885559164,550.0544146403154,0.0
15.44637487753012,1.837569166361619,405.02460589936254,17.481261299301853,512.0875819029034,0.0
35.86216738962348,2.9336366439714414,425.994206388538,14.046553563462846,491.3246263365363,0.0
35.45757996073481,3.058415091768303,368.0070271906719,15.29580427655539,416.88964983939627,74.177
17.637265977437494,3.86660393108224,345.355074347057,20.886835265858437,386.12779702084407,85.862
57.28356828630814,3.2971586045840806,488.88610811798384,9.102219588552055,495.6247261307498,0.0
64.79606182272875,3.4903703660428125,367.92644878654403,16.103707345169667,541.4681272140729,77.445
44.68743051304433,3.7476538043563328,496.1427862788734,3.018380184991388,360.015062107154,0.0
75.61202499331854,1.9433648893569542,375.1147127824431,5.489960649916608,539.8896329201364,30.307
8.331165735297752,2.7577455537374265,364.80040140449444,11.534843448040187,512.5072517650121,0.0
35.51767017434023,3.9038537317891713,429.3180362321645,4.075636677542032,525.0139064661073,81.641
37.33777163765163,2.7768998189277094,428.7629160237643,24.929774939131796,405.7380783265768,84.737
45.85039535407845,2.6963666646313404,474.08634843269976,3.4363573762658106,487.63222230442375,0.0
26.45766553452406,0.8471198986222974,352.8729218173131,14.599752764567041,496.9185617610622,0.124
6.643486220558769,1.5666580398591363,387.2499996470273,18.771329252457793,385.1149877097769,86.979
35.95211862954132,2.715205954472324,401.7403907202312,8.707394789524832,343.0402917038296,47.269
59.760406003654836,0.414929378787422,483.1220168948556,12.31025638855611,419.6456398066703,3.385
30.038109913165293,2.4174424250955004,412.73082400229833,4.573627032319918,519.4071256111321,82.772
71.4921095535474,3.9672005406828674,475.2837221115415,24.9332885851229,353.41657275017474,76.407
45.82587269841947,3.7865421254055307,493.5837792647869,23.93359957835312,504.98422443945526,0.0
30.596764589607552,0.6162188888008766,465.84798789472256,11.424276183763734,409.4124415762357,21.063
73.93140862257601,3.4166289984751903,481.8675219173479,24.885153473771943,477.66006765384043,0.0
1.9675032070991185,1.4716013218883912,398.79984356753465,5.542785074775641,355.41024688657603,94.345
70.21539358395243,3.788273208221588,391.0373252250604,25.227299607668293,474.1607742124141,78.363
1.824943093242989,0.7891702779515184,484.36739137596993,2.943645710210683,367.6926881117212,1.024
72.61856004685255,0.4033503161828143,428.01700372604313,7.104868395368683,457.09876364718014,81.253
75.95833190998839,2.136177335017474,451.257388256014,10.356347370833358,414.5098059094264,81.912
10.841572586621778,3.2610116767360906,366.7132938256955,15.826020784394046,466.0120338350929,0.0
26.63137693236918,1.9961550093913614,503.5161099406955,1.2905075854989343,359.1915597548871,0.0
6.057838330063368,1.874520599322529,499.4633473896738,8.064451636542918,494.1248268843554,0.0
13.296423297367191,2.643774255384698,371.62681007524884,2.1072994834485614,431.4657794984459,37.428
58.498372620312146,1.218213402168919,422.82387794161843,5.079571201003914,441.9197247182906,71.08
29.785289375779932,0.5695509902037768,390.77386514510613,25.401386758788114,370.6302172678356,86.42
70.81817414689384,3.1369879739544224,505.38530537852466,15.7285618955751,431.3700983139605,0.0
34.43302711570231,2.0092262941266177,439.1580246944778,18.240517855244875,512.4702991885566,0.0
24.465797597551344,2.999394930588733,418.0706583022188,5.661884712236616,500.04281809097563,0.0
64.98303678113096,0.5263309849101221,373.3749382445699,12.631386898694013,363.9240703250252,29.993
19.871877092676506,4.064596234531238,382.82695558255244,7.024788595561481,419.8040463962363,70.754
21.494652924348244,3.54612291384862,390.5029838040083,16.06444312199425,360.9246604747345,64.642
36.10772431271412,2.611225308037305,489.75810075594677,14.717677695961198,531.172050520103,0.0
11.175208625472157,2.3855288680620066,403.0735930776995,19.869532066164897,348.6828047268505,82.267
9.058516014632495,2.9310137120163313,476.73306658809634,6.917694517275931,393.48068802124055,0.0
50.5888383306904,1.5086912034039903,373.08527700431506,22.354513988942145,406.79629485933515,78.424
25.50917228815826,2.819521220189308,381.65311513648066,16.938078362745397,451.99989448653764,0.0
55.11080530554657,1.6210595923515676,450.8095918697654,17.646245653423684,527.2983300869206,0.0
15.232833399378348,1.149106712162745,373.2971029584042,14.97602112179325,550.4103314405421,0.0
56.00811103942282,3.5299093776288544,415.9325533522459,19.990820817850803,478.3844369312056,0.0
72.70089463199797,4.0093300281590665,453.51622121510945,12.76161463418312,497.2311159088616,0.0
57.04260250510965,3.6732252613682417,386.97866270403597,13.75933441375857,543.1805286259364,0.0
28.120239827913117,0.7655298156646724,378.0892544277847,16.330241659057965,518.2829165205382,0.0
68.04278935428509,1.6812630934389254,375.31663975626776,19.714960657710012,395.96886947896684,54.116
48.89350566846882,0.6840307450527586,421.3460919442484,25.339719040877107,387.02993695760557,90.676
81.8682222845843,1.3655959088987712,477.14061495339985,20.265067393969897,411.75676621095977,0.087
3.804476132279747,2.6369699480609112,430.87547072863333,24.304836179823997,423.9751688311148,0.0
59.65636948337062,1.6790976614595174,452.77345994487104,19.568701153187607,375.07737068704574,82.37
55.72504220472316,3.461460861717936,441.33344671426823,21.079473808404327,498.7853113171585,0.0
79.27087637159671,2.090734265040852,495.6116029893734,3.8101960742802854,376.3259508976103,0.0
15.334795985747784,3.502342047317302,415.06052929883015,18.342531670383366,394.920104162985,89.92
53.758032778492534,2.7066488767684347,493.43376750356987,24.692123991080507,385.96871634836066,0.0
37.777462095867136,1.2568787702920439,398.3176090513889,7.0703544871391895,422.56077411556817,70.977
39.15230661061308,1.3194250103839726,362.8466875208814,23.917740625875208,473.65822151369156,0.138
50.80240982861198,1.1649496973596856,434.06797367252545,23.369833571039713,361.6060275848768,89.756
22.099434236858244,0.8587739854426735,473.6656443694169,21.635246373224316,544.5203213588052,0.0
68.85240462649054,0.8415631374155902,416.99601349051744,11.294860451706006,551.1916404857725,30.87
54.878769937043394,1.4959164091958637,482.3682115247043,9.1861234177872,447.2296968546897,0.0
7.2631822400913935,1.5839697865065157,456.4165739417861,13.315286947495508,526.7333782060718,0.0
43.22743153831315,4.006775378649674,419.6979331777693,2.6384321542025244,349.4972293573471,38.344
70.58520066912577,3.6470703094022245,485.36107997120484,8.032483054543102,503.55969892563076,0.0
11.5775239386005,0.34769747137421475,370.30561717297473,19.857983237464545,507.2413136565194,0.0
51.88653887630246,3.67919301894523,354.47691227196134,21.250444430771655,379.63153817811894,36.958
38.48259976356678,2.633288267302531,354.7477367382271,16.17802047818639,475.5075183409549,80.4
12.067963030000524,0.3933583054406214,392.3783052709988,23.575065495243514,352.3272058146687,87.981
57.624791071335906,2.754215246685447,455.61711936904254,0.9316242971110834,395.62506801012694,45.301
68.71536904952445,1.2541663487285155,346.74093264499265,20.004680374261522,467.25874205941614,75.413
13.828804211532454,2.951825802635102,494.8801433682718,25.902300980520195,347.5560345246813,100.0
75.81515938493986,1.3184550852209838,353.4382804904373,3.0783949004896884,521.1441540986064,5.556
73.10568200721876,3.38389510570351,455.9330982688274,18.31816479586547,493.8319214729448,0.0
67.95759702962309,1.1413163569902616,380.98285733784894,6.111210265136609,458.9945586301384,33.688
44.193168435984916,2.2135417232963137,491.16066390090896,11.75330550997884,367.3482202460508,0.0
22.531159391496686,1.7096682873403402,485.43014187808876,8.697228840839825,451.93685496505367,0.0
21.524391706314375,0.6705987166356833,361.50067577242896,16.17470826013484,530.7429833255379,0.0
5.322234772365594,3.9737177584585,472.7764274356309,18.39218432413419,507.42491288764825,0.0
75.87505410537248,3.1085562893868692,483.60463480828173,2.867293035365499,357.2758907805695,71.621
48.509143954078326,3.1280007859722097,495.9188694099132,17.013633352424776,488.0712220159498,0.0
27.441976476827577,1.8972641915409225,424.88238155510845,7.1804655019053225,545.0273336889933,0.0
16.116791613019863,0.9756671793584805,503.05709903310003,22.129609872098733,527.0033348526589,0.0
82.11997935391226,1.4867445054287085,422.65637394770636,22.069728708689905,410.4351747983603,88.164
8.152550765858058,2.9117039010229644,403.746362725777,16.65506603366438,383.64508540801023,91.853
74.14848126004178,2.3990567549835577,444.07138321688615,1.20834356634829,542.9754011043499,40.193
78.67814016390088,0.8020286184906515,378.89308623381623,11.769429287301879,406.02332068210086,39.513
18.299625581057825,2.7655097654972773,466.8523417428348,25.804221155048765,404.3210542772315,0.0
10.024996222939052,2.6933398554016375,377.9745826888443,13.807765022639618,433.22254434314505,0.0
7.513977737860989,3.4861234935711227,373.18216495613973,20.261473611889386,345.5882910113736,75.505
12.5534063462621,1.9717033726764446,394.99118467420743,4.097939532783773,365.97033691957364,58.427
64.1412352861816,2.7527391010829785,434.67420936938174,18.81560139904246,425.0129020603192,85.202
34.3677668879823,3.4671074054972912,378.1656556326756,7.415177980031588,536.8547150758845,83.645
57.669574910979975,2.1039310383353453,390.8922062331031,2.007575881414328,479.2416036658465,17.156
35.428789502195826,1.2103060377784172,359.16190609186987,12.008578728801007,516.2571839903657,22.164
17.696878988045796,3.079963370714915,463.3769595549426,5.518696774833535,415.0569876290428,0.0
71.82415108856891,3.576994990567054,438.59248449498955,4.365970299815239,495.19761706428426,68.155
17.3072851432411,3.718338136762242,361.15742264412967,25.186991065149396,485.42231030876803,0.0
40.391399834919426,1.8787236645414631,396.16238301776787,11.676039082033904,528.2998681619806,0.0
44.73289133344031,2.974090244547782,387.00182541793026,16.992823520700586,465.91489883858947,80.465
22.13136604117053,1.0946604358542302,467.19460806331153,4.985339077360665,391.31995713094915,36.456
55.09745434570559,3.712867389796052,346.398728007416,20.74841306535156,511.01059923953176,0.0
55.98944219999052,1.9001662969622917,480.36423929724026,9.282157764016047,342.98180366652684,9.847
38.520590028028195,3.766334372981804,500.9882486807609,12.047495791472114,353.3737840478218,0.0
14.625586974697635,0.7647160397935379,411.93634256494556,10.460947871177863,397.2915158501648,89.47
35.89694129590208,3.364764966563929,501.6934061439583,25.79102450923983,406.94422314734936,0.0
47.26296692442806,2.103764327015677,398.752673141362,21.588413604231093,400.36760820946597,86.304
69.86750179328641,3.484860020102306,352.334469623427,20.04594268746686,555.0557856475624,0.0
64.07850411396285,2.6515958208280157,394.50780053094365,24.874196618077463,485.86177018650017,0.0
33.389247198055806,2.7031626411406933,462.5122483826915,15.816300070860988,532.8151643888427,0.0
34.50672687495895,2.7040644847597517,394.20201682497293,15.663833036510612,471.0215177971976,0.0
7.937077248189293,0.8086429914655572,366.09396588244505,19.50756653346889,418.4218334737505,21.605
10.993680290420674,4.047341889083515,500.5007822766447,4.513929786673599,368.0227453940277,0.0
59.16256683800188,3.704467925569645,396.87556262363665,25.53286428059525,538.683074028774,0.0
59.09554720971886,3.4477680739085734,489.0231676846704,2.209937957708492,462.55956815923486,0.025
74.29112768109717,2.1781328655495407,457.029390181024,16.502193951191273,369.7662902832484,83.686
65.00467249376462,3.838990799515528,410.7430663993326,8.152365546795368,415.2055498667819,55.045
49.80609352707925,0.5627135034341935,386.5754905337861,10.026719097091789,542.777321600139,63.563
82.86320966473133,3.157866878890888,418.27829212214533,3.4551274496438333,369.0719060414937,33.403
36.13517563151206,2.9437098622141917,494.7451679637354,1.5755935837011084,377.8427674948723,0.0
47.048236064988195,1.9337897757410838,401.7823011090985,25.301669691933423,412.77117151190345,90.588
71.6888089178171,2.8267241296786376,449.04293401026166,4.088003717384733,413.2659981759643,71.153
37.08216512248774,2.968742421809474,449.44087304385005,24.824600335173002,517.3431991746088,0.0
35.36847701197311,2.088015614963322,368.6775838889519,14.504249410536561,438.35710300116335,86.483
2.4170187039035222,2.80149042717223,422.57404586511853,18.61615783867074,473.6881964097692,0.0
74.07110018169814,3.076484623175265,479.34132580428513,16.491694975888937,459.84448804332993,0.0
44.820262734213905,1.8039778465293104,401.0475952092804,12.920696264142856,457.7353686298354,85.854
26.84829371382188,0.6395957120502398,402.07562482721727,12.807714965965811,396.70488072687306,90.338
45.23995097793698,1.5328986390102233,355.4758987255166,17.36893541128,478.03216897956685,80.405
55.90122325032506,3.089027091336202,483.00243116159425,6.234480246053026,343.0859170879571,0.0
29.140642577858813,0.9785481289701744,399.46159230297656,23.546418863885236,428.2943323185446,52.245
62.782260638185804,1.1310216141337803,441.1829065472957,9.274128107303554,445.54306167966126,76.519
52.19790384914938,2.031291349990969,434.89034326046294,2.084743330562876,351.61055845749223,49.314
79.21456732926521,1.9991530195291976,416.93070766034793,1.9729283599026481,361.74415757091117,24.4
53.25931991659703,2.1371857141351245,401.98629359958545,5.9920754005078685,455.1722360676993,58.767
36.207330265286714,1.0014965397370097,479.665308305599,12.630301624521895,509.1580585279687,0.0
73.6602495891474,3.609977798616905,473.09750181562003,4.5366567441522685,498.08228907431925,2.286
75.3398087414662,0.8740956207970435,395.53743046069593,12.504940307493227,377.46012464595213,51.29
67.78234091486102,0.7746603287469804,391.65901019528735,22.55306390461498,528.0626453374167,0.239
65.6578975260097,1.4534952563896328,370.78668562235623,22.958525452006757,355.3979288113062,35.265
20.053959809316048,1.6461049502878389,369.30719645387086,18.524827494535348,371.83924253988886,76.386
59.44487046408015,1.8199081620201523,426.7991754425884,15.277352298296279,452.7638925716902,72.622
42.302811598097406,3.696329078665827,344.89398129776555,7.1533510106264675,360.3153384622164,8.883
69.03512871594447,3.5677682231472088,408.1051812403684,16.16490434758604,431.32955760764816,77.512
62.480677905522064,2.746372109180584,385.28343932499905,17.89417042848672,451.18211828878844,81.971
20.550755475751842,2.9064903701986315,389.8502459596389,18.161953269480556,488.31195831451214,0.0
80.30149125499915,0.3717338883055196,367.5969725184735,9.769841412879279,517.184350744472,52.032
12.251693818572404,3.710906553551371,398.7234897066098,10.062128714855817,411.0738233237083,89.481
65.78539727616253,0.9363480378187901,490.0764251166402,1.0676255981736775,434.41104690186194,63.025
40.85264003127009,2.4507178570822448,437.2670692614618,9.079755529945478,548.1627045575276,0.0
57.83005146864074,1.8754515397649452,355.7899726167331,23.522045082338806,473.8851835971863,80.588
25.639378110122585,3.038160665039693,441.8939066631118,4.978392772316219,354.2601108483665,79.54
78.57113503496949,1.5199621652599968,478.88594286862013,18.10529682942224,502.0986461038724,0.0
10.065311227432835,1.110788083520574,367.4882291846616,11.37187851877342,536.0255994517216,0.0
68.20513065458812,2.9627693543631275,349.47896718140356,5.591233590443827,450.53702748006265,9.385
71.27498423075019,2.960922068578607,488.1099243729477,20.289958146606295,468.68326830070134,0.0
41.484460334556616,0.7792936289233219,347.2391563161831,11.437463893283866,488.0278459103438,82.471
13.034993172500606,1.2430772641242287,421.4131092659133,2.7630679237177107,374.99212217774146,79.4
10.732864143319787,2.086386136188115,377.84840796931786,9.052930880490042,464.23825027382634,0.0
21.19187798696604,3.0452604528989315,366.18650914818477,24.849953470231576,510.630071933423,0.0
23.113447286718156,1.5749093802516172,482.82642238174117,21.508505378744868,537.0520917294398,0.0
77.90254234112683,1.2036850343987888,356.4017211218604,8.314621117916241,379.5605781234393,10.864
69.08006964724463,1.7468380572038562,363.5392506737558,7.662866828005566,481.2959410312535,29.878
35.28743207212038,2.5592644011593904,390.81359600555936,7.812185251049498,479.8862116649565,83.074
22.053889394695616,1.052020773595132,483.8385558734609,16.531932378412385,435.1384470108083,0.0
25.002626541500305,1.407617510828886,383.6476744127109,14.732743004569143,416.84126469409,90.362
78.01853173841025,2.5839474771213213,450.63475866362273,11.450009710133923,507.7836989202341,0.0
75.8372262010838,3.293635197188733,386.704488687405,14.65500371192181,487.83624377446426,74.4
58.577591339439834,1.9378344750697725,388.73182266076094,19.538158346934072,535.0816943946724,0.0
24.600524478921443,0.7615473862936204,407.03325763844373,8.057922140094997,492.7765671057126,13.146
65.89380767613521,1.4975825804934444,434.75172734890225,11.305338485138943,527.640942642527,0.329
30.29087343807779,1.5527841154581274,482.4585016563386,5.581229320387379,409.9625647588014,0.002
5.689098557177202,1.1844377487170978,385.99491930926763,18.0331489125111,524.9560934999078,0.0
36.55652594884604,3.337162118388602,354.14218783661505,15.778593295125102,451.41817515209175,85.467
20.647340305913303,4.062946773303028,474.8428748871936,12.49755680348861,366.57527241365244,71.821
24.498781187265557,2.4729114737748588,371.3416185111663,12.529681679151498,510.2093902477676,0.0
55.29182855519745,1.531886770104081,411.1611406709483,2.127610567915826,438.7426716037673,32.892
16.876228927745284,3.667631344815252,441.3983470395922,12.85426475975482,528.5928441735039,0.0
77.10643252407229,2.071020073286453,501.3585159315228,17.575085520370234,353.0699285100025,0.0
40.17545672583568,1.9411026404201865,360.4074576462704,10.892799097481864,381.6771863869859,31.865
54.98952225835085,2.7837238476466792,411.69675895144667,8.332681282180895,443.56122369835987,72.501
27.52090174654635,0.9815129145475132,435.127359491543,10.883554445988707,403.6118335709771,81.056
68.91229844945437,0.976824639035416,488.64307512842333,5.939086189361241,417.91735665737235,0.952
60.49017361735586,0.42305807698752396,435.03679230362394,23.730313551365786,542.383104481934,0.0
11.742700869200721,2.7627356284995335,472.37125448713124,10.747172709121562,491.8399574962607,0.0
3.541029799671752,2.4280186227717357,475.9516302801819,1.3856838140712058,461.64882555702957,0.0
32.86446839689727,1.9263680302105937,347.1939243329333,21.00866472029334,487.9092756505749,0.0
73.27356252737606,1.7664451582103302,431.6589920367202,16.90819834872529,362.27402407001654,82.167
5.91010388039865,0.6829705927473562,411.86172305158414,19.622587764945226,513.1920300591715,0.0
76.33136886350056,2.6605760333013,381.79637289276087,11.582868446081445,449.1547156408624,49.231
23.45463230700385,1.8051879433160014,468.88930142802957,2.037638594316846,392.6712039892299,65.806
43.403789956379214,2.2713069789678992,360.90510716755875,3.1233410620090734,528.8270222545272,18.378
30.374356670183587,2.3950497964197686,354.9464338043388,10.92771919024746,449.4036239598703,79.118
77.18790610237389,3.9075241611467844,368.457771425484,1.4670757069149651,525.4938601427136,3.863
80.19831072923805,1.1082229214516481,394.106858255893,15.204134772826839,480.98524797786655,83.655
67.57617874296562,1.1710921261211593,420.23204721629816,8.906667277886804,425.2477117313336,78.544
24.958036248925886,3.5996616252669957,410.55644927400635,8.017148670386774,534.1869284361569,0.0
51.98712528260506,1.9504840920480202,405.6002429854942,10.801306472010527,380.7916810727826,63.487
75.89014489709517,0.564155306880066,424.77518214246777,19.16161777259841,523.1736070768375,1.859
37.55621763580981,1.3631612403441786,382.9466351330311,25.492720334304558,472.5278803530351,0.001
70.88221865390764,1.664832584942645,477.8872413557817,10.70319175603617,470.50862146893854,0.0
59.896448203279085,3.750745998077063,425.40665537563706,15.680724611516323,456.89447902232115,85.202
14.160166449639751,2.3880543656397117,406.11495384265265,9.55559561628307,424.3441598103829,70.191
59.428076350331175,3.1704336000980073,348.1661121161318,6.767721357801096,543.5154232214456,29.759
27.78266029184772,1.702332945126951,464.0546082080368,25.38996510676152,430.8215701912063,0.001
83.14459088504745,2.8066540922800858,367.70765378882055,22.197875022629155,346.7529430772142,23.039
45.1218577525359,3.806159346220847,453.38616584880486,4.755137914784408,446.2332217568741,82.673
55.22212413684985,2.501845641719109,403.40060425110426,2.7597219982814076,549.890648794953,39.768
13.773222391575622,0.8224224967749092,495.38685238661424,16.592134288880022,422.47338405953747,0.0
63.097144896867675,0.6454497170078247,396.3674349774231,9.31027068652592,435.621772008836,66.946
54.92351387419684,1.5737769206550136,458.2012059001298,4.772303845361277,422.16103629523076,76.148
67.09624279657385,1.7350562839050303,384.7631721070435,1.587142865162382,538.9953111194338,10.245
14.910735240118285,0.35646329775284086,458.0997018709595,19.530006629084607,364.61880555471527,69.021
66.28394018745897,2.613987806112288,419.3548152435256,0.9254275788362317,421.4659355645171,17.313
5.571708237047989,2.666914517666665,410.94349971800375,22.840845442856445,357.09542697227965,96.811
79.43110297780477,4.084351052941035,449.21768898135025,5.830135116232934,539.9978317995972,79.437
8.415263948370399,3.9725525617474187,346.00906949609174,10.016607860942802,492.6276462965419,0.0
30.637814051361794,0.43241293887979537,437.8754811603804,8.407146422850163,408.18476038266647,78.012
5.541036549409557,3.994403664321879,425.6445843997561,2.6760447896217627,346.38884559858417,71.179
43.04017961109349,3.390283443580897,428.1321039700495,18.85934544043823,390.94328846583505,89.13
46.6528715997354,2.5524312646788108,390.2413582503086,12.68552758791396,525.8769289131567,0.0
52.34085001567366,1.916130148400777,470.71320098410763,15.425640971956259,392.4023324610108,1.015
69.00415375869605,1.135523318231228,396.6975978872892,19.59830953835363,408.49265181207886,79.6
19.292864470727892,0.7709472160334423,344.69579049667334,20.856184825775877,454.19920179050143,1.256
31.742181271843748,2.2088767767241686,353.10228845979333,13.274830707633171,439.2741078101254,82.062
37.797235129861335,1.9288770472939323,488.00496981227934,22.381955999550687,355.29709693006345,0.001
37.43659429283158,1.1418203285994988,405.52072080058156,8.660178848432906,488.1980264092206,73.15
57.94718818375177,0.593224145935898,498.65370117180277,21.613864883961412,435.5378378196447,0.0
11.25405685661031,1.8933922871915825,472.91838860132566,15.345505041505291,513.7080548119626,0.0
48.3571174780247,3.368533471493172,378.1032037149419,24.869954535245032,474.33943955986274,0.0
25.7988733119075,3.423133335154921,399.8242977541107,14.259786295671368,492.20945183847346,0.0
36.031437605568755,2.8097849438118314,373.67179017456186,6.002729858916204,355.78588389387255,22.238
12.02455159942336,3.521678448510448,502.4270221886086,6.5365589138373,451.53931374433887,0.0
77.14829983988625,4.0669803704515095,422.109060302447,3.3417815972941165,375.35905519765197,35.643
82.04411651000486,3.0037519325605873,461.7547884711431,8.660860321293182,463.26803328468026,37.344
6.372124339577152,2.4145418023339653,348.7020795532885,17.56892906927957,389.3018460454525,85.214
22.58818733337229,2.386557660980121,410.858235784174,22.94520178094583,359.39103563356315,84.824
45.065614775757695,3.3716521474006194,388.8909412160681,10.48966797920025,443.9690076489412,69.763
57.745987455982814,0.6480880224871626,496.96974389752904,4.355795447401711,529.9917889629892,0.005
59.95595172668412,3.8772822915134886,464.11442222133985,18.55527281985919,479.45292650041677,0.0
30.755269244866305,0.8562432623413389,371.72906973022185,3.6906283191792566,381.25275371732755,21.803
5.485202014842693,1.540026016928679,423.0728423192064,4.121665063889765,495.33015526855104,0.0
6.432321310778508,3.0023576147268445,383.18929055389685,1.0182458918295731,541.0557098153752,76.819
6.447661916944031,1.8209057572481897,501.74053771955806,7.4840685075881055,526.3923276692317,0.0
23.543247210390277,0.44094678485945143,351.31560309249755,20.48922287299414,523.5522046151273,0.0
71.13049730567533,0.9111972713201724,436.90152011310636,19.74974347108416,434.65682608863995,63.424
70.23961886347524,2.6447278320197105,382.96065455972376,5.820614360732258,358.714409998131,19.005
82.09193879811875,1.8768795580192648,346.63956275560474,25.271645964875457,406.57909974851634,39.619
82.01396370991748,3.7332175462891177,454.97140250766915,14.56076690177061,535.5644480281353,0.0
25.95187673318351,3.468445468747168,432.35957178666945,25.970742201701427,531.5775399776106,0.0
18.005597493165467,1.0153445896939446,371.03670892528834,24.993198478271054,381.32411900604797,94.042
20.89048509624252,2.63447273653868,462.32747379243267,12.381598960226055,440.5686707546916,0.0
25.4416850964504,3.5165259898316243,410.08522726909194,18.328805753863712,383.14711526448355,88.243
74.59976884109595,0.7775350661441858,452.16177504390794,9.40229695731409,426.1275004240429,70.161
81.90635228739977,3.20182313651907,361.3197188569593,7.670980911865777,350.2348748774748,8.99
2.1728079004753895,3.0570667755965886,457.51411674039593,5.068372712721391,475.51831630397317,0.0
22.578980990249832,1.643385211670644,403.6578176979522,17.412938791233756,376.4727916037249,89.282
40.24203037110078,2.1450561611228243,387.3015350737771,5.956823827129127,418.71926236667184,46.479
58.46464527007619,2.325316254699203,448.46878513027605,0.9781268872433797,377.2471510148638,40.864
22.185190487482366,2.844124708675204,387.80112997057887,9.26803934755229,406.2477093041913,78.327
67.58429617250289,1.534778121789353,399.1389928187177,7.622960951390194,449.26927813049974,57.545
32.940096120863274,3.621478006515287,458.79606971373806,14.526415715135347,365.9208172090825,88.705
71.18190994523377,1.6419453728939377,458.86900623748755,9.26475249579006,480.2007987622769,1.323
46.117100529074236,1.547114828334128,468.7323508822358,5.456955907281954,419.493640897282,24.002
76.306989334634,2.6466639533611738,371.4857077320054,24.182231805599326,412.2466644818633,60.048
39.47143111908961,3.9257028731370207,472.74170607086114,22.548993723684468,495.0290588991704,0.0
41.9001342449004,2.530501853905299,392.79435203229366,10.684452680287537,402.064649664137,63.454
36.43068482244922,1.0943256554439709,474.5642373099697,4.439806355227119,360.265998136713,47.081
49.29276095723249,2.050891212660322,349.6688414405106,19.178869847922023,419.36102378248955,63.589
65.72437260108475,1.0121822487085987,344.94265235523864,8.41125460602093,368.62433770918636,7.645
77.05693986643004,2.3121684574377888,459.0706637398275,3.8284441020620656,386.66636217933336,75.035
53.379342510274455,2.0582434801530565,467.5280123530877,8.633954598017592,491.2243652349775,0.0
41.53911914161658,0.6535579738247824,395.2476010950401,14.926193594461722,424.7188440833949,88.88
80.36321743867161,3.514313744843345,383.54678515320415,13.131020342063186,351.2092604322985,26.907
16.286392645614377,3.2039673222628493,398.372393767374,3.191560948304618,441.26173077640834,69.202
74.48941565660476,3.4281791644292374,368.0339259336734,3.178165951652331,378.1147985549839,6.625
40.68549434959151,1.6170126540618326,451.2631894250517,8.929382587640319,477.5461947709112,0.009
42.50910811125448,1.51459691792774,349.7145727350627,22.815119488545907,518.8544579323328,0.0
15.488303915971875,1.8522080811726718,382.6730378190907,16.23650339182781,369.78706206722364,83.155
7.745590940881511,3.405586769362298,361.00955454902487,2.8266302808839097,433.95857215329204,70.21
50.696301620470976,3.7612892509068843,488.6188155905114,6.245132920271281,503.08862678288307,0.0
13.325993730091056,0.85473404266751,419.9815058364802,7.12658890223537,429.59929295135584,59.909
40.583505828374676,1.0970621348801184,482.0442987764403,25.97784467325463,441.1795752640306,0.0
23.567019648323296,3.0092844463316797,453.73061426277235,5.5056274328446895,345.80935923793805,85.63
35.39033066358505,2.9194670079417175,483.6339519622509,24.083401835276018,361.46638482851665,0.0
82.46135040679813,0.6141980345665898,416.8654654084146,4.090063564507424,493.3318160663679,53.925
66.30601458180728,1.4427228790978996,460.50502280512876,24.207351537171135,462.4304905899778,0.0
82.67397392531511,4.088859810403239,430.19143858835525,10.987871876416449,362.77088943997563,61.937
69.53775899829738,2.635882948632854,365.3860652308558,11.847052404292386,495.5007141887023,56.692
6.352907520646069,3.8349476345825844,443.87512552379155,13.873228451586492,505.21761650134863,0.0
41.54869654379899,0.6149417380206761,373.23904474969754,1.1486414583678666,529.9632016299365,7.903
73.15108042686948,3.8764656700341003,378.1965572779086,8.849020292369902,521.7589260786154,49.364
51.7504064670207,3.618388371729642,455.2474111142075,21.766813142624535,434.04789475049915,0.0
55.839776676020875,1.8672782427923589,504.7217874766708,25.43476153355245,384.5001987892963,0.0
21.33260088070255,3.569864303623585,421.9981834588042,5.616954220138757,530.801285549338,0.0
46.14435718329433,2.1980278069583385,369.6189184067173,10.236065650062509,447.10512586882794,59.215
15.516315647436105,0.505728531310506,365.64721310941064,11.9891213231428,437.02005380662007,59.429
79.57550005639662,3.997346453155103,347.5451920649717,15.038600955243515,463.4825127521259,34.534
64.63046067189647,2.235023729063854,429.85886318071806,11.45574519972377,346.83804859771664,71.824
48.83579288195265,1.4336228525102213,366.34627960949155,20.77452183212468,415.2645633415023,78.631
62.57568045583532,3.5830202549067085,415.55373760821425,11.51681924019787,478.225328389962,83.978
73.4791763826904,1.1921654394307684,485.90626041039104,7.3782596993100515,532.9420337891895,0.0
30.863662991487587,0.7877969436877587,427.9154906176959,18.731184457575836,354.9812804836663,89.65
13.11918211511023,3.7283656200997863,441.6007064230678,10.133626307938725,428.6318756355633,0.0
28.694933855904132,1.5511554479897596,483.1655581740206,4.470082312322948,444.62954062478536,0.0
20.060300669761673,2.8564202017208777,451.8492954623588,22.569687635996377,385.20386559067197,80.849
10.804922797410063,1.1322201703645933,464.9775492300864,25.83379987958454,519.5084726045172,0.0
6.91862793629771,2.046356386479376,476.64181116273954,15.831926479479874,551.8101353620094,0.0
33.57423493363015,1.5979680821061608,387.3789788938135,23.072181131914217,465.50575309800945,0.001
63.80782967641295,2.4841208054883954,363.2718575651606,5.193769234383315,445.06062779486047,15.043
78.33169268466774,1.60624133580325,402.3954376258067,9.926570424169274,424.4691349381283,59.246
25.71885257220591,2.82867420747799,410.3900070985777,6.530253010981925,459.1359900246299,86.924
33.10185944502357,0.8335633215052461,421.705072005177,22.085414166140165,493.37556856087326,0.0
30.837303919145633,1.4059308121028633,461.71264678659674,22.747265239776972,511.09660434158565,0.0
23.73258730921848,3.652173126503467,472.8759050966669,16.185144714483545,512.533690767959,0.0
82.40153634176508,3.262399253267766,373.3989874983946,3.2536028716515446,551.3061891839004,12.411
53.18073984474245,2.8003619371594195,393.7399407659289,3.1639556204366643,500.76887794126543,32.411
63.71425617034064,3.137647891513743,484.67755750631096,2.513379387329479,437.1363319689854,33.104
76.83704155909328,1.7766960541385823,497.13965914219966,19.300370169040978,385.4191172298497,0.0
79.23940902035623,2.319699926891295,433.0091573269433,19.74281702975036,382.72031482116677,85.511
2.9340362314374406,0.41344699171839217,442.2334782981885,20.512174083924126,406.7207298287651,20.059
6.7210368117466945,2.7617612410162926,479.0476450912906,16.253868296858368,535.2485758091303,0.0
24.76630126730366,2.332713859695893,504.01567079516997,17.155876564973166,450.0115640008603,0.0
32.25490007063685,1.0887866117994325,406.2095130510384,21.533648961011423,441.14559245482025,24.677
9.070115539564084,2.419182895246786,426.17595183491056,22.888572782697246,491.7665969588671,0.0
24.679385451519444,4.039546449283157,448.3575272879567,18.13165562634295,467.9706056321479,0.0
48.06263682712466,0.38575485473823795,460.91702382395005,15.492736060563244,497.80743224979733,0.011
47.59755693647066,1.6697040228721467,404.33583562560005,7.990065204009646,442.81990832305,75.609
28.602198672995357,1.9749008253087394,484.9925524232798,9.831153795171918,491.5163996586722,0.0
80.03937315309776,4.124440470572462,361.1771763041338,9.663281456617543,373.3916677826264,12.744
75.01525793460269,3.352593081939333,397.29411976870165,22.695696843711872,346.1170771174545,45.526
29.120722637566523,2.496948774925423,420.98969663519983,17.279704515539397,384.5813636419261,91.024
48.80859317848526,0.8078659008276938,477.33335931444753,18.628115220807558,489.3861567811637,0.0
69.13177827887112,1.382966204289139,357.1753384032935,25.373588622273754,517.4179670993195,0.91
58.95428038259829,0.9685172692013041,458.02170816759303,8.194050415160927,374.4334776158224,76.618
25.357037134020025,3.5231751661791435,456.63462430804225,21.01182633887658,474.43268659433136,0.0
51.01037842809951,4.100148796707444,475.04104827736626,5.304609409670952,412.28301031916294,1.384
13.084631536837898,2.686811628473373,406.9367281825357,16.096630693590814,523.3082392284709,0.0
32.37416838639254,1.2071033604720964,495.9622385401844,12.98629913934367,464.6929394764875,0.0
47.7103122394836,0.9443455405157241,463.70579559246556,24.696581536344652,554.749359513969,0.0
76.90287095893525,2.5452931058938058,345.9801283211035,23.394978181042834,514.0332381086522,83.557
43.36117739278598,0.9766706741414176,413.33352010501784,11.083354946904983,506.07710756246684,13.983
45.08674012493441,2.2511303475517077,459.4095603094035,23.016241981833534,410.9049044505963,0.274
18.338460230681804,1.0864901249475811,484.09350028233587,23.67405850324276,395.7680257645871,0.0
71.24758818328115,1.715650937635334,389.67843444640454,1.3049019236879436,486.2749215276883,8.69
13.246491946432839,3.311726120833293,465.5889995152694,3.7248526832613686,435.26817131767456,0.0
44.21831778400908,0.8802303848564959,496.20812843481224,12.18812698848435,550.2030760442558,0.0
9.385094071582525,0.5680862966808469,502.88960153142716,12.739747560242833,489.1165904216268,0.0
2.3476536571751425,2.261325301944206,365.46067332980505,8.11438827502795,444.31184567245236,0.0
17.226589625698253,1.1479710305073627,345.3158093432659,13.517545541623072,374.904585458976,63.499
14.352069568495555,3.773517794836053,413.7328160260911,24.050376821776013,506.72309811594,0.0
3.1211948087793653,3.8289980377274957,434.3977193247196,18.750740901573113,395.25225025360817,0.0
22.916247292793848,2.764667923819321,501.0360758091718,6.476330666378033,457.9959866526857,0.0
12.41976790251178,3.3107233192175007,354.2601725070422,12.272976721119193,557.5215048556663,0.0
47.89066628670104,2.1579907933396476,428.16460306472516,17.851615224162714,376.0994617566594,87.348
60.52930906771888,0.9510113918716916,354.5649756609152,6.123253209038963,472.998241607946,19.538
81.83502993277958,2.5905315337119403,435.9614262286998,8.843073505201474,514.1076083785197,80.565
70.12991333829017,3.732377725816773,391.49634465699455,17.675816082153627,391.8710671386169,53.022
69.89227708997365,0.5449499623252501,384.7158107157683,10.21217231988488,381.02404317073643,38.449
60.35046354107692,2.7095562207383375,402.51428785681287,12.30692910242772,498.4459903764615,84.689
54.29982483256334,2.227031509816198,395.76733926472144,12.377386332147482,425.06426267025887,72.27
65.76729378207257,3.2515079921391905,456.6229704789263,5.1383295811939025,546.8606959111175,37.958
50.410780454735736,2.6701776537943145,389.36030916273404,4.684175247058249,345.7022464164244,23.526
80.10517173658113,1.6121421916339602,453.28587772318315,17.94188264164104,498.8494764560611,0.0
41.26544283697924,0.722830660248871,375.9819908967774,1.422384305792877,406.9942306315492,8.572
73.29216797107277,2.310042448349102,344.852560348711,12.45548329372677,529.2783491471316,53.718
9.83411213087839,3.035885719760155,425.01030844017066,16.574034314508364,405.58908022878705,33.67
53.73391291062501,2.807215967813219,476.571142686248,4.416542731018964,490.22286194994314,0.0
32.79388826588959,0.8721395757173053,486.18614821093996,21.43002533728234,460.8592185962772,0.0
28.324964296339083,1.313683239215703,464.23057212420326,22.947266503694,465.3784892346702,0.0
74.45187419705627,3.3004435552796965,380.5171240866213,11.820931471569859,452.9227495128492,49.024
51.14886990294044,0.4895438380031321,408.67846613148834,19.092085742004794,376.02150084823154,84.206
2.2485234603754023,3.9902663430756475,392.1456058940576,21.496958482078185,454.6085843742175,0.0
61.57633214874034,3.1806959250288447,451.9433411960716,19.206103984044724,540.9788512164798,0.0
3.673198672161834,1.7474190550244626,452.81250779343554,19.985290722989326,363.99114702493597,100.0
76.75780940603217,3.8850164718428597,406.6213459577546,23.131701278709503,382.6599506219592,65.142
43.85624645138193,3.3159230342232453,374.0250432094341,12.812549520583556,408.9961222575705,53.927
82.15680118663806,2.138714686107236,355.9186089689814,19.958030422407486,391.97222359761975,29.002
8.751949117095252,3.7877362912650696,476.3367839499698,4.894693467540966,549.0954037169083,0.0
67.54318569000178,2.569114088128794,493.8997498465643,4.136437171707686,419.5113161852829,0.0
78.93824634428061,0.9955773806799119,490.8577636312523,16.081542212720738,354.94070479226195,1.288
24.305859614483417,0.5396679494673573,502.8800333615328,4.665641970363509,537.8231699575149,0.0
53.46005972094315,0.4601848943811225,472.577703972858,10.192135237662818,405.4382339452107,23.589
9.452777350569264,0.7635195017516521,428.56348836171395,21.94186605914314,412.50174165120217,27.55
8.605403365202267,2.1294461696312132,409.7139436129105,1.6689251879128308,470.456696918656,85.228
25.92702485766477,2.9534538107467965,380.3894506899924,20.07554227841329,510.67971864145113,0.0
25.269107258870008,0.8402918439812441,393.42536782395325,24.576402305451126,347.27205621324,70.403
73.37027116356873,1.792627037819837,475.2628622170379,21.103828810164842,468.30403493352446,0.0
26.954743205997637,3.0421323512632754,446.8381929265031,17.286313377584754,518.5547305826003,0.0
54.829160307892494,1.4521309567893907,434.0275884723029,25.825715733400887,415.4190614795313,71.184
63.26887157467338,2.719393418644212,472.4404892259339,3.2390021030135037,373.5159708941175,76.922
47.37657249003305,2.145862264767088,439.93030989170677,20.14547547011572,413.85758221303956,72.712
19.67796908831241,1.866004583781026,409.9716086451832,16.17116423316096,454.33633369421415,0.0
36.45266921642108,3.1602718324074597,482.40236325478634,9.514602755535266,343.94001639417047,0.0
7.07685367045009,2.493761921096903,416.8457357857868,2.0795207684865398,344.26892915725466,64.923
25.683427351585955,0.5509406064790477,355.36283379374197,7.929898665047364,376.3481939666575,32.492
14.681247459822723,2.6671938117501965,471.0979152291617,16.832141115332057,500.13669298944524,0.0
60.80175509502793,0.5249119823716156,414.2011278206721,5.754107700410733,513.8986288773189,78.682
11.101311447958924,1.511136722352294,391.79505697158925,18.81221096803351,361.81375106335173,90.42
15.833916852868247,1.8309782296895083,379.3808290150051,13.026214751287323,434.2066670006014,26.144
9.315299558261938,3.987067767179212,493.29900258949,15.592187170597755,552.7758235443841,0.0
42.47754822111846,0.49483771348112326,386.44065253606635,9.605649468979845,545.2119064892911,40.567
56.18837584350367,3.5747813962547546,349.04413314434345,3.958474612601452,492.91844466054863,9.295
52.54095573919304,3.6647911242084557,398.19719906807995,2.1939549322307603,422.7004162000189,21.111
62.310822553842435,1.1434559287190043,390.3208274449397,2.4399960007989923,436.0254553208728,17.831
36.96421949659322,1.471109603109396,441.67780246213266,5.054571445021641,457.04116063946276,76.503
29.701729892584297,0.6154472440477317,366.04008908668635,14.198981429058996,412.39744760832497,85.031
32.12690738227485,1.2384992427608716,473.3571246486016,6.839631506976549,393.69342151178284,9.575
34.20263572019015,1.4821363266335355,355.03176887688744,3.293721036607727,553.2326522208805,30.475
32.82804318979394,1.6948953735542607,369.5867283790512,23.969574240114998,515.279239838439,0.0
3.4641832746456576,0.7165033302173156,480.20884447367973,20.969867449605143,503.1878951715893,0.0
50.15153420042221,0.5146410096873462,435.4885764386313,15.255893959300375,545.7723183306011,0.0
69.23963653193876,1.3591216222542202,461.22909547941515,17.936762938724826,425.9208695475383,6.587
7.285943840713912,3.900908927317851,400.8052430885639,20.784527599491014,481.36891802594226,0.0
15.196221214875205,2.0534732822757364,497.3154624397879,1.258407953303497,356.8067271527445,0.0
81.97528245837897,3.7702109586065933,368.2078977283797,15.979662296246092,430.09740953532815,39.804
74.89889717983573,1.46019443343181,463.2786354575354,17.05173055885633,474.12916962978557,0.0
50.02833990575189,1.2331169775869344,442.8425204438505,13.203138265063236,364.9729090378864,87.589
50.53922918701863,1.0008687577883302,467.6131721932511,18.617648601509053,513.9234144191435,0.0
37.02828271942664,3.3805570859213576,445.2991950622494,2.692076663712567,505.6097533971291,78.276
32.731324126874235,4.001893973309556,362.63805792417617,11.651356386285544,509.29847418650024,0.0
80.13854337158432,2.2370333863287555,422.1957322136517,9.352345471357344,445.1849146706392,75.078
21.097920143768775,2.0603015328192003,368.97528330783115,17.933300136848313,389.1103845014894,86.866
23.82909001959697,0.7377793939794923,371.3972377561561,15.901750245416704,498.5660699305639,0.0
10.050627212093348,3.782390498001523,363.15577234146957,5.7125578627883025,489.96777490522186,0.0
64.69674396123325,2.158955209018514,475.8903070938359,11.970660408578857,557.3570953829853,0.0
77.65423934370446,1.0537982761572373,451.3048377329254,22.86031652394037,393.3707995975498,71.835
81.48666734014004,1.4810923667283404,345.7565344474807,15.399354645712629,391.78684576685345,16.583
10.6585829119636,2.7145663648661738,429.79379012860875,4.694616459103362,495.93627764572807,0.0
49.71886049605837,3.910762690842419,474.48752654453193,25.25002389089937,408.0493782007875,0.0
32.98299232066414,3.1446309784863096,472.6697774971258,22.06050697262123,524.1408297728514,0.0
64.90550460248758,3.5999890684676648,346.9589003810093,20.690649767816158,523.9515314546286,75.483
39.978037641261054,0.868795581190337,376.68395159636964,14.523431060424526,402.13772893759074,72.448
16.64679579511293,1.4298297068151244,431.85575845374365,9.10781086368224,548.4615011271014,0.0
40.817310130288824,3.2436501409799003,424.33344670755775,24.624894608147127,518.5717626030764,0.0
68.01447216722865,2.942862908743521,441.8237190843024,17.192206039068363,502.5443526964675,0.0
71.43332914210927,1.2160794419607672,504.20179014699806,24.067915464379286,443.0751316155637,0.0
67.28458096921172,2.8499943920022615,365.58680739202873,25.54365914231186,375.58151011328346,41.051
51.171492816630284,0.6326635001690395,457.4611711132442,1.4078566163109403,447.40538448155144,68.776
78.8937965447752,4.10228205928387,426.7533280522946,12.7098817576394,401.88197234608833,70.317
14.329295259590301,2.9181055102040285,477.3103296597153,18.300252494370845,447.58657099844385,0.0
49.183991763161934,0.8820991420831883,374.166441848746,7.8432607866337785,510.3075404300249,72.585
69.17264076722942,0.7219217946301087,407.91131750213356,2.601294170603279,524.9059882292768,36.437
77.39997162777415,2.2045538294609592,393.94639692765986,9.474276353732073,413.448645579535,44.868
70.01630611024103,3.0240344034557247,430.79423628068605,10.596372227708715,524.1672072941922,44.824
25.94190238509362,3.4324624697321924,410.1380931529536,4.110533528619736,376.88553786168416,53.73
40.97436955748954,0.8003460354254922,494.0883720959014,0.888391985793636,400.1651339228323,50.415
79.93615587382492,1.049791125458599,418.48763589443644,25.476274792424334,517.5764651794211,0.002
4.526637645626989,1.8722745998010488,370.0862770574005,11.50406381873003,509.459270266633,0.0
52.58220521071332,1.6710072660820638,392.5731678202856,1.6200334898879896,401.9418890174411,14.1
46.60048231926495,3.1587575132998125,498.70592198541124,25.150605523572825,345.52985599871175,0.0
13.155514099232473,1.3960580973519767,447.9817688463529,9.482469656801763,393.13149274040785,70.056
70.6087786658015,2.757048959750457,504.2279096888417,22.394869537317106,434.9035404486797,0.0
3.7740511814248325,2.0583036691264454,398.3589047152779,11.55221875291672,396.3388396417391,64.122
5.73467718100885,0.7399134946277657,489.87253331429685,2.5374604070036777,430.3089315524298,0.003
57.432824989772385,1.9728864126304604,396.77874456994846,23.092481653208782,401.7513098366554,83.301
67.989422513468,2.1276558563269456,433.99418509325636,23.345801124560598,467.4215546608525,0.0
74.93317920246564,0.9811946003758337,473.2206153458628,17.09534256980535,403.36975970238325,8.853
51.67130653012483,0.7539877834485131,488.54015612379754,5.896417602314358,499.5180457449184,0.003
76.04246062885052,1.9484021299369707,349.81503592924236,15.070604886700782,477.51833002465946,50.154
2.7104301366527963,4.106597000631549,452.417492054122,15.208023973628714,497.5715798150962,0.0
19.121202674055695,1.8534344729340209,379.75226095821483,4.58268077288008,421.264542726238,61.558
11.224536422042668,1.7676164794534133,492.02507412577665,20.39549027725786,494.5899279994926,0.0
44.985817186197735,0.71468221404446,345.7352545874999,25.000503197392312,417.29484187463925,86.217
66.39641053908704,0.44338210301424996,372.6333283265204,21.752854392112322,411.5569573291303,72.608
7.956811532571965,2.8721599500422195,500.47444246138093,22.596405003505716,346.19598129285833,100.0
28.466042285723923,2.0035946153160027,450.2421758907267,18.972622491775176,358.7788165079308,88.93
44.775333899338726,1.6569453852368228,414.2453804299348,9.277734384159379,521.4915807620816,10.631
8.640887670590342,3.574017361660117,417.3120992016773,22.14817743500093,424.21391136276804,0.0
51.836644068042254,2.238249885089375,405.69090544185497,7.1851135709079,351.3421453928618,45.774
36.30997099782804,1.9814262517343422,384.52180307522144,2.1769366734511495,413.99717688633865,19.767
61.317869113988586,0.43313447319829357,449.71776462794185,7.525023903311837,533.1296620820532,19.565
32.86274037938641,0.9577424369761726,419.2552660645265,19.467471377363474,481.6517479747745,0.001
76.27023167420488,3.2581872392647955,359.31691020959596,18.785170919560745,486.5021302131337,71.209
47.19432684371741,0.7387551536073016,500.0691805652941,14.643074488671974,472.0981746663892,0.0
35.59106001345701,3.342939590165426,453.6636332207818,20.180307661604555,439.48388314660417,0.0
48.16693033703746,1.3561398165146525,463.82952956612144,11.716282424597496,549.1703345314229,0.0
54.47357512147117,2.066876293051496,418.5385723000964,18.077241687621843,406.21307267568096,88.653
48.63571908369832,0.8378814748412475,476.53178669846255,4.899058364558732,412.6461187490428,20.966
9.48227898609203,0.9468136950322854,481.6552968524134,21.112304344902604,396.04633871548515,0.0
33.53440418361743,1.1297100817955645,459.9022615350033,14.82453998196422,536.9479989771162,0.0
27.870741897409303,0.4811741817811021,425.89075034508585,11.67879592594591,417.6111849509287,76.243
42.423449535444306,2.2025712158303867,418.3703025920496,3.8350773252982426,428.88136509539623,61.649
49.48353312110166,0.364781965049667,471.83402354627356,4.526383744142878,434.0854771291767,36.476
51.472633995639356,1.0044232577596524,450.10196249770934,13.885092556446983,547.5866985741347,0.0
72.99957547660505,0.9436317788582314,467.682382502053,13.790670005969922,448.93693200802943,2.11
57.590731567354524,0.9248663816596625,438.2629034257262,24.70881065329545,518.0708167920774,0.0
76.73238907649394,0.8110347354923051,381.6116005227895,25.959729931311443,407.4407692233717,76.441
28.291279163761367,1.3347601484345653,498.946828983121,12.17175159726091,456.7567974746442,0.0
49.6283502459172,3.051636827861927,430.3854477690737,4.313154471377492,451.6092035178989,70.05
80.75321198059883,1.9685880186050024,461.3515355505289,24.791145372658733,398.4292904621892,38.997
45.66003537284991,3.2279075478976402,348.46055477879605,11.789246355656609,534.4553099362847,83.651
72.44120849503612,0.5630919521317652,459.77426232251116,2.7006214980692227,406.6310931580382,74.298
70.43451482500704,0.8271744606538218,474.8240975798292,22.563345633474512,391.94163866778393,12.628
46.14960629124803,1.7735761522916387,420.7861932295332,1.9395994831516665,476.71154668286056,46.338
76.17822438514057,0.9030625078870036,404.5135764933185,13.59709955334075,467.90347994381557,84.406
25.463854588744887,3.2753221057048756,387.93607301212694,5.164359123177389,494.5034320799853,79.318
54.949861419269936,3.4881294921515344,478.7259989603738,5.116694527566469,397.81744982945935,0.0
75.57941748503093,0.5423688286270142,395.5714605683499,24.79461476931686,386.0136783327912,76.301
71.1504436456911,2.4619557345565335,487.805097201555,14.141174911561423,505.52254543338574,0.0
6.893254132872971,1.0919957640636908,424.29327432096227,25.933421447225154,399.4936249755535,45.583
35.08787886755887,3.1199404016245684,441.2321920723938,6.126901673661807,541.2459343507946,0.0
72.9613398639552,3.195070278254452,362.36811897045595,22.973842942655804,440.89926537580254,67.143
70.08300040114827,3.970641890069594,499.2228197392101,5.769284050268559,496.81274796773266,0.0
5.970138018884816,0.49740848852699504,492.223980952797,4.72446405030747,368.3275794784332,2.64
76.55657109312422,2.359220795152765,493.3700255832033,13.843374421874808,392.20081601645165,0.0
33.18786572079257,1.6858799085216245,427.6754437027731,1.9628268275256309,399.0757036919595,57.163
67.92225270473874,0.6127902257403681,493.94068146269814,3.794423010620279,523.7754410033601,0.616
22.748657385945222,2.6542800450757444,472.1822681469562,13.41084959705027,356.39296718635705,60.854
68.81274550046638,3.1784524974092654,407.6006444133278,16.25789126339397,409.87075822477505,72.443
64.93859398756318,2.191569567645664,405.47901932039076,4.828553678246556,390.8665289473229,38.607
37.200155744888754,1.2643535559984769,364.87666062752436,13.075355540621029,536.8262731407333,0.003
34.6234304136982,1.60178143710493,423.4421465550767,21.46745528958881,399.22254199098705,88.289
57.73270423421093,2.63853561121211,405.37009088137063,11.47306582254712,416.42614107500776,70.063
64.39609735155115,1.8271593382191282,365.15602017687223,18.10999723352702,408.42956161463275,50.461
4.244288300796789,2.0442754084237684,497.0756024897597,18.716169001819186,352.7420535329873,100.0
74.34084269498246,1.7249272475642567,474.6147643826961,7.046979720699639,553.2960278701087,0.0
49.52568808614112,1.8609608405368978,392.8765875650931,17.860318227793517,495.6012559696582,0.004
70.01008489161623,2.682613206116097,403.0971963950235,7.4966562226576325,484.16308988389335,61.156
42.20745011874102,1.2595252518445557,353.5292986603216,24.818712489163804,479.07266892742973,0.23
14.139211132053696,2.76919225087783,501.9704786660159,7.403822432226429,383.4398493104388,0.0
28.486389844753788,1.713649565699519,433.36752569580386,19.91778973776085,545.5758763655846,0.0
79.79373532308307,1.0685911165810174,422.7578015728607,13.246833753963747,485.7468032668952,76.482
6.970625501006048,3.5665349991731157,352.0901461083273,10.46707997885559,368.4170241473989,79.415
60.24421646964772,2.6038415629958758,387.65740930062634,10.376473873685958,405.78462371589876,46.726
29.380847244510477,3.492813510094699,489.05596302593455,2.1979297887579774,387.70655318631805,0.0
51.93594069521772,2.7371898569049598,478.8061705456109,25.082389325264455,467.5773700657987,0.0
7.398802966732639,2.945699549588075,408.24296326370074,9.763343422847932,519.2295716401827,0.0
83.00856577039386,0.6268965910065212,359.793460886872,22.83666629824542,373.16949622928905,30.644
60.779403519943735,2.775257437625379,354.4429502530279,20.6296379654981,348.23157289792096,19.396
44.75775179330099,3.3092932093168663,490.4067628380566,13.8278112330507,349.5713491835071,0.0
49.51049587163038,0.9231112059800962,361.8691313433563,1.1275832635035277,509.6269107728096,3.597
46.096245207417624,3.8046295128600716,505.8008933465808,22.486219666820364,343.36623252597633,0.0
72.12616578624923,3.995174524320644,463.6343814574956,24.734764679488325,367.520009056292,87.319
39.043907375965304,0.4374620631676291,486.9236891499937,16.14872695403977,346.30856870895104,18.489
34.08723517152964,3.6784943153496363,461.4109905733998,22.302649137806927,378.40578327771254,83.804
69.63624389511718,3.8429863724403437,350.75475335455553,13.754821294828501,549.2611004092796,71.203
21.398293874749136,3.282988105706788,353.6180595375903,17.004596721534757,450.1290712539821,0.0
70.73270111676383,3.4779833370238356,352.15247072137083,25.068140580063414,556.0040859080175,0.0
17.608898223577683,2.078818276115717,495.34931368471445,6.456735243477474,420.3774533511798,0.0
11.436221899101007,0.8553686401824878,470.20619884300675,25.238853512015904,391.724024867845,25.143
45.20245457776378,3.0878315757725314,473.33825440084547,2.136913688065435,532.7156275959469,36.566
51.39595879582685,3.4103262146439133,497.6091192750928,6.2901203100423055,516.0937680658793,0.0
55.646021407500854,3.7243306475023603,429.6042605276259,7.5476471359871775,406.10782844778544,71.096
55.08135428468216,1.8575940143231024,435.9702841460928,14.97998652831364,441.75137876908417,63.307
23.818059186399097,0.35188907848597323,387.4146487881712,21.1696771759202,504.7356236479686,0.0
11.493919655546796,3.8207306989199936,489.2345329470503,26.065235121963745,424.62582683799786,0.0
74.71099401358319,0.6197908176661775,439.2980503343434,18.422192930654816,538.3116026585029,0.008
9.197751904232804,3.8661952686011865,480.8612902839262,16.76857688984264,408.4639922387294,0.0
19.137982732691476,0.80674461504993,475.5493821747223,6.780372519865697,389.6801645137618,12.442
40.22787043510826,3.124445641934753,428.26598546181634,24.25147030677297,477.4451944287379,0.0
80.47056735802747,3.549321338723916,357.3162685114045,23.28797623191549,350.42464072655775,18.662
55.6211715982369,3.041636642554937,423.8569096328038,5.112664803620872,380.1398162321793,56.407
68.59309200132742,0.752968701554769,361.47920543461254,19.05637590986862,425.17757280134146,61.008
10.690364569486185,2.057067085612959,382.6917141890884,15.03447573663508,381.5737275405889,94.248
70.0681741065365,0.8678086123038357,400.04386532549967,21.981832447486685,426.3768635709757,88.227
46.34741302533613,1.385185381555961,358.7281136304602,9.718188827819606,420.23423421477105,38.073
29.92026306987288,2.5376055130758712,497.2123550578707,2.914606268798842,377.95667412141944,0.0
19.105056761859537,2.925651230809523,418.87911622979607,15.511595771709418,442.75458652180805,0.0
2.0572904978077875,2.446450194810763,414.8085116895089,9.789636346549626,379.40363376375825,83.237
20.133018758379777,3.953971029193861,440.5896875272564,18.248727231418318,398.82414031528447,82.878
56.962614175913934,2.9598322100798,491.3023877290927,15.456875827075342,481.22670955911974,0.0
54.63593225855806,3.237944889646343,495.7591404771059,25.304909785571176,494.01590378633114,0.0
11.910925732075468,3.0281060796817374,401.4361144940256,20.323015991460625,466.6176969311937,0.0
29.99449237661816,1.9280213838680056,498.8129890247312,23.339378045889305,431.50548324429656,0.0
11.755498525848926,4.053844587442574,356.3050011331752,2.8173264457103135,401.10610959964174,29.063
60.68761925184672,4.0448182263550425,370.0706120835081,7.958526975319983,430.55886071058353,27.164
53.98383263993896,3.8726305000347256,435.60893987554425,6.65844173457581,541.5229618186816,74.899
18.53411180377858,2.034936999747201,502.66433150457783,12.79199773890818,488.27809003733466,0.0
20.304018002881904,3.039140218376214,434.5124135605285,17.9178510006523,409.58868477377706,54.647
15.000065364597981,4.036216464726291,472.3665317780366,12.02266295867236,424.68425758844205,0.0
34.96376651066216,0.7139705311654042,390.9909905190582,20.94525046168569,450.0963201690886,37.209
68.45272405716096,4.0601469270583195,383.45930971772265,23.42684589847654,407.5910829237139,63.508
52.94355382114493,0.9861563204167253,479.2178159043061,9.495021774530406,432.4769694599278,0.261
47.959966103596,3.2724566819243828,437.67320035413763,22.826716160817462,356.6766251217776,85.051
44.466293326574075,3.7233056875232045,392.32314563677664,10.877203038802408,382.9245656054212,49.571
5.790966372121027,3.2524168722192943,458.24320057777925,8.782985121208489,542.4099945865427,0.0
13.696868678797976,0.38833086375587983,383.92732097006103,23.747555160200214,552.5625632659434,0.0
3.3428893807269535,0.6385654253869857,346.50512286145965,16.995818421714628,434.3750376170148,0.013
66.26938482303123,1.4752457679445925,472.3316628427376,24.717846357985675,442.4365096150751,0.0
6.066814524105382,1.6323563604048998,439.42265034720276,12.052630223774436,420.0642501824137,4.378
27.853223232672654,3.901525446476055,396.17278499866995,25.568348354247366,354.0205303402058,65.892
64.50101830393379,3.203214578250337,381.4804042665185,26.127283105499462,387.9018782493015,60.833
53.95573974713768,0.5459084399301419,360.0313217761436,25.211961732592435,518.4359804038477,0.134
49.008922758059704,0.7990903347404897,493.5632839647421,26.085697636847904,489.91691806236975,0.0
63.011754352133146,0.7189811503346832,390.1411059975911,24.325508069836733,454.91667437099943,75.742
10.810706951024784,3.899246287184407,418.72864002750896,11.74721994910253,417.4202036972391,0.0
13.810708190146428,3.0398850519548963,364.0366412456319,8.17678879029425,484.16187043014463,0.0
47.77610069855352,2.780641364571196,389.23959072025787,5.740128017521495,389.6259025303765,33.941
49.49769336590782,2.7338227805555584,428.2315180574835,11.241933424158468,344.3986467088169,70.528
58.43751193339361,3.080933207270398,487.41560642362094,9.255482335649061,524.4280543251276,0.0
47.57938117572368,1.2209493507664066,387.86288580067406,3.128867454112929,486.1328485026067,32.345
11.156927498477284,1.1091540844041305,435.0893437492622,19.912016075452623,371.7295016392767,89.556
71.61773700703769,3.3449922886241485,437.4443669573696,6.085639525065726,484.92200757698015,76.629
30.146995943937995,2.6312093026454235,481.7610875243695,16.545416625634296,553.5075228547357,0.0
16.9271046039106,3.8788888002614352,385.1209656035143,1.7246578747116312,486.4713244289226,39.995
18.77249778900574,2.5677640848339434,381.66871181600993,6.548439811873443,343.517815487249,35.967
81.35335093979516,0.6900384359965425,432.489682348798,1.5719210918663094,431.39277034895923,35.753
48.54840940953653,3.314344168138611,392.20948430456116,5.047947616263389,493.4815528542806,49.638
12.68971588373049,1.9183430414735385,431.0619209953146,19.683828200364015,466.3403641111331,0.0
30.969331378430446,3.9851879559664054,381.3682967458031,10.550149471061136,545.6847316522333,0.0
28.457912068232133,2.2008385639356187,479.24065652440777,16.929504704523122,522.6961789784165,0.0
22.43142665125879,0.6519980655939367,369.7999875303647,17.495094410007788,553.2048053326133,0.0
66.24659206754731,2.910832403748421,472.2599018319841,6.383066705199416,425.51251951384836,0.048
69.20751849467325,3.89680484409063,399.4129213728244,8.11647552520241,510.28944883497843,62.058
5.836090110434733,0.6424362192189035,462.16378360441104,21.6762884964191,485.6304243829718,0.0
24.723916046103895,0.8664619113742816,466.7359154484244,5.424367374749113,376.2578980378613,52.019
69.99672989653133,2.5114881866939016,460.8667949615144,1.0407594097891526,454.7301680244485,49.396
26.120127904272643,3.547968166707717,477.20403660036413,18.180396079808848,355.5124250399243,67.345
40.49563627012198,3.526982952759865,485.66733246402276,4.153583593025093,439.45038776481675,0.0
37.69461251880748,0.8950008651922062,388.5639029144771,23.62311856995137,536.5392778961877,0.0
57.512635715103514,2.1893161932650167,436.2987298425558,17.994482107908265,455.2868717921511,0.052
46.502002649998865,0.5112213440856489,409.75049404050856,11.190485359093783,529.3840166471853,12.768
18.089845857273126,1.023329167995258,484.965590743418,17.872845590923156,541.4540574637678,0.0
16.765382749212197,0.9544197591911391,432.95080677028614,17.14017013531249,363.65094839608537,91.917
38.87440521107845,3.2186166455221543,363.5602830169548,2.5651005181339057,526.2002049276355,16.659
13.045430124664929,2.594165223970539,488.5038363922078,22.009629037170885,462.03492639849077,0.0
82.29019113191653,2.8712866193943194,438.2246928121132,13.309272565002793,413.52147433054324,84.166
49.2536825675183,3.7639355681043574,445.71460833819395,3.7729804778802656,369.43163184231105,67.098
61.009478407340126,0.7595284650622278,355.23450923445466,15.489370120846266,474.47226075378336,76.845
53.91438887113688,1.2435154434076865,354.6552571354557,23.755739862124752,494.1520431891214,6.689
29.964684472853797,1.0323016175164095,346.6706452543996,5.965850180680135,525.216043002207,73.005
74.79347796635105,1.1211480835799605,436.8003778204953,12.131137386130614,353.5611163306451,82.147
58.70994966131642,2.2224671255176864,400.5479881736779,1.0965599026672666,534.925891476596,13.761
36.8133907161825,2.326727240026707,369.3705689478984,11.321867998070797,536.3328450994202,0.0
73.76151301090013,1.1881653340326115,395.99781175203464,25.651328104001873,547.7405158836743,0.0
10.984766443149704,2.9785178741362084,457.6479235526857,6.760600738989821,357.51703988996707,88.729
44.86430237008622,0.5620335331419217,487.52315653498454,10.279094829064741,505.44058832363186,0.0
79.03901969240206,3.4514743820017313,371.56556716066126,23.541157764834935,548.5768519972528,0.0
41.59687095817912,3.6413996945114073,408.3496868790098,8.37043097255504,471.3510675411945,82.349
61.41765178755918,0.844481920189121,483.22017500799654,21.95751010474069,490.65910743352094,0.0
16.91852909213965,1.7804382922999342,447.8152952804303,6.157749165552912,405.1247179146259,70.518
4.5565039891100785,1.0874952223950292,359.8915521338476,20.49309410591874,432.3854766378401,0.038
37.45485911466622,1.6415481677960622,459.8380993468056,2.118315131066371,369.39476313750316,77.916
16.205729742215844,0.45827428467747844,352.44735245707676,3.6272861846330766,374.30494915603714,20.692
49.81908443735856,1.2212513354686187,408.6483487205038,13.902423660883997,474.9733888932314,63.447
36.08028081878016,2.7265955493490033,428.0128067256722,23.802339724652498,425.3340684101616,0.065
3.309880955689504,2.2054455841210467,380.2295304843658,1.9498241253423456,437.3100028451962,78.24
82.97256644646644,1.9144183737397844,356.25133858576453,7.254247772689134,466.4948563343859,15.129
65.74467187391731,0.4744595377901848,469.40061250683675,12.217597662966739,385.7867161512326,42.842
66.21591686835588,1.91112954455902,356.95543152285836,8.722775290234342,368.92008135025355,12.324
74.05353579067264,0.4861807382566064,454.9951299474899,23.936590113508487,533.832561567817,0.0
17.85124134127979,1.5158664112682012,364.0278845291643,17.83657020495295,379.38115920197333,84.722
62.71763104018269,0.8788311157892799,391.0263311129049,8.084852422690492,364.69481149491685,36.872
1.948684413238476,1.7127947983003864,407.63594367325896,12.466113079495065,511.8369320167494,0.0
6.589472133635451,1.649832372299644,435.116325107378,8.566332552543034,457.6872196198082,0.0
54.98044406971574,2.4563942172285467,494.56073706277186,13.172258301838585,396.37528968033206,0.0
46.0863725750753,3.94966437089536,441.59166162636427,14.392786307488542,462.304805569091,0.0
34.73564615168825,1.7000535001089823,504.0791347018553,20.225538166106087,475.07672140640443,0.0
8.005830430626242,3.9385287487658034,443.04743517637564,4.496288560064581,453.5068075641762,0.0
48.75358567984243,1.2032865177530012,458.3216157754981,23.837445537534744,483.07970658147633,0.0
46.71506022461061,1.6099661964810115,414.10469018162354,1.444124683559687,519.0571399399514,33.612
53.17327110308969,1.802416843120418,378.98602354552156,6.616979709903776,472.1200844329229,46.627
81.6976023278188,1.9173889724346007,482.3555201704497,25.342025890628282,431.22780264582593,0.0
74.28406869039688,3.7844156286139645,427.24699949603763,16.651522661764485,432.422983424134,85.324
14.891446390631906,2.408622754155028,428.0867120986751,21.436752250260366,502.1227616661545,0.0
68.77941897164527,2.2805959658681045,365.7305797873273,15.315388937928262,428.77708350178125,47.754
14.26411854090813,3.930828030272091,493.70299586048355,11.092127755985306,432.80502573709276,0.0
8.363744595567915,1.7934579016417116,402.78247343407924,3.7976933946142095,398.8749134537826,88.042
10.947127272624144,2.6417190300908633,374.8396603216773,21.130789033193988,505.6995479912508,0.0
14.754138366502605,0.3495734116562732,406.470254413623,6.998331985326373,352.0322963364625,76.28
35.61400382462641,3.9415451225425295,404.0484146826969,13.284588403935972,524.3705721951125,0.0
38.97923101142013,2.3475043717334865,466.08757779067133,16.263695628567067,375.44333459300765,57.568
3.9511986522275215,1.0648266644377777,474.94555731428693,26.110787259792044,482.13351570000333,0.0
5.718357403972626,2.4596450387160185,355.5798729681694,12.976737966130784,506.86399967566433,0.0
20.013945119310016,2.3220536493564565,505.5106757314753,23.7206222927219,358.0185826961571,100.0
80.52885930788482,0.8599508645668569,442.1217910984672,7.642743088009859,363.0558557216954,79.782
72.23099058270546,3.8590517350140545,496.31532430521395,24.54726190023602,349.12079212399914,0.0
69.70889629282489,2.8486739074380134,372.2866182842553,16.6118644854665,405.33361866019396,44.255
17.368515643781052,1.9400965599911273,504.4785722918264,2.8669947405278453,396.1210871173324,0.0
4.817059498769366,3.2346310480355935,415.5325866692325,6.6680436968027,512.6241187654705,0.0
65.98922111803111,1.694187970701389,488.97795921983584,13.848560077873076,430.91892674804245,0.0
69.61700380731398,1.2341056927465346,375.19058522724356,5.292249267639483,345.0629809265357,13.454
57.92645231947223,1.2864940450101026,400.704050375061,24.858788200149036,390.9734496719552,85.001
70.69955795667262,1.8191295502868825,368.78388349833887,16.208274357737327,456.408295308599,66.459
55.96943155448962,0.499846126715072,438.367972537217,10.938592939014468,555.269331194233,0.245
17.586289482076523,4.013476784112558,445.27453514824003,9.467664869628964,397.9724211648618,88.774
52.688171842577624,2.659192797169196,372.01446457309277,22.40494415651102,355.73399214463007,37.844
41.176757604423734,1.0483798761635965,350.35069492943785,5.286246452574374,485.1783540954841,28.324
69.95218977806793,0.9114503386282847,498.8674643080005,14.080101656851962,519.1197748641638,0.0
76.00790725378845,4.0384714956168954,410.120562715599,5.403938588850307,538.54653618902,53.194
31.36969247865038,0.9122850227414424,397.2587647524514,10.709575140459112,428.0134717858126,88.634
38.388534786601326,3.388066654099831,409.2371012094636,8.318202737296227,505.08769895681127,79.067
15.957169034334884,3.4177461841457895,417.0766810462006,23.279921885132122,385.8042299455671,92.681
43.48787891024918,2.4024988782235126,487.9411148040612,17.544958794853123,403.7984844686835,0.0
73.23789001002095,2.9385543442559534,422.88439874678966,19.6274058593345,471.1688442682505,48.36
8.555877797646678,2.3473793938556464,446.0017123882364,8.870590738474261,445.366781226346,0.0
8.217825871056583,1.5806086689148624,429.3425779829747,22.316670750607,370.1770856905443,91.971
56.01935160541203,0.578458645688145,349.3490227667958,1.1985794350657841,481.18128785542024,1.725
59.05093554594669,2.54859538088704,420.35439634510817,3.553204617244117,476.4027332528871,54.84
46.25215071196423,2.8699900925883455,374.4052763318489,5.103489169735871,404.18628197067915,23.077
41.360867957322846,3.1361256247610534,347.43459515622885,1.506556037322356,549.328533768919,3.861
78.26047413583022,0.49037177528087195,356.8420145347081,24.45721425120744,491.9767856529857,80.655
73.39853471350902,2.689607402903167,395.0791208732775,23.022419765162383,396.1939728459865,68.799
70.03088158881896,2.1753460695369826,469.0838749261708,20.16489351520409,483.8727127498828,0.0
38.53455329653846,0.930319716731832,448.14082616509825,5.919495283792194,349.25456251969416,84.825
32.70310973809523,1.4598609639827274,449.76180162302705,4.14532608271648,448.26890183773963,70.093
59.609850674747335,2.26497670778964,439.5870473403613,14.576832486044324,354.20503673849214,83.643
30.911967507543196,4.091749041456011,378.6846482683509,10.269187714779434,553.5680441419278,0.0
60.97661814069832,0.6728106663029355,459.45461745173566,3.5393206458478064,468.7886157064707,70.659
4.121294750487346,2.670010688015775,387.7627917124519,15.568031108878357,501.5203874125118,0.0
67.07431198897547,4.098752215953792,467.299632430408,16.205075880894146,489.30615410271196,0.0
70.17444741169642,1.358282524567298,471.2344787134699,2.966805531351051,387.505629562401,73.425
22.887290090274824,3.594492552946728,397.36539783959506,13.706233326180334,544.0317074763235,0.0
82.92848859957209,1.9507051528006394,464.47769506830673,6.0342786344605,523.9910816992266,5.497
80.23364457558803,1.3680408932808228,449.59618566754796,21.335196880902238,376.1610306900267,83.767
17.33558894091934,3.811081669970773,463.9649123416768,18.51418573284076,531.0517286220172,0.0
14.923045233663174,2.8812961903831535,454.5732659456326,8.564167020356244,557.7368834490845,0.0
42.234515830997786,2.1430602498650684,432.21880995735995,23.55092678808193,494.2769416715531,0.0
4.175508922487566,2.6070099898536125,363.4992798758837,13.971755608277883,399.8802105393031,50.127
26.38747592383391,3.2865335787774645,405.6583994213554,4.708322805292726,363.337760254488,49.466
35.223418847143236,2.5221725352590028,357.22464607995374,16.001230167903124,408.8164381566542,67.562
34.56924078378615,3.6459137007341966,467.1022217760747,20.912156588939684,463.8856982527329,0.0
29.66712761310633,3.7595225494254794,345.90025603401733,5.620766375254887,366.70600196117147,11.203
29.6361922625859,1.9326857353675475,348.0624949925722,21.138324298657967,524.4594265005583,0.0
64.57793015216406,1.723916344814187,357.0486599342145,9.223077489986013,363.5275974212401,12.791
76.93013604530113,1.624268317111781,423.93471375359377,19.25135311740682,373.22124404369464,81.562
7.545626496061578,2.640768471630986,437.0062371787594,12.565223966743854,380.89443211567493,89.035
72.82102517473496,0.7398257005498659,406.49321933948715,22.665790067589917,408.0670178740831,87.689
72.40634622265003,1.5256140842512762,458.93596879070935,21.65522917567325,372.42575805895535,74.346
29.344055345812976,1.8898944168607628,478.5676659402485,3.6862660296550303,388.95417248161203,0.23
43.29494153387647,3.570558864398908,379.1882043434877,3.6017072364641622,360.7400011155594,16.368
75.68620763878174,1.044898411417543,442.65047700721584,21.835128368947338,465.99549302773426,4.291
62.015812512243265,2.9695206958223936,452.9132817510831,11.9753074444921,551.9885463598167,0.0
22.086475139464355,3.7840059773608914,387.55074221591826,23.12502408353006,377.0686059048434,85.15
20.418066537709386,3.3979784143756473,430.75674411908807,5.658189367033978,477.10039695920125,0.0
55.048616818577635,2.7298254912386297,401.5212873501191,16.72163102092418,451.2717383819558,87.748
72.3585913365649,2.2177561420061336,481.5078228210298,2.1100499322416724,344.6060994245068,71.759
63.87421680868954,2.8657366021428308,418.9352961865538,11.383819339448557,518.4232915056355,66.325
6.500825821774874,2.4249096303451516,503.72010996668786,3.1845779808068464,436.66026313971935,0.0
68.55418338834242,3.35415467712916,378.2679882767561,16.60514922823287,503.5272880856302,84.053
59.381473172478415,1.4148618287613206,453.14290043850116,15.990394767575514,545.7323275490244,0.0
34.82227449984053,3.7522134013854536,468.62810785845573,6.451908511892451,417.20407444770774,0.0
3.7550633866158036,1.860915927454216,480.7227541705932,1.9128910271494264,478.8137913010778,0.0
33.4680419517124,0.913124229170875,489.92636654086107,4.523400727054725,529.7498706255949,0.0
4.206264786970657,3.8923518153375136,404.92047758226016,3.843466755340181,512.1808663153822,0.0
70.18887539764305,3.6305031114693285,393.0462066306205,3.684486014715759,402.4049754774952,20.685
49.85466496574667,2.680925101243721,402.0233512098178,12.636555119638166,426.5242984493236,78.718
29.731911943542862,2.9942490301380453,467.3543845378238,5.32603646231049,519.4546663556571,0.0
77.59417262765673,4.016979663893842,436.71511758943427,24.727194613794317,455.7201690089193,0.0
11.597482921926128,0.9478346344562849,350.1621951250829,12.106944307044051,543.9009006937143,0.0
13.891152661403734,3.62488229754668,395.7188498461294,10.247784749041081,509.6764225218443,0.0
75.77893540831295,0.5091791003111757,464.67530878364977,23.433251000990403,520.511407119172,0.0
9.6722827398077,0.4936226579205827,400.7764652783008,19.806891327506236,464.4418133233561,0.0
5.443103319228976,4.12085860918474,416.73190680675305,21.540699893897795,413.7070205670676,0.0
24.93927106315561,2.240444130711431,358.8171138393167,8.247271116044907,543.923667359589,0.0
33.26135976243288,1.037420419576334,483.73139856822536,15.26898005280166,378.4625570368466,1.655
5.510045334773132,2.7376327149345996,364.22499667015103,11.146117640837813,486.8700621844614,0.0
43.090266533121,3.737251549816498,464.27881262253464,13.372460580624821,486.5990281535127,0.0
31.92717521463871,3.1110567124529225,466.22941145820465,15.85743048042805,429.970313706483,0.0
2.456444934871846,1.2108616169747122,459.1850732474042,20.01993523758825,543.5595661247409,0.0
57.31794133492037,2.5000616222036682,459.6785337114295,15.090252350548413,449.0514032503823,0.0
76.53485964863641,3.8423832376412808,492.36054490736956,19.4415049760727,463.01122409298284,0.0
19.47143290452003,3.2080648329919876,405.4029458400067,1.5139632265050915,546.3101292359537,57.111
12.884945687473842,0.8994478977942607,380.36040540917094,6.598542284891664,439.37562943370085,80.313
68.90184303783242,1.7626887971705205,475.64949930342607,9.914502533978528,390.02438525898623,2.202
15.41381566579047,3.210035084705482,491.0475382599816,9.552092259802697,428.9581657613704,0.0
43.400918706224,3.8821579410338924,454.37317192091353,18.944595952387186,493.10795619430104,0.0
56.097986342753906,1.8945956266285182,354.05293943984844,17.145168737836862,490.29908098403644,85.391
39.8223807938932,0.85129654489673,380.95436153682687,15.072754158395297,499.95505769082285,9.011
25.19543457627028,3.226976255221643,491.4511256875436,15.243130625924383,368.3739457376779,0.0
39.576476636222615,1.0239486530440605,419.670528759276,13.442671155521406,378.54206551049185,86.98
38.21988489318398,3.5409019217029023,466.1135622396976,10.90718645946531,478.2687981217937,0.0
65.68774807917924,1.0777548180636278,451.8818967487001,14.606078021281524,412.8841395871532,62.706
80.37554455502216,2.404115549624157,376.3009194700225,3.726289479145577,476.0696959018101,13.827
41.202390736950974,1.604800756304288,441.98820253802313,5.396649171340871,503.44154731713127,46.263
17.64431337965063,3.7306187980818875,447.4167485949023,19.128382542184333,380.3424143282957,90.736
63.09262025823176,1.3845562190756127,400.26002011437856,14.776203978956763,389.5796568108787,67.792
6.552528686550429,3.0937207984867876,434.9646484191202,24.43231152927752,459.3099365368927,0.0
20.198180712146865,3.2715581483492104,497.4646874774651,5.8783513297247225,498.9917163787966,0.0
36.16803831757735,1.502525985368392,477.59791520540955,15.232014902907656,411.92765442295183,0.005
22.385233439957204,2.097812072037862,346.07369206981866,11.336007982530539,502.39690256331875,0.0
63.14800349165457,0.9042894550496533,410.60058382113925,24.169743987278675,556.51797983316,0.0
56.3158583238703,1.478051293529135,421.5993361167244,11.345879009334386,376.6392151270524,77.891
37.91520900151045,1.2221219793191886,475.753390151104,21.825011147711894,507.96740489164847,0.0
76.07927764070871,3.923465693838015,424.9207684039866,6.576661265638272,459.6995215410014,62.718
6.607253109331782,2.916488888216609,450.44734745498977,17.59367443844714,442.3922417446857,0.0
64.31062569058676,2.507339316441293,485.38160657335936,11.119654283314407,440.29737183463106,0.0
24.416277767385907,3.339702996157499,481.2910366589926,17.85659319183094,407.89813760111906,0.0
55.826114833028655,2.6225659331131257,452.903667088682,11.625712150924722,487.2121030929128,0.0
7.132378198426532,0.5002100524692152,489.707028093382,3.5267883636208346,476.1838746096914,0.0
56.687531178708845,1.790166427941415,424.8528326217023,7.237738119378052,390.8058421502417,72.497
54.03864891915833,3.2884216516777256,380.3141625294515,1.8408175176547386,387.2977430474344,9.059
68.12753940492702,3.4288741109012033,378.234617622576,21.998557909566898,476.93557279906474,86.794
75.99206883739132,0.4981769576192533,381.33411768059307,12.678888749582057,410.57944472253104,48.731
16.37938377236751,0.6238172546009093,439.85010623670576,2.8032307706695683,457.55238082938865,63.361
60.02671504395864,2.0274019961681082,390.21292106222376,9.684106915360084,397.63645837134175,46.6
74.46933613435777,2.3569888414833606,359.5932731496503,16.61804209548559,429.7525536152261,43.106
34.39851089592065,0.5186192961031384,438.8995409851389,12.993263127929248,470.17983128150894,4.338
3.7717131870749374,2.7697552662813116,419.47860204990286,2.4484688479454104,393.540628799994,92.105
70.12645331863783,1.390231410724343,393.02845202525384,7.460487449149812,348.89517536605223,30.938
14.959394555093787,1.2920181796607564,485.7539813080217,10.167572744872293,457.1464635759807,0.0
69.16376715839638,0.7697233572838341,432.28697402864384,25.735469870735532,528.4048121934889,0.0
15.681839890139093,1.0466258637456054,385.00481034926645,24.34768947961754,506.70502620579214,0.0
75.06608761890621,0.7565702358099323,346.2334429427792,22.92695098267507,437.6101794373689,63.171
62.80943004804617,1.355052579492685,431.023446655923,19.996489600884225,530.6508560590455,0.0
52.16602778869229,3.7292929205048444,346.92554365611306,21.44044392505486,536.4746257286233,0.0
5.069083205597714,3.127342674442325,364.5314974342841,19.044342225052763,504.3614224244841,0.0
52.622154959204416,2.249555192427571,412.8311500578343,17.00725723113129,535.1283551408828,0.0
18.80106020628091,0.46706531938064266,425.0590221266368,14.170188177940096,522.5882226638262,0.0
57.598007997468,2.977155579974118,383.1200514797025,23.05056951569756,534.4929652401231,0.0
71.83641463845314,3.51072775095827,389.11158191203174,10.050816746957016,372.35410700090495,32.403
68.08425755013268,1.6988914623882794,463.4258686821653,25.850922901854723,556.6667496467087,0.0
15.141871612499084,1.7436117351499307,360.3727310164004,13.68042794930083,372.096037675306,71.46
45.53561611409007,0.3547946034270835,362.1448680641498,9.904442411648718,522.2095806945182,82.878
17.20085696282697,3.9865000614057906,446.730942675739,7.1202218700089475,545.3106834699274,0.0
42.56707880279381,1.5798456368667324,374.87340453423644,19.005943458198292,439.1543813674223,88.608
33.806841806973516,1.6479137772089816,401.6595061194174,3.390702734255931,476.6160448467882,60.235
1.7556075197420546,1.798305765963578,490.771073302151,13.485989527563433,378.269709810745,0.0
21.380199533478404,1.7366297797307855,377.95574739181956,16.81571344560706,496.82987265197323,0.0
63.37119002179362,1.3915235870977285,503.6296552061732,9.371223335017454,429.7081646149828,0.0
60.30478673859405,1.1488958146717818,471.0650466833613,22.751346048184708,415.6074350898486,1.16
18.041381979043656,0.9568018384663994,399.6140083548626,2.0699211359580856,382.2287071930051,46.396
3.1397963543348695,3.8193568438016077,355.544880476412,16.7169685717607,507.5905236837194,0.0
28.545718314393525,2.114621268035501,389.2051242872569,23.655926628320323,383.3252945067166,88.35
30.122292931635933,1.7288764919153996,375.6040441749544,6.442387711887069,427.44173042030184,55.78
41.24318888385973,0.8525017675659823,468.67752044015094,25.91156395344978,553.348944953954,0.0
54.188629701505064,2.9976311852120636,387.8519227533684,0.9729385835802118,551.897994199097,8.365
67.08315518347035,3.7932024170134007,450.9047992989274,14.202259715007356,535.9751665891565,0.0
2.0869023062402396,4.061917797327456,347.17892839625955,16.37377466192938,498.72600064144814,0.0
10.420808967329776,0.35431405507187574,466.521925151264,5.669506674594465,376.41530180308746,47.735
10.552775960966665,0.6997924323740629,418.6262316000198,12.185566116150985,380.0322077852062,91.861
5.39190718478889,0.9192870412793019,361.10184972476713,20.11385412030739,351.7896190554496,92.437
53.87966079821041,3.7914042711204776,346.3340043069527,25.0534080637722,551.0270471831914,0.0
24.27758292446937,2.631799943476572,424.6463430463659,8.81948130586138,389.8717099322628,87.454
29.827668669232864,3.760610158310033,397.49344843625613,8.601592246633794,487.90694221989907,81.47
24.817642764748896,2.9590632591247856,497.7051871485904,1.8365922831870969,394.427625148903,0.0
41.84949036206506,1.1723043977675833,416.78778570225654,18.868067799069333,515.5091647451475,0.0
65.45118124453849,3.442999720782832,490.56307808598615,7.467331511774953,351.13880684838324,0.0
6.739946447764812,1.4401533897144567,452.16889739461965,11.997849811605434,465.8624391958065,0.0
37.63856391837357,0.6206607804592905,370.40430138502336,25.043704002319448,478.76960934078846,0.621
61.147083133082596,3.7785253235967375,380.240102662787,14.218410163807294,432.8579077760171,57.385
43.93604037970523,1.7684558183003523,419.9139772931827,7.289565060858211,474.2373614548334,84.308
45.26121714599822,1.7717203655440836,345.5136798787334,25.66314779832237,530.9052493466379,0.0
4.453722341473096,2.0064890496281937,500.3387272771324,9.801236788807973,383.22523605179344,100.0
73.21949934334923,4.111516088937097,494.7013771141119,25.482586261217243,410.1318179640742,0.0
8.507220384473957,1.0038229403008356,372.8062423610685,7.587560336002685,434.45700122131143,41.37
7.049709805977936,1.941571901095279,382.267162238552,9.935373552481161,396.00584134228234,89.365
44.92488542793442,2.7862231211651625,385.19383885443426,12.566689668966118,478.6905207784937,86.294
3.5214242568646155,2.885014126652586,492.2992511184955,7.646546806267436,393.1679362349372,0.0
52.31665567044152,1.4109412008117599,442.2454687862208,15.540269462364872,513.5494769197369,0.0
78.75740237417483,0.7454109468285741,425.0033903841331,7.273597912401979,435.18071201903035,75.889
20.885488957277985,1.888315274450084,403.5223164874299,13.559599322253584,342.64916300635963,64.691
15.888361145433585,2.2437504081464215,406.29194847994063,8.494112797695863,393.0816711545238,88.978
38.74166940883092,0.8911230600637334,505.0516408377367,16.579935942809325,353.1458472588084,0.005
69.36040711788353,0.48416006258601696,374.34503246975447,19.763690830558026,527.3558253595202,36.365
22.847380300391684,1.2985262174647438,344.3120612982263,6.25943073648274,520.8482084425148,82.688
19.19641008394214,2.8199042034148376,457.8000541605198,8.580136460799134,465.2498401148838,0.0
36.15339539894086,3.976965371823743,417.2644692142626,15.264507593907835,448.88559748477996,0.0
65.97074928771546,2.841289785127035,373.8884293930677,17.773987965806604,473.54344376972284,81.031
79.03389114653855,2.0768856985972133,437.5688587469504,5.209476228284955,547.380905983174,77.915
41.51222320783208,2.467238206939304,344.44165036624815,12.601053113959281,547.8778174867662,0.0
74.87080966581905,3.982050795714779,494.6570453920598,18.12446945277553,494.56714629667215,0.0
62.68013303437088,2.8302954029383987,380.1705813773858,20.573794363243184,350.884375989325,36.317
82.3408186787912,2.3287618890323847,480.44929656175447,12.35523825874729,382.6355468322234,0.0
72.80554230987907,2.5491596873176494,425.2892850943015,4.57843908525673,369.67036064054565,50.003
68.7319558954797,3.9301077713590495,435.4814614781393,24.986761193897223,461.8918311352886,0.0
17.73503281544381,4.132752721983501,383.8003485339213,2.3470658409140306,500.84575033830765,52.685
31.950298214787793,4.037325282682228,422.0334219757564,13.434869589860742,460.7185071390964,0.0
20.609717338879335,3.904839411870578,352.5691853921209,25.217058197780727,462.37556109136915,0.0
82.94789255923577,2.704672013433472,440.8864846170431,14.747912751200712,407.82281628682347,85.806
3.0643236975408508,3.1233436698247363,394.7575339547012,21.77069251074948,486.9388104843297,0.0
12.32956235313247,1.2001509543791133,363.39268052605684,16.47942667032069,527.19302109942,0.0
24.839337286362216,1.9902977206717845,353.15411800872,6.7090674561814225,528.7427152539874,79.021
15.07467572820925,1.345355708420524,395.3010033329573,16.855434623019534,496.56084397851106,0.0
18.62827996719789,2.4031979374290735,486.81247205532577,11.823743341120704,553.5389915944937,0.0
39.868256577178066,1.673762874604381,432.04665982497363,25.001841403502954,363.730576712133,90.698
77.13355411676437,1.9237272537276957,359.0309647261148,20.83902557251373,479.5562778578867,79.738
78.8373110827295,1.466493481788611,437.73477214505954,4.6405127973377125,381.66104550921494,66.119
81.91594172689318,3.726701917327237,460.0309050499541,10.523734311750957,398.0620595997481,83.992
47.81723442785051,2.648393556428736,433.6317975036213,23.353910849021265,482.4304272666719,0.0
11.88895682052518,3.945647221653062,426.9431415884745,4.1963537733147005,422.9227040751388,89.409
15.2934853484142,2.443409337859837,409.999995107491,19.07236643007343,546.5614554329493,0.0
56.83165770355792,3.9572263163429655,351.6153639317814,14.159202495709556,464.5201664951304,54.221
24.62655141301307,0.3792605140077656,498.32097969003803,16.364533979314334,354.8472251239322,2.328
23.956300388703312,3.626098039744708,375.6471826672896,8.341204314237737,383.7789400061771,47.738
14.282342377123761,2.1466839154310877,371.147705332007,18.022118338830328,512.1265763447474,0.0
9.91700664761823,4.006519168783725,375.74794681342746,12.063108735055849,536.2907218707041,0.0
40.47234140398016,3.864280508836215,501.4948324456446,12.612565918227663,405.1438066158157,0.0
14.824382559190601,1.0380454343138719,450.02840848036726,14.245611806666023,455.7780076557124,0.002
51.61655978705634,0.9691304751659248,481.4600702286324,11.808490340616705,390.7115290189279,2.586
5.677264512770874,2.7733674888548516,407.35914746005153,10.324625295705944,428.25459317818184,0.0
34.041106143974154,1.8861039110575493,450.6855218742946,24.135385335524767,517.9442416445354,0.0
62.14741402148998,2.609131326147952,425.351612506473,19.576024593265966,488.70479631804204,0.0
39.88990134352989,3.263131419997702,360.78087400383026,3.4850435425404145,523.9015808733528,23.15
7.506892649990274,2.7854500243760096,496.25061189924565,24.56134096132606,397.055921397024,0.0
42.0506349397959,2.351585168853383,478.1033271728446,16.767950956209642,481.4802169696402,0.0
7.179361129487745,1.4469235126314923,368.0672496534318,1.8706338505176188,407.842262377283,50.409
39.54058066996815,2.4673968423745705,471.96620256362627,23.030884640226745,454.14160053787685,0.0
68.40669858585768,0.3899478080783365,462.1272726522428,18.016047241281367,357.59953022695754,68.299
42.34157706488785,3.7255683761170357,482.27062426033143,24.410336872041587,370.0336873705446,0.0
35.6486107249101,1.3973661896949277,469.44464665982974,10.038929397110039,464.48376876599815,0.0
18.92369584462532,1.7862018005273832,359.9522914204853,8.45641709056239,547.4601040827181,0.0
48.26697442825519,3.613572671703868,460.30353094561144,22.34467338312323,510.55275379536755,0.0
16.694113040905194,1.2694603338091122,498.20100519308676,17.60304819349254,476.5759150751006,0.0
66.13753804057178,3.01498181754755,493.2370355148446,2.418585821297742,463.1863688257838,0.0
46.27680696888372,1.8241400035891102,397.3722125019459,11.661495846527735,383.6529332767914,62.659
51.216500173352905,0.3810296960775684,345.5846593981581,9.585915144394258,549.7983469042091,78.216
59.10614119225361,3.161829218994332,382.0642489494195,1.1523977532305225,551.6029406543662,7.316
70.74858594821214,1.9929745511374377,434.47900141287516,22.022666837704048,545.9194640869639,0.0
41.677534287591186,3.5402695310921017,348.12224084531164,17.722396827496336,512.7605220065826,0.0
14.553377077067594,2.87779076817979,384.0543195195928,21.453663767102597,425.5601013824042,0.0
22.33687885449026,4.041552959968408,428.50084567227117,4.383503483236623,462.38670684929025,85.938
63.83280122245205,3.6995887747334124,480.60996620833873,8.168096990976714,545.4907199430777,0.0
36.11689945881021,1.0748646244563211,427.5889739892903,24.19154810158311,538.4603225298242,0.0
23.3345547074943,4.045726370277924,364.4618827343054,12.982064850271696,372.7417714565845,48.001
23.97823751531623,2.688137432614833,427.288279011749,23.417765973456405,345.1132618941218,83.211
38.255600596596054,0.8624165372976649,375.5156670473447,19.148970218978484,435.88035509701365,85.807
49.34533088926261,3.0484681578101003,422.36168527029884,4.191665901860196,405.7111893511463,56.6
14.970646120655196,2.0724335082473875,427.87528859907417,19.487091478122053,409.00544741248046,48.446
57.377447904559276,3.63555850990085,392.01676105434797,7.86642667156416,386.21326718466537,36.636
54.684767976219895,1.1831179066378543,371.8947553862983,15.53492506361171,382.43283586763215,44.991
64.11448811888636,3.0572460261834733,474.1854610173174,3.1596962252586636,550.551597178165,0.261
33.351434172598964,2.327354001071927,403.81511641907076,25.71177727531482,378.79166767341695,88.6
60.26424175322141,0.41955830968905294,470.43796060825696,24.09691910287261,479.2117457424938,0.003
6.2384724761548895,1.474259316754047,407.1356307461398,25.504689203049686,400.73613463797955,41.543
32.06290479118493,2.79673595998236,478.90735338611455,21.10974416475791,524.8093004646952,0.0
26.744191093989066,2.745326085880744,449.64768833767926,21.900104635885313,446.8481825823123,0.0
73.96511681879899,3.154340815052332,420.89795420213227,4.042939924931286,438.9736307668089,46.738
78.13517580608107,3.375471422891019,427.0051537960809,10.147532376250949,453.53700409634934,77.629
55.48312525231408,2.2641174459451205,465.5675119255069,23.555578196536846,515.1459459036353,0.0
40.52167373311776,1.23212870223222,368.9418901983136,16.631916878249452,555.710319405839,0.0
57.359285349247195,3.6424886149451816,466.91850893116606,14.364126365556986,552.8054860064997,0.0
77.4970635807034,4.071755006945492,357.655407756065,10.607562201702454,403.488817229265,16.499
20.3458086521079,2.273483510065583,408.2036202668511,9.876414102453001,514.5793824301315,0.0
16.837339065598666,2.008784873696869,503.50007863913197,7.741272274654268,490.6897312473842,0.0
14.541506965914522,2.6601057696008414,447.8970295195479,16.7914495333455,523.2571678440729,0.0
56.86850732719602,3.5719578026515997,354.4170960981198,18.95524848723828,525.3689582222949,0.0
37.59591511423699,2.168834773951381,386.56525277813154,24.880240030078543,465.8005154079433,0.0
32.47671145424267,2.612244505629919,346.84014930171355,5.80173867594111,458.83829929384825,32.362
30.0170937948524,3.1854743577578293,422.03433325640555,7.168443341035919,552.711721988334,0.0
23.561801039758414,1.0925665098590875,357.9069717769858,6.944581606861982,554.4364837269916,1.291
14.773134484257252,1.8872582626108172,370.3592566151837,24.00038303249468,428.34931926639393,0.624
11.69144860654605,0.63048282407766,431.1082042446465,20.529686529329496,376.13620466777917,87.684
7.100307766297602,1.093010887682171,377.0447633014876,0.9365339299659933,451.8826196211314,44.612
79.39185166800046,2.3340706197725347,372.70374840908596,5.3880701998813345,507.5304269944677,22.061
53.09126806834999,1.4019696233811505,427.37179187321584,19.547432830532802,515.3809795639488,0.0
80.54900634956849,0.37043361238102696,416.35082724911024,1.3115149927908782,458.70407845774656,20.241
11.534991239125707,0.3624169992659316,437.7640212421194,4.953095837781585,423.3568199638291,56.051
70.8435356991573,0.6447593215219765,377.16381387138046,2.886367118834082,354.6579758073095,9.2
61.099990401837026,3.1733937926236386,389.8158756172535,18.89902719819456,474.01253335274123,86.295
4.965042037875135,0.7674224491124972,385.6147237598394,2.8005532396523263,532.2310364007134,0.0
40.56348590430873,0.7022987734036057,441.44377966534296,17.72892093969567,468.3734372229969,0.696
62.210771380191666,3.5786239925743915,415.252501687484,3.422177234134989,387.24453614122507,36.709
82.20195688615946,2.1924045295816823,491.3311725342671,1.654098760149938,379.7157832038848,64.257
80.24344534697218,2.371150155967166,500.2782647084756,16.70085431573901,436.7891832511318,0.0
19.31829555540454,0.35092526620387665,370.8351930170792,14.379330010658652,483.74069435453026,0.138
70.68920440716686,1.8203785538199102,412.6886802086077,6.692090874558398,508.85727942482237,72.326
75.85707281705518,2.0732487386195393,460.3116476392172,7.6387675828510835,342.67266829575567,82.263
65.6931564294076,3.815795210893686,429.5785386798677,8.789508656576462,375.17972606328294,64.9
58.55971280560646,1.2949526079799623,353.57844685119426,15.352952320782148,502.8305614570977,83.996
63.0524181704454,0.8435462994426755,495.00298102012,23.003961171157357,358.35346597864196,0.551
77.12322024001764,3.191357558257939,353.11477040252834,24.25431425416566,348.75213806259444,17.52
4.304831570739873,1.2289849926787713,444.6843657540972,17.033240545744118,546.0618791155647,0.0
39.85361689805518,4.131936613077269,360.81238025729846,10.53285249107757,370.70052081482976,24.34
42.608595000388895,0.702969735515373,362.47552001760266,1.2352816009930656,411.3843754031079,3.993
43.243688626466295,2.1542392634466947,359.5208336254343,14.35855121384622,416.6840911224717,58.423
40.004857043757795,2.622157565142584,477.65996193173464,12.571736460552515,364.21548962533785,0.001
81.04937429279816,1.0817735635509043,412.3020475843911,5.414333618927869,421.5917128388245,49.831
60.86352346282399,0.8698275150468023,401.55666904794623,15.847447930545018,494.4351251427636,56.704
11.349655534282586,2.832511250192977,496.1146871603994,11.143534366871707,498.05688334802846,0.0
23.656390452266706,2.9985892852983493,428.3955420534853,1.8183201218615856,385.69721028850705,57.395
43.15480012918536,3.404719272200203,455.7665462230654,2.612785001999562,498.8154651571829,78.185
43.97040581430389,3.603543202817025,481.22553265786223,23.830395080467827,534.1492632278764,0.0
52.87878402497552,1.4576369365034303,384.0441022134767,8.07144266938572,475.5894710910658,64.762
33.67463273986186,2.727113351339409,350.39677043645526,18.792053597458466,377.41171535612284,47.374
50.39951643714922,2.1960878351354567,500.2530126352624,15.653100552266244,489.62877039486295,0.0
35.062051100847924,3.8015405503081983,479.47490065558054,25.691393179483434,514.2930301919293,0.0
17.113073964591987,3.052211714599094,400.4468217848931,18.683851904478306,347.17429273625436,68.801
51.354615397437534,1.4000270914555664,479.9657840568058,18.214886229724655,407.4992162158793,0.013
68.70308603915218,0.8780482279810569,435.7666840368392,12.795384779024785,473.24948809807887,53.914
20.930596162738254,1.9190219540848465,412.0222223954199,24.27047795780457,471.95486187590643,0.0
68.1847254239163,2.4857057461789793,406.78495631464625,17.173091347921655,402.56296273629243,74.494
26.764325253407677,2.162087443870952,468.26755999733484,16.51882437188728,557.1823606334387,0.0
80.08792467423673,3.3510147908629437,486.6183654013338,3.235597931676992,541.3819861580846,0.0
14.737080485214475,3.291148882814968,351.4775726410636,24.63628627116092,486.3233939958232,0.0
80.560618012592,2.065927481057824,391.8609940515252,19.906923611343952,503.70130117885435,75.507
16.553302232460446,4.049085013405161,452.36290667713877,14.124261109013126,479.78486154184225,0.0
10.613065003339026,1.7957432983133348,357.20296726828434,14.061758577864477,499.4689311711222,0.0
71.0086338123468,1.8778838150215922,483.78326471355433,23.47673902558984,551.8380953022679,0.0
26.378140963403055,0.6288951897823725,410.4372177505479,8.484792681004086,466.5836427432969,55.546
9.211905815343417,1.049252554295128,461.3436683856877,20.123492451738723,531.4505526315254,0.0
81.79016489773326,3.7582120140473863,455.90650253791244,12.352126402426272,363.1363991808937,82.837
64.86688516050285,1.7931816371915605,377.1189892709245,24.893738195272547,487.1061191049466,12.066
74.20395143897157,1.0186352779930326,421.5538446587402,23.3716858834012,553.8671133749382,0.0
58.212357555323095,0.42964734254902287,408.02418265998404,18.9072739909813,362.68924577906046,76.468
8.819642986728386,2.0913189906292864,357.4641035613705,12.486618048705054,396.8292942398809,91.202
36.866070259997,1.6689911939466588,405.25580705822074,22.78386747078076,349.42823419700863,70.738
12.03155916201295,3.2847320617405757,399.06927646076554,2.101541889569826,513.1182375701557,82.192
74.62988326439286,3.9611744273793796,352.3726289337975,24.541115149398014,517.170358894153,76.318
33.98968709726355,2.2482742567906397,436.3860392323331,7.975620841024636,433.8708183026382,81.679
26.074995727739037,2.3680876236103012,469.85498409207867,10.16398893832294,390.1402014624056,0.064
9.028812877457057,3.6839508185346053,371.67625574359965,19.8210007318725,406.9069931365305,0.0
33.72729337693965,3.6796092728938765,496.699971719702,19.370140123536856,447.99955618447956,0.0
37.15163280896659,3.4831064688291646,372.159724873629,14.133224710224603,507.0811149768356,0.0
27.26493831220715,3.0408604808166797,432.0049121734011,1.7089796588511166,445.99911209247796,61.546
82.21960426152349,2.1934695842908605,499.34292185350114,2.6832724181442416,429.3689103685678,0.0
53.413844349021765,3.34575463372041,460.1721180203132,5.221123560556181,454.8243094392643,76.616
54.80882870004399,1.5166108554014341,453.74899752883965,13.764929511659428,488.41410923889674,0.0
26.04591350995983,3.6641290340232233,355.3255754487898,21.988462462155663,447.68405699578466,0.0
68.43664822888358,0.9878761477213102,387.20828881700345,25.42466056438985,512.929708743338,0.174
78.80198862364449,1.2857364046558408,355.0640734206879,9.529667680918411,425.6263154066497,17.574
25.30408606844663,1.1557396403824494,360.416256035865,22.51911096186383,438.17218690900046,32.603
72.68833214533619,1.4136332541401355,484.6906779442382,14.839206834517938,509.5447325927619,0.0
60.733911478150326,2.618373583855432,365.9403658965142,24.581971050480828,510.17568644808955,0.0
15.320573981138354,0.4694432275553636,413.79100103464685,4.37372062231364,356.9662797701192,76.946
53.68827701649908,2.168305367770858,366.68150545538583,9.01086294629592,387.11337547933186,24.91
26.993696860226912,3.458851572400153,481.32723249003743,21.54970513395743,364.13152613134804,0.0
34.70501472164373,0.35271550782639133,436.3283375603165,21.66639004842726,405.3915028133534,68.498
35.52950683515963,0.4283452922578135,409.3623763128525,8.535359844859757,496.6148154432027,52.774
39.19641047861644,1.9254109790706044,503.7384490710317,21.857113918311764,533.5376646079537,0.0
40.639312088602665,4.076020325293219,429.8550932586911,1.1912470806619078,427.9072212401912,36.11
46.57753457675378,1.284430322019014,433.53630576289356,13.287959401120634,397.70681089065374,87.568
5.3029388723522075,3.9087066848214658,374.1915373785005,3.5553286237463446,471.9340762567666,0.0
67.44622963573983,3.247667879215846,345.5458314542489,14.822228217359843,544.7545661017249,77.281
6.817882466665709,3.201248818023273,414.89683045463534,18.56201036897538,393.22971255014966,70.921
23.285091309322837,4.092607325239302,405.89127056551933,9.318273696965722,463.2918572223929,0.0
71.79049231689604,1.461801535431134,469.91378106685454,9.952818379191497,436.3523896935392,1.517
16.604249163610888,3.0121970918765855,356.41169214420586,22.650905731447008,394.5082083793828,93.386
82.10500676078914,3.0561338095011683,434.1997510928059,3.9423533906515393,405.2961238952498,52.974
24.34503484930609,2.6459966649763036,482.6582684796629,21.31356251460493,345.9567427899937,10.239
18.68135491513779,0.8316108176288708,485.95715533186524,10.338447984927983,434.1682644020503,0.002
45.69740830469122,2.713508081855148,446.4933719835957,15.66075225256382,381.4664166627614,88.755
55.79084146204781,1.9882492759211297,442.3940924564273,1.8263435068085632,465.70146458595343,57.655
42.53713892167513,0.7070877099976932,429.2334747221235,18.845648496491766,522.9060613488471,0.0
49.59539278782166,1.0839468989567527,440.11502562372084,5.887371162381115,461.7843829130838,78.295
6.938106188119495,3.670784389292898,356.14201473071574,21.557994057540867,525.9887600363952,0.0
75.9289256509939,1.0350964420618682,409.49588953884137,21.097935723427067,457.4278136500891,79.069
40.32167671238105,0.6766287239940044,381.7537689772161,23.80978569596998,398.0072569007952,89.317
25.694339678576135,4.079937926884854,462.62195269862934,9.568762605501144,413.34913673680035,0.0
8.102057826191107,2.253594490707492,429.47985886865445,18.29229062410158,454.4747211624831,0.0
30.427793100605022,1.0195534286557721,500.4188907170802,12.195824322451111,378.8906344899466,0.001
67.13370454580645,1.1522426337089564,392.11376967922564,3.9696086968729203,462.9763913040736,30.4
18.415109194371055,0.9168479926925627,500.69795991021033,2.3293434779084703,501.50694459520895,0.0
66.95138852096154,3.4482156691289116,359.2962996728996,7.776725121420749,449.8039579094144,20.861
8.964705862555373,3.6617598387449095,349.9010171778299,15.701048973836329,367.86941472742177,83.884
26.72514157542355,3.37331694223744,496.4939445148507,1.609655938149583,356.198431800527,0.0
12.144738547204573,2.9807708151735763,364.2562898292418,25.480557498602415,423.6392683937215,0.0
66.3276416850595,2.1901014291194816,414.12930445780876,5.095455239113359,413.5993859556664,50.587
78.3706569781938,2.730060315284314,354.7813268162676,19.89273736592306,438.07566033435126,49.181
72.79862836655997,1.703765737942717,423.2310230841922,18.230991334375588,431.78315173490154,86.63
26.900404452380997,2.9086878016768227,445.0646006526814,10.18222072673357,429.82813179287416,0.0
56.95145915424721,1.685531381962051,447.2941600705961,12.099905560046643,501.9214126599597,0.0
55.59739715283179,2.9013103604508803,345.4394467573588,2.3846445677198345,450.77597684334876,3.155
6.801763105985419,4.117138139004286,345.00749331756936,17.519428706731592,433.59895796905005,0.0
2.8188243585637967,3.0621434365322284,412.0113298381505,14.971113577683953,470.05288376495895,0.0
80.16468275113061,2.98251228815866,391.4003717805331,23.260778928344983,348.61496895997215,42.028
65.55791670085502,2.205868368333734,421.762430117067,12.95998760940587,425.27825072320053,84.365
36.60131170281815,3.849045815675357,462.00767695096226,16.021681813148497,351.7206489074665,88.588
18.996214133707106,0.6794494761451335,442.40486769008373,25.355712495677164,355.1495821757841,89.291
49.419006388211464,2.1971308443845037,365.12246994643675,12.293146735804697,476.2843262357078,75.81
16.107923267179885,3.3193403900125644,475.3154243039619,18.28702459840089,528.8870359063857,0.0
10.231239039781443,1.0986247699666194,463.85488958457177,18.449962059978475,490.7518457973398,0.0
68.66202083637083,4.099867585886558,345.09541636077364,2.2528113072147757,349.35010701107507,1.609
54.14302464923766,2.755826522960892,346.5961653370988,12.102741941067633,383.4983219245195,17.919
32.68953291229065,3.708307568788986,500.095068663378,14.717040849033443,496.4029744463154,0.0
50.46817015425971,3.805337980563807,489.1108393309891,26.00696532259994,392.5844993193253,0.0
79.47102783870433,3.047373612005089,448.91700656626915,6.04050364618609,532.3762422030486,78.427
40.122124627821705,2.231711196634961,412.32798755023333,1.0826482772843955,418.213558227853,24.05
52.15574369737533,3.969013510910529,495.3003678757272,8.977180143604341,458.5701688792564,0.0
16.805449883459964,4.007668592379117,431.57503007965147,16.691561133955744,363.83756086792954,89.614
49.08706743825283,2.718380976953592,483.086815893557,5.805712622257028,484.09314538412684,0.0
27.619276661253252,4.028693882422985,497.6246016647948,15.872859254437993,505.0568604019373,0.0
42.360051152017384,1.6751182359408552,426.0558475527793,14.362227922686163,450.9455002859887,41.634
71.08638825461983,1.403920267985757,357.6130766056006,5.856423657083499,431.0904636827786,11.883
58.38778023376825,1.3593210498587776,503.92480017734977,4.1858107406891545,406.0359243024106,0.0
33.88920943558572,3.017315650936838,484.07139511272266,23.993957547121987,384.2334475882065,0.0
11.6735970927228,2.023023300994661,378.01410344610025,11.766989666200217,557.3401814801442,0.0
54.61543214456269,2.9574126793257296,422.44232458553427,10.628606277193358,504.313981270672,56.594
59.517423990729945,2.6660925057312577,383.50873781244843,10.69908070355686,430.4442984156377,52.23
72.10095717246564,1.1544001392305578,501.7637956234815,5.500304474476961,445.4983815227422,0.0
35.029069741474174,3.420696323958445,487.73220736125813,2.6890675636363337,499.84908362486794,0.0
38.9500292790249,3.501876612910645,493.09777620884245,5.2993272690922035,358.81910656238176,0.0
22.369075159453338,4.025444535109177,475.5187527384256,14.407388360727914,517.6924564542235,0.0
26.57965857373003,2.6650419073676925,501.51269947934645,14.999532599537764,404.35404605968904,0.0
60.30657057536461,2.444773198664248,427.94437918015103,3.655882710453292,472.8102129314909,62.114
37.67096418149337,3.7563088402928364,401.67627444819607,22.124654469567247,494.0731675115821,0.0
18.49021702773684,0.8645030555271469,430.11114361666495,11.800017768268864,353.64828763869036,89.937
13.646659525351339,0.6856347247065426,415.80567695362345,3.368375423133279,398.9268264366132,86.03
13.717547333144378,3.680973967534862,374.25678494714396,16.844718723798792,385.60955744242307,91.709
82.49927347508442,3.341136367832409,488.149611083825,21.829711658409856,508.0861749407543,0.0
41.33622434816565,2.3246786201373606,390.51889012293026,9.541547180918599,398.1268322413063,57.414
57.96496969284406,0.37852081262455545,490.46889628611797,9.615575091418458,454.5634521665694,0.165
26.43303595335427,2.2450001501361405,368.4171860337302,6.252736263258478,390.37993001284667,36.536
44.291529355239454,3.697264341620505,491.957878855501,22.463436184981624,490.6154125467193,0.0
18.46956734772393,0.8160695001338694,484.21836842026084,17.345830053448182,355.8307671683834,12.12
31.871865495821865,4.101465736922236,414.2935495434747,12.209880511777081,431.9251493565972,89.413
20.163537920922288,3.463701765641065,356.71801263476215,12.6473264997753,480.5715369345812,0.0
32.23352500130512,2.5043025060021047,419.6267809441455,15.804152399281168,421.51705998484186,83.485
61.977805065798314,2.6955055441381854,458.7812348711801,13.139508985904408,492.07235963848996,0.0
82.54718919580314,1.1392207869464066,447.0133669064696,11.465456007162597,396.1354464416184,82.992
3.1725091659426843,1.2721994152940397,450.4829994834764,15.192843953362159,372.68253122281186,100.0
32.60169556183479,1.542897150819924,396.79219427702265,21.207424942663344,487.95659725632504,0.0
52.82994621885765,4.065850873193932,462.19950860599374,14.349748539596169,392.32960011458874,83.339
77.95950675899428,2.4555958603948933,498.772986552641,15.879248715655757,397.5897079446002,0.0
50.63717780794115,0.5609044367666719,466.75204104169217,2.3435086816274557,440.4778745323582,69.552
21.484352594485877,1.779454395188003,373.61891536199005,18.41182102479555,482.94772153189007,0.0
25.527103147875252,2.826107681544936,423.4204302619229,23.264986113360973,434.59852631468567,0.0
22.127781549185954,2.0753861145985115,349.16343212650935,20.547887704578386,377.6444223849152,73.136
73.591845810488,1.6954868230436264,497.0369379735793,8.58629259141567,369.22473011039926,0.0
60.382113561173306,1.426725085609192,501.6590116976095,18.089255418887074,537.4551139131747,0.0
21.684323940935812,2.252228575248075,383.0984736614346,22.204096503480127,536.5516067256682,0.0
73.72148236956407,1.9007441428840455,443.0872967120807,8.395730898127908,361.893105384668,79.221
41.750200207806834,1.6938853672027747,388.50748313007017,8.534015878651482,418.068336519545,61.774
64.35572508333499,0.9561750794298101,414.3450960617024,15.702985689994534,515.4285289338861,8.06
71.80145768945434,0.5499112377276772,469.46081773896594,15.88799394609891,459.7190569365374,1.673
7.6782004096494045,2.860034463824879,364.36955664669836,12.28134796883228,548.5200715483375,0.0
55.15380142751063,4.060544940296445,504.30388264313603,22.36467137827555,493.0155547903838,0.0
75.26054983876452,1.189161222255962,389.64832940742514,17.793753314395712,495.3767228784873,81.149
79.61132764116202,1.8544573709455427,364.1149287178694,23.457423283309733,505.4057492087933,78.935
20.454367053961548,3.841262812036618,504.6946893753948,21.06003507378633,505.9462086392352,0.0
43.209757878685586,2.8332982544832706,394.16814310713124,17.536104707586126,407.3296002774408,81.311
56.45332915897405,3.8304206290718144,462.40565534239926,11.154194605505825,538.6055041163827,0.0
45.373523668651096,1.6673169884685635,425.7429269178051,20.34294240325668,399.9963452038743,89.42
38.69763544074543,3.3965646888516425,492.2550661737573,3.4804334728322006,514.9022364297833,0.0
9.813416629135615,0.5425810945689278,424.5974413691829,22.495933253000516,453.6151040060669,0.0
58.14020701104624,1.219138218153148,486.3135389730198,13.104256686607973,348.2891163444543,3.075
41.609425305008855,3.5888180942752577,463.1574032997029,14.24079429733131,519.8029299155319,0.0
23.758641046239013,1.009504135493077,387.5303819749807,6.886831534832919,517.0017735749448,17.278
7.596022604233844,2.404732183648093,456.1803300166863,24.026721191930264,361.3765825801967,100.0
27.17706661521865,2.620134320712348,478.31359102351223,18.947594982048663,453.16808802689405,0.0
35.503722991618076,0.8771827313005995,344.53380405827136,18.097024647849576,519.9376347294028,0.001
15.927468893190959,2.5137908916657223,457.76993795022514,4.99675758250157,393.5567906730276,70.999
12.0495123705451,2.7925928771787993,458.9651303774118,2.46139191900925,468.49642423501905,0.0
7.811858995444264,0.8136582632775462,431.493427812816,20.30445101657934,499.62497013801124,0.0
82.06747560953288,2.910062491745439,384.84689458533785,23.300604894308666,494.6330815230288,81.998
39.05237357011366,0.9652356273761769,402.4875399686007,10.834095283188548,528.91179553408,0.657
56.608939816761556,3.518442759917507,461.11919711639445,19.594304632824795,423.3128690154968,0.0
53.32888949113056,1.8351197640977932,381.12085506502996,15.945577497738906,347.70086282476547,36.513
60.093462584062095,3.5644727153147224,406.04214650561534,16.887638625630714,526.1262966286276,0.0
62.843188051444635,2.2763700870602093,389.7468177669772,11.380043315490905,393.4236078111866,47.534
62.53776894814322,3.5687756645364113,491.65095910930677,12.675718265784564,516.2932021081342,0.0
32.526221897685524,1.0723057245763667,373.31803303300796,5.4477031740337445,407.6268410447859,37.937
58.061447615076574,3.4029544762811232,435.3975849709209,20.10956760395356,400.74536654134226,89.411
5.121160711959375,3.3145331300661267,504.46610299780286,17.76605923961078,377.1243081245194,0.0
25.963594299707374,1.714079328720961,456.38536263611417,20.61838033974372,360.9899557024412,82.717
14.298586838754291,2.0857683950128196,353.35846420601655,25.633623648872238,553.0058088382578,0.0
32.35256443517213,3.237566190853193,380.8159345961127,9.757597828444217,432.00820142024475,71.852
14.176484368083926,3.4885864199568686,366.2871391257976,1.7142154713694235,525.6149201938213,42.014
32.494490773810845,0.5730467965192949,444.1876475717746,7.2169532082448455,414.65786624984827,72.003
81.85649850945663,2.338620418461781,452.97740928914016,5.2438255232136735,549.6802420022533,72.662
64.60016621421882,2.6175004070883836,475.59718737128685,22.710262440240694,451.04261807860075,0.0
10.290849459323695,1.991693106144834,393.63032999468754,8.469383729538144,474.8946402226072,0.0
56.28987245014963,1.9310073165494281,420.8235566292554,24.376303828665037,403.6692948409828,90.227
49.239004669613514,3.7297057876657496,402.8232706013284,5.788087886576649,415.49403047343395,47.012
43.311772225832094,2.791000951527816,444.8499552667798,4.652772654480838,476.50866035566565,81.647
29.6311817855432,2.7287411762858103,364.68542166990113,4.5613749044781144,499.9855493616039,50.661
39.92214880120028,1.4289502263545857,483.5733351412064,22.58308520639207,386.1547802552057,0.038
62.36355883436614,3.2132835665355306,430.9599739842568,9.461997680768144,421.7694130332505,79.494
19.922578847632764,1.8799776439420612,398.05218692082434,9.807013581478818,451.7293397076926,30.593
68.53652650736493,3.043276486285486,357.7605419069532,8.24292691427816,443.1770799819837,20.269
15.098552574562781,0.591122061433227,464.35773549465364,21.401319213145083,420.11207291797666,4.217
17.296128142945157,2.6867260321350903,436.4620799535455,24.260598331134382,494.29059435949273,0.0
18.949692451420624,3.825076670160505,380.26664001170764,10.16089162068785,402.97192072230973,78.105
8.01791475736423,0.4177299086030688,386.1159948915736,18.378612350350796,526.6379670475549,0.0
77.35594885481704,0.8803698984810345,444.91601777877554,2.0254726982474893,466.54178625440176,57.426
62.16187589608153,3.6335314377907415,382.4353553886184,19.118785271273953,345.45817217071584,33.326
55.41704013070206,1.6370885509269293,365.32735775958616,3.4514478352026083,392.1503872769434,9.399
32.38810305218258,2.940556070954676,424.52259680850455,2.659302973088142,504.837274721712,70.685
73.7070313221204,0.6262622889098266,373.20594183010843,4.360454993450207,427.31932311933946,14.547
59.04937067887923,1.4385414569437267,484.745012961282,10.997826570055881,355.12864731439237,1.282
35.40988999009317,0.8504570387230794,375.14514045647957,13.343941163521484,471.28248807031036,72.175
18.073764701870225,1.0429900268249332,403.600523782985,25.927584035390616,492.4543158597527,0.0
20.37667020356872,0.8666960797407731,385.90359278844284,5.257464500021656,493.29708579811114,77.775
81.82031783420533,1.653747660186422,417.2480533542867,8.440592399049532,439.31991791501036,69.117
3.1690623663298596,2.118616384155859,450.5677835210553,21.155980481301516,396.7706885896542,0.0
79.44604476651226,0.8864519747629309,438.26269967594675,11.373387273858773,345.4942091428368,81.387
36.33282405359343,2.410881386225477,392.0901670320923,12.999790779353095,396.47691051271215,72.367
39.51434458789357,2.8497080342504213,391.5250597118293,22.25813722142751,484.26821315364305,0.0
40.33907709900244,1.0289714955323594,406.4493218423827,2.054381069755664,414.54411070696074,35.273
27.956664799988523,0.7710271021632109,375.87635838428,24.288527920559666,499.23511359881746,0.0
8.703352688959896,1.007631937209006,434.33190220075517,14.293686032849587,432.12804031820656,1.825
21.60319288932652,1.6595250610116539,388.9534490662883,15.354181872184775,396.45156499830557,91.435
12.825656147902746,2.181445736697909,372.2202257101586,15.618278866804447,390.5487021410858,93.655
40.07837642548202,3.0085190441983456,407.01637808832083,5.148284315289982,496.1778839375437,72.879
24.912167244469885,1.5516954899241453,418.3460383432376,18.578436294625575,386.952035140064,92.253
52.7409083734998,2.9080464157304533,423.97112402597253,13.381826160204904,501.6272565323236,0.0
80.64922946272559,2.1614533970917513,467.88300031844045,15.723414817065363,535.3264537660255,0.0
30.33510284878271,1.5061060256133931,472.12206382655216,3.910382614151942,404.44143327064666,15.09
33.454270363898964,0.598083030596766,501.30535548165665,15.867507238785143,420.5093522329655,0.0
80.91504570362517,3.8909007930218293,474.64348463420066,12.163314811363854,492.48417702434176,0.0
33.27197699183347,2.240968441608094,346.290476512487,19.607905332076047,367.0817106539011,39.664
27.30595512369952,1.6728355900387375,501.5419726152229,8.308492776863545,486.8770673514628,0.0
29.85992340908512,2.970076936060288,404.15888837651016,4.157811934045362,464.79642269054943,67.497
26.33424997020041,2.9395317376589194,412.22075021562574,18.136615455558683,522.5245226044404,0.0
67.03134617023744,1.201830752867749,445.2129867022806,18.36110093353174,457.3287908847668,7.277
60.096585883342684,2.6530698204241476,386.2213813118979,24.47420183836296,428.37683223448886,86.919
20.212001774582923,1.9643501903909573,381.2565859606699,18.29726302962844,414.93568973077004,82.379
57.17355592892299,2.4882286502777573,367.8396916469139,12.51500666187553,452.8629004435576,58.298
39.302266772567926,3.172817800839269,437.1777578966607,6.7957327876088955,431.6804967166302,85.492
79.2286963100598,2.921656533751663,379.7270827996459,11.019483308422382,511.9122722406226,59.634
75.91239941409842,3.5638371240694093,425.12536295434313,12.4932594737522,343.5504033628413,59.608
79.09927519767903,2.211497523088634,386.87409075062686,5.807771309609567,351.256898329173,19.634
30.18215148945147,0.9778672450966309,356.53165349012534,19.73354826392228,394.29184741934506,80.572
8.193259934500723,0.44764201470458387,410.34441673174,7.373765083281073,473.97830629196807,0.007
58.19266484679037,4.026767353158025,358.5161295607292,18.64359834355883,418.8016667430016,50.28
10.277624695932339,0.9278785358089726,361.59071224622176,0.9594675107826306,492.01220562587093,24.524
26.141373034596057,3.2669139910332867,377.6656236542412,5.365055385507015,385.10505027100186,35.517
52.88880461442808,2.5921925156332666,373.82612369656204,8.500022629099988,509.8442792351202,64.622
42.039698982389346,1.3615132157932242,362.34540362711203,2.008470921794686,470.6386521687821,8.487
51.57272371672653,2.3934307693349273,387.96661279749685,9.83853182826454,518.4982747673422,83.527
82.355211313539,3.4623309698169837,360.0675342751535,5.400993040927251,375.1340938457363,7.076
8.075309640408822,2.490193693583442,406.8841075094015,4.883422669582861,392.11014128310904,90.144
77.2954890815332,2.5097175932568168,377.4234297210783,2.6527295434436224,415.0969252884372,8.849
73.86449023280775,0.5129893131545356,438.0465650965312,8.557849361859557,415.8876609184537,83.011
23.892153151122166,1.5867217005448668,460.2690178195121,22.191343248298782,511.30452680106987,0.0
12.322653958749394,3.424107847330113,345.7967353062734,24.55324924406924,532.4532908844931,0.0
30.400380442958358,2.6722487552647207,433.7466733345955,25.202750910642006,402.8069605714779,78.711
17.979311334376597,4.059269688990837,366.8694361453265,14.790035952187084,540.1244548536138,0.0
47.6656917232346,1.4511181711507395,429.74186020933416,9.094443368083521,386.86404344168227,84.053
42.013415260101006,0.4619626645334428,452.46735844140767,1.106808837164817,439.80246410089916,64.65
53.194618219595505,0.8891209898706954,494.1506976920753,8.239633320647904,470.16110549397786,0.0
21.249549334817708,0.42473690939026765,358.5786469614018,11.433334627647525,508.23648625617534,0.159
58.76428135413838,1.5038268351191624,375.42401866200794,13.926025467452819,349.38902605749615,29.259
57.72138290689917,3.377361988271228,415.35187760620687,8.572492725854477,484.58697431945313,79.69
17.991952212450727,1.1390089265892995,431.7468763638143,25.46841415274785,436.6879325715479,0.696
60.40612865451628,3.37409712602892,499.0358408655194,9.651567165246377,498.4072651781357,0.0
55.62959119574337,3.6585807702197495,415.6291907840338,24.16245697262986,362.619182210018,71.301
44.79495867542174,3.662942502059505,501.6688519113534,25.167061505110883,376.21353959009923,0.0
44.45915590914905,0.8227821574241102,448.2357045439412,21.846258558918557,430.4179226011269,19.21
31.388647571410424,2.852193119638158,501.2042297069806,21.72676616075127,365.2290980566733,0.0
71.64394133470239,1.8494794728276673,383.36459823519084,2.6472884099852196,517.4884820800737,15.579
4.585783439332861,0.8054718829145937,423.72599254823746,14.193885918101838,367.44196373391543,92.456
37.274577426427356,0.5165216497437476,480.8288072625926,7.557205566834961,513.6522384072937,0.0
72.67208468117141,3.4976624774788885,496.79292337231806,1.4954987114258427,424.4283683045295,49.142
8.532759636679316,1.1368705635311303,364.19307465077827,14.737959040004439,521.2262450744577,0.0
76.63164569371155,1.9490402810738456,496.47328602769426,23.9626063019213,399.6583784328432,0.0
80.63094806053721,1.711807824133504,457.1569332735487,24.188215932814877,541.6594541496589,0.0
61.84821206653306,3.640344039585122,432.7774664391982,10.260590414593505,434.3388637429144,82.586
68.95077750522495,3.816550152588987,453.47635919151156,19.93753762312675,449.92954444892337,0.0
16.16403788035148,3.19819162215999,457.47690203008335,13.771109787634279,386.4402406754819,76.938
16.332966793900972,2.65208403958017,408.1874392336264,18.718832721695556,450.5879778554412,0.0
27.378721151358654,1.1276062789184609,419.1572053343242,11.287208302174058,474.0655018282087,0.765
27.364264096139834,2.1287122244649646,397.9777572279005,19.565547146998,524.7550247682727,0.0
28.43656150865602,3.446669489464913,372.55064018645345,12.897551492460623,421.87961531933234,80.167
78.96964256368322,2.0963918066954443,371.1115603873106,2.0916801863901684,465.214729111775,5.846
79.42693238596348,2.3333644099161255,461.14202652820336,0.9993227959583412,416.00983614306017,45.011
44.77119005095318,3.3677850914893614,366.4933034467099,17.381397303967788,417.48934148099784,66.989
65.0999068245848,1.2911351728340152,357.5355696442902,6.9028880014241905,498.19197402355786,27.23
79.76369963012667,2.129834977855025,491.56719285729315,13.473134298589557,515.0694963567029,0.0
47.65175814194976,1.0974366049113682,380.070650831625,9.165151037295534,523.129877555208,83.087
71.10238436375772,4.034722523842874,465.88990240903235,21.366448768522947,389.51762879595935,76.132
39.13305818954166,0.8129756075186658,471.15619498323383,15.198354230203206,537.9487276269689,0.0
8.237499543530651,3.0682957335699457,474.46094544174093,2.262199936216305,390.492990609975,0.0
63.19125897118168,2.6289570854478104,488.7924475192834,20.51075969501791,506.83266244593267,0.0
8.732126221704146,4.011533038390265,358.04777877389665,21.238110385839846,460.04713232156354,0.0
55.38579129509858,2.2194807192685237,420.6853522857001,10.430622111274012,348.8136966917908,65.026
58.29455871804075,2.486551658297272,429.55707621917196,14.017036402378059,345.3155442562194,73.747
28.41602504875909,1.2048069166788404,395.2889268301244,15.630145887142413,367.5794619517642,75.101
32.136227876156184,1.3005690860411714,419.00253630833305,22.847029186437226,460.2531928366904,0.011
2.9857856941817804,1.7751122049577415,417.7115118652507,10.736109708212053,440.43968069012595,0.0
70.28379011255343,1.7500015277841956,363.76793670358876,10.397768127271432,467.0646593166467,40.399
14.399734260847914,2.4491656389338297,473.79043722231484,20.447470498046798,448.1338044451838,0.0
3.501623608922415,1.995164639770723,451.16058568979196,20.25755294137536,489.7756867648034,0.0
49.555404004299675,2.9482268453786036,460.420436070129,18.319363558122113,379.99229471134333,79.659
39.96364082736422,3.458038220168099,385.39702816082837,2.525568060570193,483.44944925046576,25.291
56.57978031115652,2.546292741309371,484.3561838878819,8.952028023555236,374.0361694393883,0.0
24.114505001340554,3.0978808991890947,460.6506193457663,1.4859560579712028,520.7726020077529,74.25
62.466248626871014,3.4300045129664634,499.14989368758364,1.3236189888029544,414.36450397699815,18.459
54.359305962185886,0.9092419332562965,455.8285410083073,18.7449434284486,510.4948387247906,0.0
56.46124240093467,3.9398530384640287,492.0610855186957,18.311150438408852,483.65399144137064,0.0
70.20127946356449,3.0059538218774136,374.54029211395215,4.63835306531387,550.6289678224035,25.847
43.67090609455192,1.5070952338408232,479.10285372363967,10.302109023978762,448.9724453355758,0.0
78.71125230258161,3.273628427939997,431.7940737468073,11.853163261495133,485.0174971903337,83.905
67.55537910424543,1.4797525336304953,430.34948239748985,7.733369498978357,522.8920698752992,75.253
28.26263821912906,1.4946823514920768,366.54088189565556,24.921772915273436,367.0047808906962,68.749
30.548301761188277,3.084346666694781,364.9091563839347,17.630180619381697,553.1361422838712,0.0
27.01464302060551,3.934747702856036,462.84587688462665,5.84504028445988,515.7868263950393,0.0
70.95904975648189,2.395534140484448,430.5228508585369,24.177637978909974,382.28174392472954,87.773
32.11133106345206,3.45253678431816,495.6419476240092,14.427145679364374,544.8042703964963,0.0
46.93558308585858,1.9532383171555776,443.75800777211134,9.697612460153252,369.64743169300283,86.348
51.04742409508487,1.920282246799355,403.2714008553228,23.32343310679029,349.83599405925673,63.877
26.56371248363474,1.0832486942780921,472.94913221533795,2.4460955944890506,359.66089172072407,59.405
65.1236362069091,1.5121446113887345,456.78449802130416,3.665468283604695,370.31946336241646,77.267
40.80595025496988,0.5491995553498451,363.2548261144959,23.904053208458528,404.5655258545821,87.135
41.37238040429744,1.4090558359861718,496.9351144794685,15.190542781325913,347.0608702764,0.002
18.904208420523375,1.013562416415934,447.2424352634755,24.984020868503617,365.29899867321353,85.125
54.103772966130386,0.40842123235715405,493.5007528378402,3.061881275938731,445.21433441670194,7.937
12.575915659001517,1.382433363327988,408.54664678082554,10.830141349529192,483.90764482266405,0.0
81.65443033101775,2.2934530047667816,459.13357611751826,13.693453852038168,366.85487900478626,83.457
56.24625308347046,2.740875100138243,415.3881031274134,20.44397407390749,525.6961163264593,0.0
28.900393825882034,2.029286155187732,490.98246696313663,3.740447067722065,447.22349112960325,0.0
57.26794148499466,2.024275363837356,502.1551541519387,14.004695938062822,389.2686788053081,0.0
64.03485398913371,1.5504510234649933,408.06354996570207,3.6335275285696316,446.18957046783805,41.463
21.44524924041994,3.6823619758706494,436.0957491820968,2.3066857915731713,382.1066621353909,67.693
2.808072153058017,2.5216707157978027,450.13044628478394,11.576743909596871,453.0961731232217,0.0
80.05282860251945,3.194416153616847,504.59108497662993,13.660197014156495,483.5603665570444,0.0
27.682773343830696,3.902897225856702,438.93702489632904,7.281637386395879,476.2169007228885,0.0
24.591786078538853,3.8624398986358695,458.15576818261866,19.883477532365962,557.1002429528329,0.0
31.03544008461258,2.7058788148534063,419.05287110962774,19.269386838417333,420.41773145423304,73.984
71.94620848993189,1.2962082099065428,392.34232117346335,6.062687678158585,437.24119896624484,38.315
73.9792596883866,1.9794008029254768,486.2656372118646,25.442130787437424,456.6693130288694,0.0
25.662665101573886,3.179013221327099,448.9447450081269,6.8222329212007224,404.67325242188923,85.806
69.73212381765198,0.34995554664033207,487.91081850611414,25.76933893992346,433.19036437515547,0.197
7.036255279680746,0.9698818682659193,372.52051781149993,25.145003897384534,438.9558694895756,0.01
16.622914780906754,1.3210020263916815,404.45331581657376,2.4785684690509866,477.69209165367283,80.304
71.03541125294417,0.4225137375090933,416.56512277117235,18.059267485375894,476.6523260577964,57.453
36.90879862771058,2.5917121594791124,416.9219619176623,13.58574699154536,465.4541968750483,0.0
59.632656932402206,0.6440322434717609,477.48360985977934,25.60073693428677,443.3719389302945,0.067
55.77792500977982,1.6090947247342995,375.34241667832123,17.923223039527063,535.8852871065297,0.0
6.174921704948687,2.9831706603720862,461.9632972134046,13.299563835978448,556.1967752370018,0.0
47.49686446196437,1.0385054116152623,364.41048593238276,5.7961850836237,512.2046312368639,45.002
4.163697799670658,0.6375415741362078,376.2353470144278,18.258606486280485,401.3633949621235,43.812
72.32980384827195,2.139997626443009,487.6818553986333,20.047657834883186,447.09566892508116,0.0
58.81289318432057,2.197385654558262,443.3381583526674,18.932074883614384,521.4574864652955,0.0
13.351623200068234,1.3100473258846168,361.8309783473181,13.502335789512365,496.2568228743198,0.0
47.549080613656756,3.8545475010727808,379.5443863675059,3.026846520208398,513.9740566512818,23.68
5.039735852755991,1.1017103681398548,401.40342244710223,19.209452544067208,420.1707491130624,3.855
63.62855899208757,0.6672774899078158,405.4870768712732,25.19830591162424,498.63475497236755,0.86
2.8315458869981067,0.3585955827502663,502.1151792400915,9.93897358150895,347.36056441920846,0.0
60.145057471033724,1.1326317604183598,401.36999416734255,12.127698568426403,507.5555883158189,75.429
79.12741721662984,4.113887327619048,361.6248275170827,16.23959933759269,471.21989579757087,51.172
45.563594312238735,3.2681404383422032,457.4303229211397,3.286256774143273,378.3460176185504,76.971
77.55145848634965,0.6653319221299412,491.23633275547957,25.345437296310482,371.2031781603228,2.04
17.899342537706694,3.845841279881414,414.40293849538057,22.931125455140194,431.8363803866022,0.0
59.70512972087348,3.793473994813449,374.6707191917159,3.708510706593369,368.9357130063519,11.484
50.08923511101556,1.8221423104990704,352.7500342176724,2.9829606936853477,432.2432171432582,6.349
47.182886709826015,0.7196699321872035,388.6354816774439,18.167825154462236,467.81170039315845,60.923
60.23170038308869,3.33893430169114,367.255996026151,22.27335366107328,358.0977490219189,31.567
27.39116130950574,1.951588158500297,452.34889300337284,13.889348599164757,396.77831566825546,65.848
78.31232756547807,1.279957972815772,496.0803244777202,11.688203863632658,351.5356367757667,0.019
44.39366660990101,1.5857488938596878,347.3358210704496,24.334183368633454,376.79093251871814,47.52
22.39325385885956,3.10696378937086,461.7703616821919,17.319585055409295,347.7329302680255,88.823
29.29305712735183,1.3146786672090909,414.8857403904036,23.424183779143895,373.0540700156397,91.83
16.481643287340766,2.0425842477812792,397.83976813007934,4.030810467609328,550.3132609290053,0.0
19.409677145999638,0.437821999885257,442.46870992855827,13.327000137462216,423.8997022073738,33.138
19.9848037009616,3.226279053890881,479.89428506188585,9.961094762040391,400.4442328690974,0.0
17.085969783620005,0.4678518973584749,425.15043582509605,15.469572921849304,497.68858555482757,0.0
14.842951917205456,3.3866184620932556,443.21327725395463,24.70042138940829,492.58680755920824,0.0
54.04669072247766,2.678153404861206,376.86383400268045,22.980381621562493,371.5954200583788,50.782
65.94756598669721,3.3927196808707683,410.0622601216801,26.038853341446238,406.8797842612032,85.636
31.040218185313996,3.282283547955646,486.37251274492064,6.9493486187103235,448.20127058827734,0.0
44.58384009424057,3.902431167557494,360.7601115193871,23.984277597611577,366.41620747089473,40.576
73.84445241223848,3.6543957702713965,391.1944819962513,13.992751008383447,369.2581208958676,38.918
61.77810584325386,0.5336550884475195,410.953528690288,1.268782168305512,486.244483890929,21.508
58.01662266890403,1.1502261719186135,495.8944247684524,12.268679306746026,520.0539635425637,0.0
3.4259298728179015,1.6826801630559873,445.96367638814553,23.472486635147025,444.16865815320455,0.0
20.665586863294678,2.5182550882237433,480.4568266184728,11.727088906315624,554.6483809820784,0.0
48.8822489171675,0.9459338807574671,498.64826984138375,15.571129680108056,522.839231548022,0.0
7.898302092111365,1.2474271141631994,451.57769299679023,5.338541593957411,401.2747139245681,51.98
1.9904018093813691,0.7825348838767245,399.4944772152788,19.09820049752056,347.8783942368346,97.586
51.65531976969773,4.065617108646617,481.38602848274394,4.690059647954152,366.7841760108592,50.407
73.05883356195022,2.798310334354095,409.40098802190516,7.304463794628223,382.7819518955652,46.273
36.53663376496743,3.763704541672245,463.4629755822166,14.555058127631234,365.8088444236704,86.948
60.64345700523678,3.705902696185334,446.54129744271773,18.827033383434156,373.1399270961506,87.164
65.03689054978115,1.9125339559759986,408.73507613115385,18.887675658527247,412.4692597847156,84.923
73.54773795456522,1.4029745975091608,347.484442016913,18.794004106639505,387.2033180729314,24.33
57.211436903899354,0.9344357819431226,472.27926474242844,18.140945564629604,368.2342622348311,37.434
79.92731079737375,4.000525573700766,495.2551760908958,25.60367359275346,541.6803812908784,0.0
51.22208408072325,1.897451022922354,483.0574119005895,18.966723721896383,396.90161749012566,0.0
50.722868670501754,0.6695889444118286,429.98618244699077,11.671126776037648,496.3783775614804,18.364
58.70391007750153,3.308341748029827,424.47783214922174,10.741336356262943,520.540289664893,0.0
34.4230156408174,3.0180434099016566,414.53463657474174,19.187988011868267,449.07975510889776,0.0
31.547297713601196,3.230981615023203,349.2101883294486,12.726118144673125,352.2055413772957,20.67
51.5396138171771,3.1383669135755166,356.0127390477007,7.757421636844339,472.2943919333209,33.291
42.22107319575461,1.356916865014139,414.46869916446434,12.554225375645107,553.8014868811144,0.0
9.362438042762033,3.7619872111495414,421.45649208916745,2.7775597634442475,343.6120239152021,62.939
17.918976215025623,4.115421136047549,362.16822985930264,18.622973741699518,446.8181749510625,0.0
41.1394891965026,1.9866732089441062,385.76302584968124,13.550933294385885,454.4286139005069,87.565
23.919671341841216,3.319989376760133,496.72895603575444,12.659663929278802,475.3286261934371,0.0
65.23839934510309,0.7434938057830737,383.8624442731153,12.2454041277117,493.7814254177729,82.47
52.718433318198265,2.432459408880142,478.0202706259485,23.293747393452204,543.0571653527081,0.0
2.2673945103601856,2.8736025612676537,346.1018781147972,9.385810484756028,534.9903186227655,0.0
48.21209132011931,3.2141439196405455,390.75735379669436,19.424583142010803,394.66207529553395,70.884
12.108634942752373,2.2793292057618237,388.46109518217173,15.261434078298986,498.62534367509625,0.0
63.37364602760047,3.9051812799312646,379.11190084131584,14.79951344581888,386.7383203908016,39.039
3.562668149503124,2.412252810975257,413.36025205170097,3.323784123669153,374.13949316271265,91.543
24.096420580263562,2.966446661169423,377.7424278677328,22.504916955638024,442.9654891122192,0.0
5.457536380610335,3.837960050612042,347.69487891200464,3.274816627982365,377.16673647482713,45.971
72.25238999870177,3.42603871412757,494.6071220210711,13.17063415993038,427.38992231293616,0.0
77.51294545541224,2.300207939878704,399.03352445847565,11.733579986635318,504.4326464306298,78.928
39.80847354748961,2.6690686450916186,370.94267821062425,22.86846577333791,437.8496883634149,86.248
34.54323471212733,1.7184709303956507,404.95874886448934,6.215528662291733,374.76398868308536,58.552
21.37157739659363,2.3361627675922794,406.82088859601794,18.352139138115735,403.1507634593203,89.123
73.57227452500966,3.7812110522726265,389.9417887978665,15.810062568739804,508.02153327595755,83.519
42.467909541743246,1.1971800645980863,474.3029628424209,17.972798313894668,470.77536821786964,0.0
39.62639994131066,1.3365188871535616,357.88740917689455,11.904292509718873,550.3356391062639,0.283
30.652669224929248,0.811397144698049,450.5006974420932,7.6983958798815655,491.4354128218412,0.268
13.793005032360352,2.702355739624636,472.8135647989802,3.5446270695481426,402.6150210397984,0.0
2.8744794330165915,3.408385754733362,492.5735271332509,22.469417422471377,502.3454089086516,0.0
50.07527014842987,2.6770420457866195,445.00620551096245,10.558915491412261,344.12375583630813,81.989
22.796191968177226,2.674658496517958,436.2496487668893,16.405368571607028,412.09159006624543,58.124
53.05736629311444,1.9802466464401776,374.24607856664414,15.239842987606858,557.2372953933134,0.0
46.568333446519816,0.5916373788209272,427.8073346579155,1.2356686721157637,433.89165848069223,40.434
18.099209420157514,3.0596599841311187,460.128444610545,7.946256403251562,371.7953773382451,84.25
20.793710052348523,1.6276306557053948,420.3176239259792,7.65659371168303,394.99660522607405,89.382
29.22648619595735,0.5012211410544269,421.21716422264296,2.9683175518451472,482.7562452275587,80.906
66.01452724380806,1.7601701391650124,416.07624981146904,16.432686137969263,480.94093732843163,57.351
47.86980190643211,1.3604098494737116,447.8359086821117,10.352744264832172,379.10492028625333,84.764
17.442008942835976,1.4375892345015342,427.08150399597685,23.924267688787584,530.854833978944,0.0
51.36994092174642,1.3415974291275565,448.07491589480645,16.49702003446278,530.4292272468238,0.0
44.3599957338827,3.0704180166897728,384.39545377933086,20.83194083701105,469.56673146714826,0.0
27.036537142238963,3.0695458643677105,403.7182323744509,8.206024480796593,500.51594682166444,0.0
27.93996083028361,2.692259196609113,500.02307435097043,19.863802693451373,480.4141977039921,0.0
42.78044874149674,1.6030952627105601,484.13410291813375,10.81787648914335,347.76343599056327,1.021
71.6677386866622,3.475745246860882,458.4219949485749,1.4690777631439436,375.6918035911601,50.739
11.014774349658406,0.4060008333695605,467.50426644451204,19.542100844329006,365.83889993816666,71.34
76.12015131390767,0.967381768369494,453.63392069008387,7.682427740594154,438.13751554199786,71.509
44.057658964889185,3.5115936677299144,418.00064770315015,16.03013469869733,371.85201870417154,74.514
20.228834073681682,3.073541299122877,496.4414375424542,7.4728816052439555,439.91454716892156,0.0
10.910552679321233,3.743162576210722,369.72182592314283,12.113334837249639,356.03435522406716,59.104
26.480936918988277,0.8884997242892727,425.8126197803317,18.429080092494754,458.4809880461182,0.317
76.20780405547204,1.939489775560717,429.69953157624786,24.24289927466313,350.3539837553684,80.795
28.98196076650114,0.8762777430237678,355.93009237338947,1.4127258724222695,359.308050675646,4.296
9.44735093063385,3.49698361877939,475.82938360303626,23.175859550080844,380.9781127035088,100.0
32.89546173671732,0.9283378846147133,463.34603677248447,6.433329966438661,370.39235271801374,65.37
28.79259681677125,3.224685783000701,418.57268507721545,3.3445665541303784,399.6757014595255,59.421
16.38640691622966,2.6583390354890497,425.47290543486247,11.11527221505779,538.8963567013893,0.0
77.17228842061915,0.5963367917909151,375.6771362169079,13.153591602869737,551.9575258117397,81.197
71.32588347308314,4.0214889520962185,409.3243455775122,11.899842076725086,478.94917261467225,76.659
18.969959198097392,0.8420591122964523,378.9174641884157,22.06434418376435,487.39312262567705,0.0
73.52257512954802,4.0130257745763105,502.77008666073266,10.012628887592061,414.6855743341248,0.0
80.47452114788048,1.1233570802476414,359.1357516583848,16.506608411751728,384.81497282070103,25.397
61.76800073400249,0.8710155988311528,442.5201560313315,11.945523040897012,547.306716028649,0.011
6.296553201221794,1.1540245320260647,424.23899817759553,22.57812746573651,531.6641649625102,0.0
42.37967369768563,0.36016625100199245,415.15764325882674,8.61615455887689,371.98744818220894,77.478
26.65001654665523,2.517055770309936,377.8724292813351,11.588232430902673,374.6627015652441,54.757
20.261396202622883,2.915147987888802,495.12538044018964,17.8973532624075,447.50405803997626,0.0
70.64511392665125,2.0961776627534623,402.1025785671594,5.327557623175899,503.30846970519895,50.982
56.55387336949161,3.7863503606060473,433.3193112688871,19.48105694164044,380.8392890483161,84.405
26.985494484519705,3.9994754844751665,387.11262469869513,24.520865232621468,483.3642401130742,0.0
71.71046281233903,1.4824764031741862,488.7340166745871,13.216252396209486,361.4091504200523,0.044
22.028691636709723,0.8462094252554683,492.4175682037129,23.824753825266377,494.8641162066125,0.0
60.18924883048775,3.8688066195347592,439.2357050931924,6.3088752657411185,453.9581536810773,77.737
39.17219757314691,1.0143969830862565,352.691370653755,21.028307996938636,501.75344377984175,0.01
37.305989772400174,0.7364169739374752,460.9453721434452,2.303422180486128,438.74876748458735,71.836
21.202296024488632,3.8000210454140793,463.5522148883619,11.04914482405636,352.4144537679361,88.706
14.941343002937602,3.847074821807437,366.14929549598224,22.32049741316708,477.83899957073356,0.0
74.73979754401167,0.9998376863877029,352.90818131504614,4.7838382064879506,400.84053612105595,6.049
31.808419831522095,2.814401365755562,451.93258819598356,19.65274013167693,556.8652914529582,0.0
9.321637428184268,0.6886873895224412,494.2909457040858,4.431880351491158,475.26073857546976,0.0
26.24929394001581,0.6927815825918665,471.9060528921294,12.899705529807076,507.8728109065827,0.0
3.0144188280809994,2.3421620011444024,409.8937776247186,1.7448080226017924,361.02234315811756,76.955
32.468525905329194,3.611735494146362,505.1017175183072,8.69278816499348,414.41388625806326,0.0
5.134210977769085,1.6379290961140072,450.3966511819161,26.02625149013132,488.9959539644658,0.0
58.450099028118096,2.2079102658336844,501.370894844537,11.762167068419531,451.77086064679384,0.0
37.96627869530391,3.8523896868461738,504.6457300561223,1.3507458335334062,503.27383359686326,0.0
16.055162792939043,3.239071205443137,478.0415466860864,21.889139276219485,491.01080681802193,0.0
16.789476039701967,0.5724387530984865,405.0469883707238,19.222366538594503,490.90388491900524,0.0
27.627270167784168,1.4690914570777522,451.062892433261,11.235151730738151,373.3094254946424,82.787
58.263948065307545,1.6801987208427849,492.65140542191864,5.369860694808131,381.83223443750444,0.0
59.27687893482972,1.2166664526979383,377.45792276029977,25.998318305675795,411.7468311187288,84.223
55.344337892576895,3.018861402267325,491.9003758468423,20.98731029305921,356.133323612169,0.0
9.50633602898147,3.898180030697505,356.4802985714409,8.654820435126737,491.20041521084966,0.0
64.84462324414764,2.463829287970788,349.03336232919054,9.834908303663882,494.3836894997613,36.202
78.19015496117127,2.2588931567172024,430.3039779879918,7.725296048259505,360.80734469099764,64.693
78.49591131538754,2.964820616518051,416.695073910986,20.43030344390911,399.4170627611956,78.85
30.72437621323259,1.6111600939571593,368.52137543282856,20.393118026214307,388.5462285660396,79.206
20.492339153352482,1.3495729537044392,477.8163429727626,24.28249575308532,493.95950918040677,0.0
78.36525014447973,1.5136836480820546,498.82087415394415,12.460434296787378,347.0068027351118,0.0
34.90357428411234,4.008816669944755,453.7826201072195,24.437723945254014,551.3508355061333,0.0
29.868685526395936,2.3731361622739744,357.76693556102134,8.81496790209417,493.14137919204245,85.104
70.86035229933763,0.6640740586474114,401.1278286215545,24.166311299096943,498.28112924220585,10.361
74.95477256525024,2.4118634897518274,431.5228619939938,9.199125587725483,430.0457764407419,79.554
78.4628889153649,1.9617429263951935,428.88162759075544,12.362769586343784,350.8925936163005,71.507
9.260712069962079,3.143637870172271,353.99881206847544,6.3381873542498415,513.4132858370647,0.0
56.629499297976906,0.8194676204858087,503.82004286137567,17.21277832863112,552.3260032715242,0.0
41.3972171882655,1.6134271104978626,442.6006112095155,23.090231567060233,519.3567354372759,0.0
21.910423237832084,1.350566633216729,426.84157126635057,18.635079406660374,512.3193327908429,0.0
28.301759892474273,1.2313908644178744,499.4398843075819,7.088714183365336,521.3260368700991,0.0
59.86289294804059,3.942994370894225,344.7599796922334,18.653048320634493,369.592996884982,19.319
11.920544619249782,3.196510736836907,461.57898968470977,19.338051373645108,444.88486109412906,0.0
12.306182902963652,2.716120233679647,417.17170249039657,13.721287446377183,511.8513809633675,0.0
2.0059969197974956,2.909421316521843,378.8015890185648,5.9686819998812215,443.28582789370404,0.0
46.269443846868775,4.0563236252563595,505.67656138371785,16.22989112094008,543.3031054924866,0.0
48.839987419935014,0.42747368367219496,394.6830985570746,25.9658188220835,362.98547724881087,74.597
3.5869004721178204,3.854888648487378,345.9611479222769,11.123012731662953,388.3999936250829,83.592
82.61352996909865,3.963807733606118,459.50774366371564,13.003864481498704,441.30838092819874,66.519
24.99303235536437,0.7967071708034699,447.35333767471093,13.197710484740064,433.3415810179327,14.509
66.35564823948073,2.866665436075122,382.8767040575218,6.9762766217055505,343.1633460559353,20.288
28.84338566946021,1.079218631048219,409.7891288401194,18.47914475848709,353.7465710706469,79.886
50.05308254666883,1.936804155284118,407.1962299199979,21.22545382546309,535.6196409121064,0.0
37.401394343678255,4.004324652910708,433.41230702707696,25.24045978896444,544.469559688627,0.0
57.89212266442843,2.4430845000566657,374.31083684615845,2.9389210248113615,452.3762263461543,13.185
31.522894813756928,1.9780743479136822,457.73639744168656,18.695708267284072,418.99501441644816,0.171
59.34553022973974,3.037585602206093,351.5804891863073,5.995666166012449,401.01670965231074,9.504
64.81238241492443,2.0257963262015184,492.9199414387598,22.587553825072238,551.5173284069208,0.0
19.01896473086144,2.5392424946234358,416.48549793226243,19.92929757879005,425.9647527486387,0.004
31.80180312430167,1.6486299138335236,441.14155934710595,22.12008561721581,445.9029652662969,0.007
44.14532719079537,1.600458956482401,391.1528109152282,10.12872866782497,535.9475156432007,25.674
14.370161391869157,0.7809188957882793,426.6186251956682,24.21966179959643,451.84143522250645,0.006
79.00455982587886,3.694938876057222,413.18614339324586,11.521356559562268,534.3382024137554,82.873
81.69137196080102,2.6305247649394534,484.27011054499366,1.211087608712264,433.8223791864875,64.602
42.10003630184122,1.5652174100920262,441.64531014906134,23.186990689065833,496.526416883567,0.0
50.60955271807535,0.6986482150763781,350.8407485297458,6.328778401350602,433.4418509045446,17.607
20.91725942818833,3.1992445486573717,496.6045004117369,8.78043597873723,502.6415940296495,0.0
5.804486407284373,1.1979107552949877,504.8856497908359,3.7561362916718712,508.893221492954,0.0
81.60054195724145,4.113389953053754,480.409585644971,1.278524890220713,450.264427762497,60.552
72.18880423736607,0.550390811913589,467.86802688942794,22.774566201483143,418.5053248117889,13.851
54.492358671060465,1.1618193162856536,413.8952472177541,10.380812811626532,416.1492323970986,81.834
61.120530927273336,2.1627816221186555,346.3716929339272,14.215817759692024,431.05419401802845,36.369
77.61016250105675,1.1776948997299976,491.4146981291028,11.721667175871183,345.416021807942,0.811
7.721705444878946,1.704446536518355,452.6911517833075,5.143099152978116,469.9189292798551,0.0
52.275109181060465,3.533898612506489,370.5940005509921,15.39531270127853,552.8299543155376,0.0
66.16451201887449,3.9191349261321906,396.27355178190356,19.779537659652288,537.2471951975851,0.0
27.974461108582098,3.8259523794785038,464.5944409922256,21.396240946647023,553.0456208791893,0.0
75.34912118044278,4.031963029419125,462.80417217740023,5.776749242992523,543.7875280085933,0.99
6.014409542244245,1.6581039055493916,407.423202598514,2.380583317723679,504.7658159424543,0.0
56.73124424660023,0.4789466461394303,414.7207398806569,24.773493407184354,482.74086950300887,3.384
65.57288444448595,0.7779469400644218,384.9830017337696,20.474670287857123,344.56886784714527,42.305
6.8439832286293925,0.7808407383401539,505.8678755808834,17.42860530462038,461.70914855722197,0.0
41.04975622766756,2.2359617151975466,486.5858694093843,16.043236966749113,506.155378948505,0.0
71.599390557857,1.5961380012631832,493.9721136060298,24.60283209989505,350.8007463323927,0.001
21.05383163042307,2.6967574458677066,399.2679763305237,23.13883360580357,416.7597867503325,26.49
73.18986006852931,1.317804662809904,395.6479622055632,16.45807362611881,536.9079178942122,21.333
47.44326083782639,1.0418836443707549,447.6824253696317,19.666081660908564,520.1679729286395,0.0
54.24580435109943,2.5248688783210986,489.2800217893871,24.054152441027252,477.32200809430833,0.0
18.290071810459168,4.096662324955275,376.3957663089907,10.42410211318045,511.36520878890394,0.0
73.91821454870147,2.9928240109740445,402.3163203897048,15.967799526529786,534.0658182905556,0.0
34.1993145166069,3.708870219988773,481.3899155649899,22.63532453559845,482.02005588006693,0.0
44.66017231763667,3.7558800996767077,416.1241626763511,0.9421074404032357,446.09017955010813,21.353
81.16043689690211,4.053681157726722,495.17960890940697,12.874384633035843,504.5461321305961,0.0
65.93427917175472,1.342870975565209,348.53134999505403,12.451577243299301,448.229924729608,35.602
54.66377873200352,3.116012406126857,481.0954075981597,16.610101918072292,476.7624338178116,0.0
47.35846953121413,2.9318990195728487,351.21086140473534,11.007985955044612,545.3883426312951,82.837
25.372753877087703,1.3671993346180775,351.41651353753645,9.488658180015838,494.99673660848055,62.634
78.59386245648815,1.9829993216051474,347.8246936199893,14.456075783834807,508.10963465535,55.654
35.325593201797254,2.717138898130372,441.0413037118621,22.02797524446273,480.79350787806027,0.0
60.670517301420226,3.2195205557544284,470.56075316892094,12.713695084309684,383.5549667426758,23.179
10.190375287247328,0.9640171951827343,469.2631407474617,19.287717037077226,431.9505029749524,0.0
37.5885905512655,0.9852295569479501,438.30218720518786,14.311198128618646,485.4592001163153,0.013
42.49766453835716,3.965847168696306,474.33734445961596,14.492733661266538,389.33828367590286,0.0
35.26116667241728,2.0072985784665787,379.69133163251547,13.434035260345498,469.8822346642618,74.651
49.60820173106482,3.2661479461859173,451.97572698797205,7.851075055919865,555.7742641227999,0.0
18.243890934279015,0.39625882429626574,402.15691339433283,11.481229078481102,442.0253309989424,45.002
12.289686243254742,2.766218542042924,379.4498630800031,22.530170517950378,496.9579765341441,0.0
64.04467404118063,1.1424989400895043,476.95518835918784,8.834258299027827,522.9916124597993,0.0
46.74272102236725,3.5225488478707776,421.63101731796496,11.908844762108687,389.73835506327487,76.211
43.34481220116699,2.32991723269812,457.58665151832224,24.446029985416043,406.40978108641707,5.302
21.635768234163628,0.48841852784718487,460.82625923417504,6.078690994218946,557.4815912183747,0.0
16.44085059742335,3.5127955917258293,371.97244716479764,20.571343798238342,537.3955323092059,0.0
24.548385663342252,1.2149926119634347,367.5496900764451,21.643776025940213,544.4247816177638,0.0
50.441118302270226,3.118241804358169,486.6749087953783,14.853233444267207,520.4197929168974,0.0
7.727746766236473,0.590122061579153,462.66763239905947,19.875092302518787,548.1829647397917,0.0
23.171955372188627,0.589451968502243,390.5888160895131,9.208184084942571,547.7636680123442,0.0
20.508103573598362,2.1854648301984305,433.4709731819443,1.0439120072986396,460.69382317445934,61.681
60.715025519414105,3.2946066592090917,420.32170637264034,23.794888907177377,494.93205246872736,0.0
57.911503118120756,1.185740937413096,421.24671107780034,15.120790318202694,345.7876334822691,74.656
64.71999007661987,1.6501863525693437,458.5267421974374,9.85854048803547,357.7451939090591,82.411
38.20068467116143,3.486886563241489,440.09229112388266,10.085922651111767,546.8868391344798,0.0
58.035545300070794,1.7259337890382236,502.8435737567493,4.732792478887035,480.06848187403796,0.0
46.694550220360526,0.47809310754571843,429.07808758854463,18.891618686096084,528.1697267162874,0.0
17.555035773238203,1.0766849422062157,419.39257079436544,22.99792988754514,400.65721962197495,75.09
53.90400695044857,2.3087232939714792,438.72897805224306,17.50042883666447,499.36577239004555,0.0
41.034620521894155,1.0601464341644933,455.41951710916726,14.253078628952565,553.8271959562752,0.0
8.669988054875152,2.234071726823775,435.6441941528513,11.860150560502372,480.72566836042364,0.0
76.25053171850404,3.2427592386946307,458.06664496560654,10.344058470991326,498.9600200872478,0.0
18.654928738138175,0.7100158875746179,417.8770664213206,9.338351186460232,411.05222201417735,83.902
31.455590535867728,0.5687029754043841,493.02169830986054,23.614972659931173,347.9297259862013,4.574
39.014105395569814,0.6965975294246523,470.17471734406985,14.43409724577441,437.4893995002366,1.033
29.26011272084095,1.556981167881336,429.9231509409035,13.083622434834817,405.94244410169455,85.029
37.862490615509024,0.7418070465071049,449.6177387977761,6.446103627647128,456.94799055279526,42.877
6.56744158179094,3.5600080964523313,375.9117272625059,16.312142451440764,553.4128861390967,0.0
45.86233209299743,1.084775752578497,376.5015581005857,2.3955975614798373,418.45837347139417,13.712
37.88218382246739,3.113953904802839,405.4246824092692,11.88884669125442,529.1453648711803,0.0
38.607973282896616,1.0882103433427461,358.10677755972677,21.5460487414343,429.5165677978305,89.4
40.93713572155816,3.471332459309795,455.5435653501691,2.4345536201175735,388.72648327340715,72.389
29.980335169735653,2.719338391007632,466.0424194060796,16.776872957058377,366.4927439002118,73.64
28.70868947388852,4.021053239927762,437.197564634651,13.881677787880221,365.32844175925186,84.931
12.438650143679569,0.9184304990202139,379.89917314876703,15.46031038957481,482.3028424483439,0.0
22.840381995128524,1.484558550914517,425.53454943013327,5.575257712818286,425.9106010620104,86.571
27.080831342875847,0.4332691479219679,480.69610253201125,18.48787073796996,440.1095911671502,0.062
64.28767568773408,3.7387388881760777,447.26165972146964,2.2947627436313307,398.3546239928349,54.339
63.68798472594753,1.4474549952663232,465.24737376743775,23.511512951852758,428.6122206747928,0.136
29.836324054164677,2.578382466894813,369.51594071693,2.696477757267133,400.02907157788275,16.163
19.080118537932798,2.078327920920277,439.66955157299407,1.1549249282328549,353.45378198933736,63.265
76.95994394407647,2.2259916598341736,380.7561788718488,19.456316562039053,344.8741817744229,31.758
49.324286593423906,3.897651804587243,349.8528446921829,19.721668652365427,444.38828377837024,74.156
46.202504418514884,0.7728816942032269,385.55450504109507,17.665779330670734,426.9233939050279,88.636
7.390072873673406,1.7634329654855474,381.0449040453421,20.1618329754219,501.1556047447907,0.0
36.63156497153077,2.623528787084921,378.52682535129344,21.321329874068407,360.7622038798575,53.375
21.574498041995277,1.134135606048111,464.07261691487827,18.66729501982886,416.39925745378343,2.998
64.66470414001888,0.6871532226950454,392.4457488493441,1.3396613562915969,465.3149749299395,10.947
49.54825263815745,1.8083910160428869,398.2995636820424,5.601430383871185,410.07933082809745,47.253
10.310029196577757,1.0353253582991992,408.93341655684554,11.194933418490349,425.608218283808,29.826
67.76171506503948,0.6910116714729178,478.3800985527712,20.721304731853554,356.1473020215685,30.222
35.92801527281032,1.864508517255778,438.00355781507244,18.45635442366254,417.2380791873497,59.198
3.412183590397223,3.1019587332049077,480.7960087151902,24.802136796637562,446.58933314266426,0.0
67.42231959371092,2.0110839399945317,381.49367832643014,22.141222045483293,533.3541162191877,0.0
81.00447165875045,0.5193448239062787,444.5356445793777,17.47419073430688,416.1099179682851,71.102
57.243521903961565,2.373989608241435,445.22339686512623,8.732853558876474,402.7156188716456,85.113
1.8828692010636312,3.99841196400443,472.1578653669386,11.31670669450335,532.5427455529883,0.0
46.46692194794271,1.8108339168489866,354.0787316189443,23.22658685151057,458.38206180149103,78.07
80.68242075018551,3.6065968981703858,424.4035585992501,1.8661137213529162,479.8417903248039,29.539
39.473327494616626,0.8329585010329303,472.7248429480254,23.482625044660338,473.74502430744707,0.0
53.8450005515719,3.557625213413845,391.7554036254516,7.598644346325863,546.6502406195145,74.908
3.0937189719771925,1.9042848832099,405.2494128029074,22.604601634793163,499.9036952699083,0.0
19.891172106283385,0.7831794512858775,365.55043606661826,25.677087068216082,389.4989242146004,93.545
42.72222388070612,0.9830277185539332,405.5673399462699,8.286684365544325,369.18252503507006,62.874
34.89391595811683,3.0742372753238723,455.01483874352516,17.332212608374995,379.20588401954245,86.098
33.93755012326239,1.09537749487097,345.089537362364,2.3676606946804464,488.96197152482785,8.105
21.41980996309853,1.7179022140175038,468.96762585101624,22.29711604805269,355.4540402215668,65.726
23.583617515696147,3.171383969416677,495.4107000293948,15.6694595983971,362.56884468575686,0.0
42.164530270601794,2.713140483602596,363.92227679258167,18.99327353165622,538.4223574286474,0.0
56.90065076352697,1.4216947674597407,415.279036916951,12.786201424150638,493.5154352203189,54.15
23.944488688107732,2.8370150665918414,431.8095759341172,25.898122033735806,405.35929326215773,64.539
23.373320126050807,3.7713534407103295,443.8187996207372,1.3086907938453827,396.6350238058599,61.455
13.856149475655274,4.054458148987025,452.05688035544966,23.885764077924215,457.2775352050241,0.0
32.078402619006155,0.8530482653493793,476.3138002143527,22.99403631793499,363.3884450414234,28.286
34.055359913881,4.138391398716324,348.0163343138109,18.233959609241374,503.8992676911574,0.0
68.98609345940038,2.8734516035090483,473.64156592776845,17.619051298114286,538.7803318597114,0.0
55.211169921231395,1.946628416311893,503.8888761197472,20.921065975059776,424.77383969834045,0.0
62.878890356587256,1.8397281734250517,409.15765211187187,9.004354267232133,473.3538503322733,79.037
9.235024278206424,0.49669321387190096,381.31307093953353,8.98911551071088,530.2118215151906,0.0
7.11550234606043,3.6892444672075886,490.08699719471826,4.024122621765827,517.4466252968863,0.0
77.00733800612367,0.9506195774399153,437.85313821256324,7.200914811352546,479.68952439886635,80.088
21.358173144147045,0.6028889857338411,465.3681454908509,17.975389933893627,452.0373680822927,0.018
48.947092408773266,2.3416350887400625,447.7520128926435,12.225007260452882,487.70815897182763,0.0
42.85897774354689,2.070000502438097,400.4340311203583,18.88305495401066,464.3223513369744,0.162
20.08596088586203,3.8938041667742294,473.43477199151585,6.360548549008414,395.0985625595029,0.0
42.94249167440626,2.173753227386049,486.46147418045655,18.368993406049533,460.43021015680773,0.0
49.644751525926665,3.3088159658229452,434.0416684588296,14.944962993348511,487.5601274976317,0.0
58.680049144151816,3.684301451460239,387.6742033386779,5.0542528525465125,540.9394941483574,44.325
8.037998659000639,3.3032433440841373,468.3225807915251,19.523062687885552,406.84792895930735,0.0
23.628017131186922,3.5518154235687756,373.7371261623751,17.74140098762289,398.411476534493,86.066
53.24780714233413,1.6635161108733145,368.9950508175242,15.742485551792381,424.0964110092093,65.724
77.81398242467884,0.42072759571574514,413.5004966808686,22.760742806495482,482.56604958127764,40.527
60.8320732252434,1.2096864809435641,386.66904941211,14.77110689608658,483.6444000524099,84.952
59.403219846386165,3.5875943440009004,432.1201030242148,12.886893279564136,411.18773002473984,83.86
47.874537844833554,1.179688328577296,362.9456523306134,24.237860724959084,370.28819357173876,50.204
36.708128290920975,3.265803053044055,398.8890540072705,25.41039404303421,448.0930624586554,0.0
6.031189660680898,1.841690377711581,441.4745135841948,5.43657882724892,426.64145195546797,0.923
65.63847083831666,2.6754891218689862,384.73196535751106,2.0187842486178744,397.1847804954502,10.139
64.2240902884982,1.7222908151164629,452.5794914011081,18.247766266051453,349.6316618321358,86.888
32.65194497850097,0.5870161303991761,372.0261699553287,10.152849972797886,547.2022603979563,1.982
45.14844666705186,2.9247860076975054,351.14490102017544,9.290443685299007,393.33035993395845,20.753
69.91681639294139,3.2399093346398926,386.5111860810787,24.754744578887465,403.4442174837949,68.094
61.35040137426081,3.566222484076943,503.11769700726336,7.951750417834309,414.4523859972729,0.0
47.54547316380266,4.130980358331397,472.00420067804765,15.719296621988734,372.89208033475546,73.655
62.649643294075894,3.7011392000772196,393.78071879539726,13.257215534221135,468.98024874284147,75.672
33.810348527009,1.8122953829406128,352.6097084778953,21.651186036074236,378.5737456847125,58.946
16.261759622492868,3.638254601473429,359.6145594380502,11.629445811471912,505.2657285150223,0.0
11.021391162325353,3.5580788231095477,404.3588957631705,8.677247916883902,479.1588037624381,0.0
15.171334931061113,0.5715399687831526,359.3985099930083,22.17899796066471,351.5086759668504,66.131
48.62269129216857,2.384442915470613,424.12385041243994,11.965754629199214,540.4738081167615,0.0
55.37497731326865,2.555103028801872,406.40664221353023,2.4982582923988477,422.3183265099788,29.778
36.23802755608847,2.453390248242222,418.1618707187919,24.01171194954253,492.15273266727183,0.0
32.62415966678823,1.505502868064979,468.02823680841186,7.789291021915048,409.3691553012474,3.937
80.43306223729222,0.7918706711523443,487.56066351431974,18.7535291607265,386.6592162242363,1.369
65.20130415830981,0.6596069451341254,372.3992998846331,24.244229151261987,424.94050945537396,84.052
36.65167056031402,1.0228001908169366,366.12329133760767,5.105128894363883,530.329066382485,61.854
15.785419366971167,3.347043483235869,503.15069487931856,2.2690496963017983,469.0735508707004,0.0
80.95435796418542,3.3849849780736863,469.95635630182795,24.464783768704365,523.3978896684296,0.0
5.057396457896569,2.5048555340776453,463.64851063377364,10.419087962954487,528.1182215268161,0.0
51.005872497536686,3.7172994385743334,420.6515172875923,15.139159228522711,523.2371836617782,0.0
64.37443492637875,1.1850109509361433,387.7235715690779,1.499395317234681,406.48454675613664,9.271
36.63627083053869,1.614273335899171,412.6483215363071,19.772009336258918,535.8191418732956,0.0
72.3008237031784,3.257308341466725,451.61309783886225,10.719942304197298,441.2426014969628,80.831
82.723192503563,2.3791924329209446,363.71220591414254,23.256925964508856,484.6143169552222,83.542
33.6621330190173,3.0995056954836486,364.1360658132191,18.38593711263351,421.2814146947572,85.682
12.84292016502508,1.2349480332239189,482.8867524634493,22.185530905250577,467.72161594599237,0.0
15.291929053865566,1.906858716647391,365.9490865318641,11.940444769710894,404.9465380302944,91.419
63.61221274252541,3.911357651152386,354.15356534060624,6.01856873685443,446.3139908947918,12.907
30.31426174151177,2.5792985143830047,473.85652292651395,16.468538707083127,426.4971659429864,0.0
11.066281198703887,3.349265855272367,419.3097023347421,25.995389450809526,473.4188320624303,0.0
5.984859924936827,3.975665384430329,371.45810856522183,13.20879652246907,531.1421157165762,0.0
35.7672929327472,0.8174460706257867,399.6889092160001,5.176941754045876,350.45845515032465,45.331
2.6489417632400234,2.7993957457168728,381.0229362666349,4.404304052499997,343.7275690231926,63.855
75.14463366449966,3.2765372518173455,395.40590179366035,13.833791834161222,500.1787871570412,80.29
65.95465616424816,1.0364447367750218,413.26275803720466,12.665749448758824,496.07609028385156,72.534
78.1148183192368,3.6106782725747992,409.58726787982727,2.2288880208454804,372.1225351994725,20.414
76.51127243317971,2.802845892585448,488.3461570111803,8.762035834357928,364.53154278809797,0.0
46.47590136087169,0.7356476058184211,474.40934154450963,2.8489578142112464,548.0866391987922,10.523
57.80498067050047,0.6104736330572285,408.88578225084393,23.63445376124712,470.8440637826626,22.236
60.84875140366142,1.159745328171851,481.8325743767999,3.0533566657381828,529.0135983060063,3.565
31.311500711631297,0.7911587251584102,393.28643711639694,8.150304808072303,476.9745358987399,81.206
37.259544264841544,3.9195089312389944,438.101153538064,5.362058623827859,495.69063381951037,82.279
78.15985453819658,0.5159616456187898,413.4028476374767,17.78426502616556,472.91058201124787,73.153
37.57574766310857,2.923457675817515,358.45231714287536,18.356074832200925,374.7124869371029,44.177
79.86856328324414,2.7594987526630668,424.081397534321,7.924379395325609,420.29771926965407,65.621
23.135450583574155,2.77999702492476,465.9111609057763,7.934347102619088,424.1949978029289,0.0
49.906088729786255,1.767107620962415,421.07031879866275,10.943966395799489,515.3597226136801,0.116
16.66659324237997,2.289850265918624,379.30124959889815,10.642169797440856,361.697374948378,58.262
67.37442680804347,1.1119016357960443,371.25709768815796,6.066987069493118,389.99433363432865,17.14
57.415621528107124,4.056925782498228,358.2126488562325,25.58190390998095,538.6587238821226,0.0
10.596736777657478,2.122987525119993,413.7776888736947,24.835502071817643,451.3209655756555,0.0
64.25567918475373,3.144116067572712,450.897227439653,19.401006883259225,512.8291532066527,0.0
70.66295578619847,3.1619307924476723,424.0513107028421,20.20823475669131,373.0104085289882,76.592
28.617883765547496,1.7878440877539394,474.75208606799924,13.521542913853574,388.59435703342956,0.194
28.6860808857342,2.8163292720063153,438.1487470446644,13.04047639097937,368.58139573001387,88.958
42.94907928926852,1.3232671854025133,461.1776367548303,17.389061290248296,432.59920968157144,0.471
44.04443929248076,1.8556740621178744,464.9339739058581,16.322411758248112,409.1084738934049,0.655
12.67520486388483,3.0628696903782022,447.51722022878835,17.657971645475016,445.1312382324637,0.0
74.58603075959563,3.519784163820207,441.34412188851,3.476947645931409,426.5894731288562,58.201
81.80200078978548,1.126956031969221,363.98128417786927,1.4913528751331975,401.2101083793619,2.567
66.11011745669006,3.481033430842124,505.25532787728406,9.88324603012263,497.9249986995961,0.0
56.35241689451856,1.0994150440014079,378.14510547697665,19.670642018651925,511.6512816772437,2.774
45.31642722043185,2.7873197449434746,440.2839372704573,19.237169883933042,511.04268417535457,0.0
67.47568602110161,3.2749511629936983,484.8132511225457,0.9892990349929088,491.39054755096345,64.09
51.71033895359161,3.154170723813584,419.0654036614463,13.820273007635954,514.8115026680299,0.0
19.421890572809637,2.8422113989553557,410.8962342538543,1.448295039586803,525.7441892773929,58.792
45.64779441961747,1.0115344065356406,422.4821193583275,6.559622722205349,408.15213830370266,80.013
42.887061742955694,2.092087961810566,475.60522135623216,5.485607949596842,494.9163166531629,0.0
74.12799844767956,2.5848052688442036,366.9600109894761,1.1349171456965697,439.01335889235276,2.559
12.521278544594383,0.38743836584535596,373.02580411049144,15.150746173899062,408.9072679782731,79.014
66.50728062749542,2.124993141673077,372.6660417103333,20.521285166057535,505.5118182170514,58.35
82.74415788118603,2.8785105543130696,351.4975186182601,25.945132332987523,476.4932035803795,79.99
33.61417783569406,1.1710093328977877,469.7214724038347,10.199736305742775,439.23271432800635,0.073
9.600605626688129,0.6223709357228048,454.45767707949733,1.7997204490327299,532.8512276127408,0.064
21.753123510570965,1.0729581294873978,436.7534354577724,2.556325641842741,407.05278240680707,82.855
47.95030639868689,1.9986764784022002,424.6689590530997,7.201269450635318,527.7049183595287,58.169
53.39410479608785,1.3260673538611605,400.3820316233703,5.431357960567926,342.8993576245022,36.205
41.45277425145398,2.661811822926436,427.75474508729775,15.359870296033817,478.9711925454602,0.0
50.11230162876855,2.3464806854249636,504.84241360624435,8.955907028571966,378.0882755595693,0.0
3.9006278656453497,3.046139585165143,386.29302005917225,8.640440653940553,410.80780220938834,0.29
34.93124567766412,1.2262399522762033,415.3383797746277,6.594726916387653,450.5459683147736,85.652
18.522927782519524,2.597709593861162,430.45844784839113,21.164654989783454,511.9855471103094,0.0
82.5895672503941,0.7343277162079189,412.08290159740284,19.57957198263077,396.99753783364724,83.034
53.13561701216941,3.9410488443471166,490.3654730303231,25.007264948372733,355.5839774681022,0.0
16.977248075469518,3.9744627356426054,347.90113937369284,23.272853908779283,427.8455002992613,0.0
51.48506300674793,4.023421785901249,411.26469450906046,2.79388351122454,488.5576075306009,40.061
39.0725361218256,0.649335636374183,433.294579048057,3.98853471820372,436.62182756354235,81.994
42.34381736640228,0.7334004901077713,439.9706751583501,17.26303577916049,527.9145449776595,0.0
32.17912197483123,3.726183113454372,358.5485207073236,12.58508878514864,391.0385007607134,44.38
7.272079814995223,1.569309379427267,362.91503484453636,9.380753932221126,523.1170191070537,0.0
74.9115680058301,2.2163956110234473,479.5433373494336,9.9461858399736,419.9063620875635,0.0
61.38361013526378,3.3435909853555286,465.33845993332943,14.40106366857941,439.6633782986198,0.0
53.50878243260756,4.055702615602103,467.6464491820667,13.801200042515005,381.8665918128463,80.17
51.77036107674819,1.2576663433682995,446.64584818526276,8.544925945173201,534.6290497980972,0.013
20.75813440977243,3.0217069481080827,435.5427336011885,18.849551680388604,521.0738572219894,0.0
38.13957578694127,3.4823230013931927,453.5988917547844,12.599022535996372,380.611508087823,88.344
22.207666678585973,3.5504078544745985,418.8487531133389,22.05148689595804,364.83815350661627,87.284
11.234585329663945,0.7053052838542402,368.58041715712835,9.981968800309321,439.58978952294126,34.291
22.7469153097895,2.741596671980693,357.4991400647411,20.55924257239901,470.3222975400146,0.0
47.095771389921765,3.835335788221295,398.60777916576393,7.346341444177488,466.9209607113054,64.48
46.88129862734169,1.2201677361516032,364.6712164116293,1.2504811948669479,508.5931117005981,4.948
60.56160342813862,3.455968811677026,367.1287829433534,9.456089314509635,536.3418291629828,62.018
30.09023073433687,3.0075827560504225,373.43060526430384,9.037068552493336,445.1060319688288,74.255
16.860889158209623,1.1166145200691895,361.7765204053108,5.332743777965411,474.99426875630337,86.037
4.422655752246717,1.2243175272460904,370.5605459775498,17.71211567961794,497.94487033059625,0.0
13.49313965862352,3.950063372047924,481.5488140952578,16.58357648812933,427.01180833573926,0.0
21.00768748883,2.7716728486731332,484.0157501506999,7.533560152955378,516.4563552647309,0.0
26.886850748356515,1.026388358820551,468.2352678938546,20.097400912791404,388.9106680369801,25.014
5.597525675570362,0.48315526546171966,454.04608633260773,2.9503461925251964,353.00119323657714,80.149
5.645644006848336,2.1203671162445783,349.45169734944915,7.160064480025429,530.5390411853027,0.0
16.569299970399342,0.8255915113354326,432.54539025948895,4.3423717587749335,482.2388403431722,13.107
64.74002204727647,1.836425897642246,426.17143851011565,23.66977927597438,422.40130150970157,83.133
82.76208413278636,3.214836732502426,347.84561810311976,14.287620864618024,465.41584351613716,32.223
5.418327567235059,2.6630778917247837,433.94629661392844,6.0228152151166885,422.6634105424402,0.002
61.82042725273846,1.0805603423835406,401.7171088679366,20.133225108247537,469.18066898511125,63.139
57.79279256597788,0.9149434437933358,460.40774688887427,24.84743252465233,435.96552162608117,2.299
24.25711959880288,1.3387888434268027,377.14651656023017,11.098891673303772,411.4601019501172,84.921
39.426912525501734,2.2212593787393766,350.22436297687614,4.634970211639648,386.757080421296,9.842
50.3676546532681,1.5385016261505218,385.50620616764485,15.473548953129232,519.9970764463224,0.145
26.92193702066023,1.555283466679659,388.22450334485274,7.840274492214798,487.26682261612734,73.418
63.19853664917611,3.399565173891697,420.42764180896035,12.771340287062996,418.2190268436867,78.226
7.830182763790065,0.6515438374474968,414.97109122511034,10.022066831494664,342.78031447297275,85.075
68.7713694612059,0.7369899858085068,471.03850005152094,13.560822525774709,502.17701340404216,0.004
31.99135586226644,1.3472529676461953,367.62693704182306,22.915712790319255,370.94938682624775,66.438
10.113686284907105,1.207565005229411,365.3548236158443,11.509214389984482,502.68541541103536,0.0
8.13287210269839,2.898050895413596,354.6886092830373,6.046345966658892,357.866037995869,42.599
25.603517856867043,3.677612253682656,390.10376152729214,20.65691065733366,547.5250937091621,0.0
73.43172466423198,2.68317579774289,387.4896470687526,21.39097963699175,522.1508397066973,0.0
36.37554321437533,2.0025922518956585,410.03192345733476,6.488677573644137,446.40309926802036,80.647
67.24156370721998,1.4231635458658758,369.22534806607337,8.429793943629846,354.3751533848154,16.577
49.79520896530599,1.444526548953759,413.59801294794806,11.446629434507138,435.4748554943584,86.823
7.668118493397813,0.8364165034799512,454.31471366199753,16.96957558046416,539.3515478488288,0.0
3.81706815514912,1.6914774461992437,409.86847199422715,3.105286540818165,434.2665179818662,4.208
38.64487072124748,1.8549132721957537,366.7861744495909,16.017706514870945,370.4329363212363,44.218
36.41714895523789,2.2775351600410314,494.77442734137526,18.095529940208007,388.7255511873579,0.0
32.19560426262207,1.6520122501386663,397.01106971247344,22.808234405403088,463.9949697050524,0.0
5.371040863753968,0.997741320710501,426.95720766940775,14.672909084083228,523.0563119034905,0.0
63.640584614997515,2.2740920662050232,371.57392813139995,11.04423290865922,395.34296144121504,31.267
39.44446317604177,3.7358563893149235,505.7376685705897,0.9179267254366409,446.1354696096303,0.001
22.309872974023598,0.4537298013815986,376.1032601587,3.998720745511771,555.6149023207543,77.55
32.31531246188078,1.320039311105178,379.2339838857594,3.537215923900475,348.96600772178414,20.566
57.464465720348784,3.5775236392924556,394.09760668644697,11.174439080921228,549.3697555016661,76.899
81.95151777774107,2.6992331076503024,413.8767721414861,20.38298406227909,495.95772217340846,0.0
27.931924817697933,1.3063159790618837,427.1915725900124,21.243949562160342,459.4972768588342,0.003
57.01077468107261,3.231820069634891,352.3007351048462,13.480361565852203,491.16019576985934,66.045
67.32826493130167,1.2825733878250465,429.1399402799715,6.959334993691072,372.3862898997361,71.13
51.07882657474009,1.4551558466352241,432.81532392201945,1.3753500703039538,360.1704752359459,40.146
64.34187894428267,2.62655312962797,376.5562007734534,1.204445715174756,526.4765065090952,5.452
20.942429487464665,2.448248578611553,405.1843042428129,14.861149343957448,512.0178910936237,0.0
19.074199514773348,2.1481572759828187,476.25620473626566,11.36135413565471,361.2809280494105,4.307
50.12694236201471,1.9026786090434618,353.7951356736031,14.548076986688237,475.4095014247181,79.819
64.40319130599804,2.1355062122612405,421.66675552957986,11.936519644634876,444.23720203248337,85.414
41.72244807183169,3.6232763714584877,413.08223230887745,23.15460344037045,379.794746666532,82.602
23.432540789921056,3.929840771567056,448.9762965993051,0.9470908260003152,432.2635603098917,59.763
44.15857496698623,3.5630869085035575,444.2552739478314,23.64585110506668,445.4374218342521,0.0
77.64592393266683,0.5326613220287908,413.6692728254437,5.077072162937534,477.30604693281543,60.056
36.79858147074212,0.6008510927663908,401.62066390054804,17.016289169334385,415.022649226315,88.926
44.8789809163894,0.8652720540835568,490.80384496906277,13.7311693499265,344.77219754785114,3.786
70.78672802313156,1.9209668305091583,349.5877155093356,25.62608350184564,375.6559104971864,30.84
67.85077322060549,1.9082598189600146,455.2183493962999,15.528679496996387,371.3585052340443,83.41
77.61930523168331,2.5816098880868252,440.4438371595878,26.090244627987367,376.3765204570942,88.772
19.830692025717866,3.473464455331184,412.9905295394906,4.244225364866018,368.25184377787076,59.833
57.87883493155511,0.4459092036443405,350.04979664105184,6.464372132111038,384.06901072365423,9.414
15.022247429737055,3.54510253838785,490.99775445861803,21.505425020305044,514.1585592028727,0.0
69.18336260745316,1.8264355461185784,432.3354999131857,15.159193979662005,381.1237702110902,84.96
79.60616377307636,1.5988639230325443,382.75290660727177,13.478916078546181,422.03717578215156,50.358
10.882981235942703,2.747189374144788,444.24011036454357,17.074194455443674,354.76520256991,93.271
4.191415040325079,3.1740940518800547,407.83967495429596,12.75558645433208,363.1801237278206,96.293
61.12518589134476,1.629842467190855,404.8457906848228,16.695667510611845,462.92304867031515,83.077
24.714578295034883,0.7082168304200962,425.8655637496627,22.311522523309275,539.4719523827334,0.0
44.9681864925918,2.1795432701079682,362.7526926401573,11.590736397735023,478.13259590717195,77.377
31.72183767828826,3.723628408758603,379.2846432804329,24.751067500180067,452.57204781727523,0.0
68.23535462250867,3.334114320700537,417.15150376236136,14.662400448760073,414.9634028718114,77.176
58.67297793462942,3.6208204452603465,359.4911802416986,15.61390912594953,347.1872808987182,17.795
13.45892102504316,2.6790415240771757,428.4673063151524,11.914628813579732,492.36375012797805,0.0
28.827014645171893,2.0737266044299814,362.7109330938037,13.84713527280264,347.45436089473515,30.453
75.03302520759597,0.883778392376478,423.27617556436786,4.713791270338959,496.71915901082724,68.53
45.97447388049615,3.710293161802966,488.9042149574782,23.114503390379912,518.3201690091439,0.0
82.8285501415524,1.3125222196594892,374.09663905403215,20.009504501306836,346.02906265811015,27.809
37.51237459228791,2.975632258273976,383.20819691005534,9.714826334232168,357.1881782490207,36.556
71.97042049938904,3.3348754812942456,369.1061910186569,21.91301391837365,456.1781568097487,76.201
25.38595695056636,3.1359712229531027,473.86230635987926,2.9222007955992035,396.4172771592652,0.346
69.54554957471079,2.354294340467131,468.38340827178064,23.162380591192278,488.76875824215574,0.0
68.34228831161947,1.755985812261292,417.5404580998883,5.86633503915794,522.4165803509505,74.229
68.7456395587003,2.8322299092142784,385.7001808996897,21.87389837669842,420.0160613391127,73.486
81.14862945321288,2.377451148605473,369.35047301543244,6.374398751026061,444.55336660136913,17.71
37.6167292668376,0.34856476315899754,465.42895899394773,7.229624387497315,517.7314205821867,0.15
4.902460371883759,0.8304173495695646,423.200954698109,24.648705121203733,384.7835145960406,71.07
47.78878337684186,4.083709088012641,431.1522453687878,1.2740998381900037,446.5302067766798,35.698
54.73281950587628,1.7427279645644416,438.5139033428149,15.909440755194238,510.88694307306446,0.0
32.40401285592481,1.392557981321397,461.0577407970004,5.9488979096437955,515.6246177399128,0.0
28.7277252070988,1.464286784927125,500.7410650076671,18.985796714803975,493.230110307452,0.0
23.726624020667444,2.663721871399673,393.30828195564584,4.791431202049674,414.24005984147584,59.72
27.8725101209007,3.0933115653176464,353.7244979075469,8.364379079583948,467.6587479730543,73.379
52.2989530184273,2.370263985591107,385.7482558248046,16.597727122307298,407.4749219241508,69.314
37.81179824234894,3.3703589994948193,461.9243591302748,16.132010056131882,435.94015957498027,0.0
72.16989552204329,3.8945570220284695,350.5658792626487,24.52265811301653,384.33876404276486,30.502
24.653709210622786,3.792444363302309,488.95467262344465,4.9226296729825245,391.5001040262564,0.0
7.0555618521348515,0.4264441213060869,433.1074464305021,25.0967484930544,447.75587815943925,0.0
64.176146568207,1.421059165609174,470.265171021922,14.29016629485904,344.7199809115496,63.844
43.73750140762424,2.440346075791015,403.4911532458098,4.214622144770639,485.0989166192498,58.296
31.22324102103574,2.3507041216259004,407.2962188380465,1.786171718600228,351.6674242444816,30.725
27.286919983582656,1.683863662783355,453.58096240238524,16.155500059949265,483.28958389022284,0.0
52.083244939693344,0.9918626116841447,443.7028665609713,22.07756813290612,399.92528329056773,73.37
70.30571280195399,1.4898726812575984,486.96137352083576,15.36646928638436,522.8023712492122,0.0
66.72779149713247,3.5905448834611042,462.9160832715171,19.813145206279472,430.4859813111077,0.0
27.412454193167925,2.9224758123990298,348.7187801869213,4.65008277639475,413.69125791717494,19.159
81.25239818592577,1.5383039014669309,346.04062025969966,10.106641887971717,429.8875481356944,13.865
60.04309556863825,1.833490413193816,482.45602975699484,21.419412691014866,534.2537939084432,0.0
34.66102535522182,1.5673381192816112,467.2450012320018,7.987865488786915,519.8131522550311,0.0
76.62002005124536,4.04662599716444,479.00753964058504,14.782325348851918,365.7217706809112,0.0
69.69940002726594,2.9154895506345477,397.31478309538545,24.668164533872016,358.22890888353436,54.582
52.862564552046535,1.8100693378058121,345.1518988014039,13.894330609400638,539.4344690418291,78.898
28.885562007337185,0.9266482057524796,443.65372915265084,21.409601413637905,366.9422140846688,86.992
39.33831085019342,0.37346152381772496,451.0055077602227,23.738977861573908,350.18094205576983,83.116
30.196288310933333,3.964217946258804,421.85479839591954,22.10495686492051,436.15266891772103,0.0
63.7880937161946,2.0175416295073325,384.4889677427971,3.7343329504657516,508.7541526462504,26.648
47.33593781755131,2.415733779142435,477.4377396542344,7.29298861821424,494.2168406355446,0.0
81.59092588795248,0.45233762537168476,417.0936040819766,22.056411715955964,529.3410371466957,1.732
9.112224218097849,0.9219093592383574,486.7716161642976,24.676376747115025,461.91974686751917,0.0
81.27217511694387,1.1377441926656853,349.8098873100418,13.159565869907055,477.9563490569771,38.897
5.422216695891438,3.2413889860383764,387.90999901535923,6.401271003147651,492.8303931956536,0.0
29.415339199083313,0.6860410354037509,441.9498828374876,23.41438708247371,509.39358030616916,0.0
41.38079455068956,1.021425554475634,384.4437023763577,23.872952928783242,343.77794039439755,50.606
75.44255842318223,2.925858390515996,409.73453091055006,7.996826329386272,514.8703122414636,70.653
75.80161773075362,3.3181986802944037,496.81548039733514,1.8879223554877131,363.96268627532413,28.783
51.89496909461514,1.3317675711683101,478.84035889804227,12.36357892842697,458.19186064729377,0.0
58.60933130977115,2.3004789518416144,471.65437417962806,22.871819775538594,351.83546114627205,61.062
39.12107470755668,2.172347650343208,493.1476330301622,26.018225090040044,554.4795861378935,0.0
11.82069626218873,2.795903529234355,426.33109127373075,5.697830929561698,440.35951591831395,0.0
14.084954280665182,4.049250865646834,409.93651186028717,22.89294383769387,343.4353613269104,74.462
52.80597743019456,0.4851037838963613,428.05747243310066,19.96046640692303,523.7303200475837,0.0
13.579377279967197,1.168926951967502,348.2272818998535,21.936808562834273,509.5779921349173,0.0
19.853439659018946,0.5312300416090779,469.90621877654513,11.397716972005917,366.4369830087029,46.451
71.39724555242469,3.6767483230227485,491.3607997289408,15.600875484350189,526.6025291650794,0.0
45.61232320630784,1.4051574757220435,424.56467002754334,3.3950499615257703,426.8096161622565,65.108
43.69883669201459,1.2931531594147674,468.09348147651616,14.813698317153182,522.0385183167333,0.0
23.935435734699325,2.561740663253976,349.08404941031154,11.877755891985698,531.9006404909475,0.0
6.862189033930364,3.6329457736603867,375.02286092280576,7.605087428386875,369.01369524706814,75.777
58.82973189309675,2.845273112313236,367.0098890990005,13.087907762541269,505.7543416361567,78.021
65.17671779468216,0.4823991744689277,404.06093926354913,7.6192168969541765,462.69398315533715,72.03
40.61088426728701,2.6559373913364257,400.1483995151544,12.408656126264358,407.74386421752774,76.79
36.39378988812989,2.891113950772478,418.755227608377,4.271291022497784,552.4911607273472,81.563
74.64641523292393,2.8790157638237908,367.194194776653,17.91152341658808,456.2713920771078,63.114
11.636915716737853,0.40454942134798993,405.99677293046886,17.955577823439132,548.013231593442,0.0
26.2387706510659,3.925166832514947,414.7658458099973,25.938942781734823,366.65080937248877,85.758
11.391180297222455,0.39383681991297,475.36139318319147,1.7561782149480694,365.1663039223743,41.881
4.441906119051632,3.4577537794353006,443.47988958885935,7.919518254058559,367.8966285188758,94.066
49.78083255007894,3.6393445618289473,498.3828434189345,23.62940874144192,517.0935252675822,0.0
65.35589675412471,0.46252553233082494,489.4370554265307,1.2455330299257004,463.3956758321953,58.695
70.27146026978583,0.7844067879625733,348.8223774296004,4.842430311332666,456.38472260762194,7.675
26.708311327183615,0.9335365770507769,498.0143328966585,7.341131725897541,395.0607727113843,0.002
34.97996554327377,0.9165359446881246,492.8133492535187,20.643598528159604,468.63839297674554,0.0
10.17544916471735,3.10464872803253,501.6194618716816,14.327596084909153,357.81961808984636,100.0
72.89707143396879,3.6751944671878816,413.3966854575642,15.152022461507043,472.39118502960923,85.013
8.922270119351554,1.008836822199791,400.1460520419858,19.64774809022118,344.13512534627085,84.018
27.66999442419636,1.2936043531115047,454.5006109577989,18.199050537698266,520.7164480451793,0.0
42.58573374547917,3.7831662648247133,454.1443572570125,22.093976046931342,399.7424776342067,77.499
9.939329790920603,3.298544451978555,500.45271640337046,20.334943887978802,380.0829107805901,0.0
46.79499731970901,2.3914074494509645,444.50507334694896,24.667463961521864,529.8670971533667,0.0
36.58023826971877,1.1291119878336833,356.098983344442,22.54632861988626,522.4402095600165,0.0
37.83209140672217,3.064202781408136,449.92793137964856,25.158484937837105,413.54033133129803,0.001
25.551126642657167,1.6600480667518722,397.21284735779415,3.6968445882906993,555.5227059987895,81.156
6.829651716712846,1.6639116368110063,497.57192990359886,13.671339167310775,451.1362373971495,0.0
37.20689810740814,0.3686632609324937,472.10634748634743,0.9665834780931755,367.0527220582584,71.129
74.10999664495802,1.2254440324782143,480.6629794840276,2.2423375351052917,385.627375205062,67.166
54.69753921033116,1.9889177188447826,350.3639827596295,4.446406650970837,540.2023981522764,17.402
67.73480554326477,1.0564682270244465,370.15021632219566,22.68983826960002,557.4641370296522,0.0
26.674604384167857,1.587605726724905,438.5536838341243,21.229256802404088,541.5745404562942,0.0
13.913380913264866,2.4138725498482585,470.8610607211957,6.990630897700404,532.0602669795455,0.0
73.89057332375464,1.759481744210106,430.11982860252454,23.07989361239045,506.3206386902202,0.0
5.023099626231708,0.39000677086115365,481.2372709782028,22.732372759960363,468.1807779696118,0.0
42.99594104535226,2.731875954840665,410.2801270592036,22.95398760368792,364.92652806577667,76.304
41.86384571380752,1.5360537107773022,426.47483629070456,19.18420165473688,465.5241389012826,0.01
71.56462281186587,1.55957106348722,363.9700689991967,12.888730897357243,378.9503249187299,23.474
2.4390221926925637,0.8693590712674603,426.5493996179167,20.199602477358784,409.2396941619817,5.775
82.91298887630819,1.2751451900612332,400.89039332231926,11.546113047927907,447.31431664402476,68.728
40.841255791977105,0.8905107079249559,359.26371397689314,2.833155670963837,369.44223699728536,7.407
25.037052482988635,1.5029965149600075,456.93355772428663,3.7533932524846803,461.9878278232475,10.454
76.83204932896336,1.653220720585658,480.19230844046535,9.448152955490214,439.9066036670013,0.0
27.06734472961233,4.072063488329085,459.47703851930885,5.917584980775449,434.550620788732,0.0
35.73372015220967,0.9089478958403049,354.31136031028683,23.659804298803103,427.6398247591612,87.062
70.4708874966695,2.0398533691520875,376.64314296882674,15.546159667053246,472.63745138522404,75.466
39.25219982846654,3.32266141758016,414.93774002223995,21.89529303155258,541.5931525544402,0.0
62.400677591251174,2.2702918083713843,356.18667399046734,7.31137005827222,464.706178386593,22.807
35.27589731727133,0.6335835552517972,445.5572988593127,2.0014739699333464,527.4745452250979,76.279
36.85421301756245,3.434637757364999,436.5245419497402,4.971367314252537,407.92555184651184,77.442
36.017375329976566,1.6155279358964352,389.16986300789705,3.0699052594981957,409.04478974128375,30.929
28.57754667149691,2.7387667360132197,448.85176732357456,12.955030070378106,499.7720228663943,0.0
24.461686451015616,1.5934629139818521,501.1598660145825,3.592588244433892,345.6737803446814,0.0
8.667709368508579,1.3516881444384565,455.43622924465444,1.645315947440107,364.43782702235467,82.116
69.59029056715637,3.4259300999247664,452.19736653439196,13.816115584461565,391.36411443865273,86.566
51.86260213802211,0.4100733914087297,499.84152997054923,19.280979038580874,463.0873524615628,0.0
16.364964216984085,2.6737786874517524,489.49770571731887,8.255422105069526,447.9375303675155,0.0
19.467624800792123,2.7076001119141835,395.1984212091535,17.110510120931945,429.6709059124664,0.0
77.34003388669647,1.4971883094663312,390.43815549425534,10.487372471348543,413.9080663627826,47.436
76.450829559805,3.06498405599913,388.52683678099123,17.743049113444258,466.71013741921126,78.645
56.04633932928128,2.4833292865220056,445.1116498269439,7.194999503229872,492.3029720638696,60.886
40.44810100886138,1.3643805308566916,499.28360104092644,2.5147762246456447,451.50187137384114,0.0
4.77924698786406,0.820543944735526,347.46126042363886,14.509788251083426,551.4338805006862,0.0
77.09023319533594,0.6078035557443904,399.7269223148662,17.451170946892045,377.30407586837316,65.643
82.84464008773048,2.4773396189556327,449.570980503837,4.327156172784144,380.65686037636686,68.885
15.856455118061982,1.2117246946415845,420.9447628827407,22.23354161307435,353.2074762191092,91.346
71.23622736206858,0.9710048294437202,471.8534012819877,14.20999969640452,384.73655195869645,29.698
25.606745288683157,2.1699872350661935,455.95266114913056,24.341443944062124,509.228112770673,0.0
54.21796003842644,3.6343459438629093,430.67941341578387,17.6678742344637,424.2781700213278,88.702
78.97168163525197,1.1173078043013858,442.19480357720226,7.174291520536364,472.9615623075389,79.436
55.80989718464174,1.953807175725761,496.33511558525714,17.70031435980255,461.2331896567794,0.0
7.3034665231554765,3.6855948201577577,382.1704171075612,14.34375407364691,519.6021165145974,0.0
75.00491154550399,2.1059021292802043,473.0352686817296,10.219955503238332,399.79372018291747,0.828
65.2628972431412,2.5199478310321934,445.53551244169086,20.416159119398685,452.33429031217133,0.0
47.736076278152076,3.2204236152483223,391.2359410724083,15.453607265962734,546.7625169638567,0.0
2.9087188096631094,3.254694272081734,483.93171228452934,8.184110021190376,423.87330437930177,0.0
8.483500337044958,3.001528374900365,377.01945974706047,24.50423984482118,411.0079797326863,0.32
66.38201079123255,1.070880792733853,404.09631288890057,6.739405383462201,378.52099142541647,46.785
27.725163962198046,4.0176779227145705,391.58797589406777,6.789690260610582,475.7574264001413,81.395
45.74872386494197,3.9183861883205444,374.79392881673033,18.69794917110127,413.9310252008478,69.953
49.70558936834454,2.511349244355801,483.3225097023687,11.020301630532975,479.99731931341483,0.0
24.860695809512507,1.6764808476439512,505.6077556243695,22.903049742027978,532.0888937400946,0.0
6.003442771943434,3.0098053684058104,504.415815082173,1.335526080442826,396.26358381210855,0.0
38.31034169930956,0.6945238828456619,476.10689350914095,21.95230953089253,395.68324103610854,8.799
41.56439657567816,2.7934298434270106,344.4767390415544,11.243902644356314,455.4423567141563,54.871
31.63163084506015,1.2359089391741334,397.0311939575929,15.43670047952563,496.123901198729,0.0
15.348087522653508,1.6240943972975908,409.64775952935605,1.086174998607767,420.6402303765692,46.709
53.61169052145395,2.3032572778222433,408.6878767189333,21.552727967530334,536.2130483905852,0.0
25.567233240131017,2.8868972310155194,456.8905189207631,22.508899061919823,495.1293841173914,0.0
29.110671762038393,3.3206384986944855,410.63144667745405,3.4245131339151174,362.96787125036957,45.853
59.73739210082493,3.9445478126635622,497.87048074251607,23.03425002147697,443.6186994102631,0.0
72.4510445579703,3.969550081094257,359.55351340504996,18.037896686679975,392.4332626617334,29.392
73.34301939431491,2.725357135834706,431.30853577509,2.412526626414474,485.1370909692204,46.165
7.6096307917438,2.7882998975089586,444.49850637257595,12.912021846472804,362.1494617482284,93.526
34.24056959511651,1.1954923469477465,457.3854829266357,7.676539432439225,460.94578753393904,0.861
21.614213561715502,3.351756799543078,424.73607161147845,15.10514535996816,443.24971488594616,0.0
23.263020731863456,2.4133824175659013,468.5231947108417,16.01345931561772,438.85116998328687,0.0
82.51434367042857,3.718203499588215,375.2344078972825,12.536811879518208,496.7395621739089,53.74
11.37687715104776,1.6999287429792265,422.94121913832333,25.322563335979094,540.8622170388851,0.0
69.3728125169422,2.164154419322809,397.40261576482357,1.4555993148475541,541.8421168190233,14.064
74.88123865948118,3.643116561461605,425.20021560070006,5.3176698560584725,343.8483717535027,46.104
41.58523531627627,1.8497409493845547,392.71707774755777,11.91944348711376,552.1803493930216,0.0
59.48241338625071,2.4331120937696173,433.6439539843195,9.891828566836482,359.9023644513527,75.614
52.83441149050365,2.9907448029832935,377.0722531752358,17.88739645947477,348.5781734473768,33.26
24.374686102862924,0.5652711440524647,416.22243088114755,24.006089722176952,515.2945111652308,0.0
52.10080620114245,1.4390882600494277,449.41042444197865,9.391643272106078,550.1098072861291,0.0
53.53065617453504,0.5739951871301628,357.7278864009627,6.715924498771174,493.92523708604455,36.63
10.586550486170816,3.988290756228011,370.8950553363434,17.40902304803582,427.5981434153427,0.0
3.442263094843752,0.40077867978104126,440.6922474928521,11.256959794045567,522.6843310734425,0.0
6.984024445199049,1.629412381513494,386.42346153992645,2.5836873846308457,381.58750079118437,64.427
83.18309137711286,1.5820228683716562,427.7020697048255,21.563797541326593,464.22281270494807,48.848
56.52194335356992,0.7753641204702187,348.7790833640198,12.301992897305176,377.71491706173185,18.517
24.21265147547326,1.656465236463832,438.17838277709956,20.219344979108115,423.25284847417106,10.584
2.311427868751827,2.1517952013262605,393.45930291534023,4.285187901716822,425.45494061782415,0.172
16.9440376681801,2.852458425421881,395.5065931139974,21.786460465813956,385.48336478905327,94.158
5.561989054914886,3.400563598064713,414.416836693199,1.090441739313697,463.35806558366824,83.515
15.053013697542486,4.105194832277686,467.4102820460364,26.1058437793397,408.2487344965847,0.0
34.88595117790601,1.215356991036581,347.98180946313056,8.998737994821042,433.39255367018933,47.731
66.93749755112678,4.014427972695918,382.37398404186405,23.20224980500564,543.5798882880299,0.0
57.532708011564836,2.3543107706252275,368.1082747780303,9.436509453385469,371.9589254389375,21.949
38.86668573164271,2.376573930735834,359.92310847610605,19.176041205726314,542.2108789631131,0.0
17.165132674333417,0.8499320257961829,460.54406943585184,8.857933243554527,517.0429736764082,0.0
65.38681020381088,4.136082201492578,384.11901998436696,19.888866443393873,356.60099845388635,37.291
13.219770367212325,1.1584727161705444,354.8209963702975,2.90000923276099,409.7171946053142,33.16
15.221984124006177,0.5861977365348917,371.06910612079383,23.59332316864522,364.24798838750866,87.604
76.37180836019232,1.3881185926206538,462.4999676557554,15.92600803153571,554.3844572259827,0.0
13.378682402993604,3.7570911433785055,413.3036762637989,16.70736251793509,487.58291063149693,0.0
29.08545482043293,0.5995479894294067,465.83237003182836,7.014978751451354,354.45774768446904,64.325
4.8669953186546016,2.4606489090230825,441.7441868971622,15.411605018747807,351.98717552204454,96.744
73.1981361968135,0.5233781523626787,370.6036924226561,8.756241427247579,359.73195502681347,18.157
33.4454220000148,3.7970956394502497,398.45743184625076,7.693749530828882,423.18161442577775,66.667
65.14303742694236,2.3234363298522447,493.80238517688656,22.770126835542357,527.6148938931655,0.0
22.777620078975467,3.6023685353295236,481.61242624367094,10.84924540851991,388.641614713939,0.0
34.52212540014661,3.4150047643744212,360.3478488346648,25.872423726004563,409.43799640807043,88.997
75.53365986438928,2.19444544776376,504.3622310684092,21.27508095688059,368.81910355761886,0.0
51.64132694990588,3.0210196113354972,371.6538985901695,3.1309402125432895,458.6267854458389,14.729
77.71891653026844,2.206731070320271,391.26624370044897,22.713626862750633,511.4682582498581,0.0
60.211766522635635,0.7952285393902176,503.67307475500417,7.6100692063757505,461.2824234070956,0.0
22.40959551914254,3.8278120301970726,353.27589214459755,4.321027100851825,433.6730101651235,30.133
51.70602457997119,2.8028998510397756,380.4036790248184,7.95943779580129,509.0733421000615,65.91
53.77216183150549,0.40058395873579156,356.57935825782494,9.17627623182109,498.357828042357,60.185
43.608888268999586,1.3871990233966804,495.98394463389656,10.412291900682243,353.9083775338789,0.002
27.545269075647397,2.8925587980539262,474.0132746244916,20.411012267679062,513.5114103342161,0.0
74.36763710543428,2.811120370447813,384.19186550167024,19.816063620089807,390.0967221402952,51.439
4.3708320825702875,1.2678795491150998,473.4444868139616,7.940780028310139,354.0460596140642,100.0
18.762238854300833,3.250824130809535,413.156387554039,15.802480715376408,398.4785956656399,91.993
31.573435136698848,2.1207004883299634,416.19641763496884,4.339548502426603,345.26572958540925,55.167
21.71560284936841,0.5403988783369995,377.59816169521383,5.1863233668967235,355.3486631159788,35.315
16.236073664343998,1.6712111777584404,452.53476429111146,7.385383144382952,513.5948252711078,0.0
3.824195070634159,2.8745191697729844,356.7545588227226,8.188723168609103,528.3613573287982,0.0
68.25763969236708,3.942822346550552,487.373154494853,23.95129088964659,423.10093534414295,0.0
61.63541118526179,0.6090805968533459,399.57249515577996,14.758788114103378,350.8338480192076,56.222
3.321965007602537,2.2971640144269863,424.7054364161206,24.335142502116895,457.2453858820536,0.0
15.71479106923977,3.105566834509327,429.76066249526235,11.163918202882686,497.67559899229013,0.0
74.83649472911969,2.637623357487626,493.84274343373124,1.3602726069602777,518.3752820766292,53.781
14.801679402956582,2.751181438886902,361.8804445884903,5.09269990315642,552.9135139370014,0.0
61.43348837539843,2.793811244642202,459.82399064633177,20.542040366671362,349.7461786887968,87.046
3.7321504622460937,2.1951525012722066,380.89631229425987,8.51942849734596,348.06293164062635,78.991
58.24198859421537,3.18297470802913,450.5382554467059,10.104732316824455,409.8357848606528,85.496
38.57665090186712,3.1902594018561254,505.1827387549052,23.9115034115431,471.6431753640121,0.0
28.963791051527984,2.7952369916213713,403.1907626782669,1.5526450602942674,440.9613556974747,32.072
16.067406597849764,3.046882504303162,432.66896348419937,12.576460760220298,411.2303813838369,62.818
78.0409133742127,2.348701115071144,448.7909284263087,13.119813520805177,442.7046126722167,70.152
21.47200617051579,4.127875697285252,344.7756396966151,13.232147831938965,504.07050858144737,0.0
54.9126779819087,2.2506939250781173,426.1199384511581,10.578251382099776,428.9046348295663,85.657
28.870722748199498,1.952730348130463,403.18360476692897,23.084530634829036,519.7610163415737,0.0
28.62886250860629,3.1932850205611665,407.1273896584615,26.01491699036567,447.3897433902332,0.0
1.8066251981607333,0.5588109142633373,505.89786412547505,2.594188816709961,423.47542504082924,0.0
10.1450224659966,1.843575989196331,480.92576936336616,23.81642239007429,534.5609498477588,0.0
54.522923003423706,1.2439772748002254,396.72048522990235,22.229444320784037,412.34751663330115,88.957
36.30374137369463,0.5359910732920656,423.1502569216279,6.1061531551327635,358.54498619236915,76.663
50.22283714762693,2.100602481478009,480.13183161879,15.234667173374422,489.0694408942846,0.0
64.01349125936721,0.8610928879976633,374.73443181879105,12.124825604954795,499.728767246665,79.594
7.355326196008412,2.4066129701010137,390.4610733350252,1.3563140899722166,427.22929150785615,59.353
19.97105198337163,3.860847026849544,377.76081673459305,16.724128465089905,468.02186584571587,0.0
34.65559203815657,1.3946331055298065,443.89665300274856,5.962887981742449,468.0162402411934,44.41
49.16107589202046,0.7980435520848523,404.2197089067782,21.242754818204325,417.78784333935585,88.547
26.64763254021897,1.7619335440368564,348.2240528407261,14.231111036655625,525.7741104617007,0.0
21.7587105252412,3.409326515787901,502.0246376063052,7.320693015614898,486.1797812526421,0.0
69.81799828520126,1.3358758520943042,366.4172956061712,23.452194297638943,474.4828809394396,84.948
63.896879203829734,3.39233315015859,373.8504372230247,8.220679428875641,542.462178542997,56.215
64.46880499160187,4.0391235587123155,349.2931130627645,24.15469879964757,352.47465305098405,18.949
36.27003468186455,1.414586893238722,475.9722365377954,17.192836494161167,362.0420671269579,20.002
38.032086934869454,3.9936322688661794,449.17255089421775,13.318355304475713,416.19347292160177,80.36
30.85071348443134,0.7610932358818132,383.60748213541456,24.196574410810534,417.67754502523337,81.658
61.5933005771838,3.9146727821972367,478.13100473960174,2.153273605699445,367.3252378086408,73.499
81.56376600471415,1.4834117546996586,485.04865303432155,20.326888541903127,442.1337979773225,0.0
44.24017211353651,2.854456508124934,353.3097048883785,1.7756146238577677,385.8604873261415,3.35
54.00854024131007,1.5714203564066729,477.91856885375927,3.2806601281697256,376.6102632419517,54.167
39.7016365396957,3.7515594514915134,376.3711453550358,23.275341158356888,547.2655805264075,0.0
77.32492472748436,1.2264959894748113,396.5757893089935,20.827294015211496,382.16210346366233,66.134
74.54820949104705,2.2034544810135572,473.177907309768,24.14287373735815,471.68380258028174,0.0
40.7799333460681,4.105369397976834,504.0989141454038,9.508769567933957,405.5501777550479,0.0
68.62278605705778,2.275365623736069,371.20821541013896,22.265732396213284,501.2837589030741,57.024
73.17443582372076,0.729411738459659,393.50390020002754,2.068659125259828,358.30317195959856,12.9
30.705776222345712,2.7018861607388245,477.10169084527695,10.516596415207498,346.64548463935887,22.238
46.38621723703569,0.7926074171037978,417.65272084551174,4.489679770104328,377.79181888536624,61.476
71.92086453649284,0.8633165930235887,484.49209794655025,8.234966163119394,358.6775146038053,16.809
62.95189628997302,2.0690831221718393,365.22798006386694,18.012740069526984,432.9520173741516,64.09
6.478345532206476,0.6993954171760686,413.02507749074886,11.567297673399846,539.7111718589971,0.0
6.533360320883712,1.4580912314324679,440.6726268164739,18.22671876531159,352.1110617391191,94.088
19.752865677595807,3.9471717417605294,421.52156486016537,18.068105646038696,404.1462891238141,86.142
6.411409338642307,3.8792122842873216,431.13267166393496,20.357387434806782,418.55104856025974,0.0
62.667408398985145,0.8043746331088496,454.4170537890281,10.455787826683807,502.94108751066017,2.157
12.193596753232177,3.015595689001083,373.9002881812617,10.526605828197328,514.1967279621917,0.0
66.06043947351183,1.512806488319887,447.88105698958964,13.920242156553382,481.81649083999343,0.115
62.435496487827066,1.445242684300739,451.33220733438463,17.464986426532466,462.1883463706317,0.074
58.30859919265951,1.6446369157145893,427.2122637306295,10.046678168853544,550.8414041594156,0.01
54.745574303943236,3.8224321968908974,365.42534778545206,15.280350175974165,512.9748632268738,85.032
4.029108092659527,3.331505693433948,489.8586113716837,21.849951434826416,358.58416383255366,100.0
47.1607005500819,2.540863262022222,487.2364149508907,7.816535994500447,515.8826413964283,0.0
65.08195319389867,2.9069560847473563,363.1643139589452,21.194596473399386,392.0192740702316,42.937
78.66573572051973,1.7233713350628497,390.95660287519274,10.075042185040024,364.89534423005597,34.587
32.338449703931644,2.6903365707777924,479.57900128314293,5.017789285356908,406.43104874625294,0.0
40.907674772246246,1.1763038381112496,446.91789579611844,14.847621438599027,347.1336714984133,87.998
10.573157689335456,3.505510369121656,394.8104464536555,25.597087758907275,361.66587032541884,93.484
63.01502674345037,4.128108359329464,450.1744143716867,4.821102448601432,395.7365264595166,71.321
26.605592896895686,0.9010399232236391,346.464920918097,14.02437654224654,473.0405689030622,39.298
23.68085535981102,2.8471619355632374,393.6021813644122,17.326374871192918,450.2338040349164,0.0
4.115542968761413,3.8306272514884796,465.0062408729883,1.9043232629870217,518.9575043667714,0.0
44.99288694108334,3.9717559074125193,361.19270114301105,21.474925931497356,520.6710570790934,0.0
29.027089750267216,3.0505316426093687,388.1952788823251,1.589676893388474,549.5520175540881,29.284
53.100676604704496,2.8976150358918775,372.76176124021305,17.485605480961123,489.9751755117859,81.045
17.252976463877552,2.2417866139647926,388.0949186549428,9.13177546936314,470.2533550718932,0.0
24.981750168557156,2.31609574951754,445.7685334015092,14.683803660786767,437.4231364232739,0.0
66.71271809503689,4.019374967670123,470.46718204109914,4.5991677545031795,453.1882414519569,75.965
74.33392587951725,3.1497671929448834,346.88047722919515,22.42544266152301,448.334890699628,58.866
50.92625465846952,0.5238447589153892,466.28509015309635,7.876643979475859,469.76912980340404,7.899
21.324193485526827,1.8796562845757534,432.3997568104787,3.384110175517777,505.17078966032966,48.305
62.61385007710491,0.4105315038755571,395.60378101401693,7.627696155727256,394.3732630975032,48.651
77.2868017853518,3.3445664948905103,437.5050963538113,11.74675694941991,543.4080310585373,0.0
77.91457430809963,0.5920372277840042,433.1725221938992,22.785040500201248,432.75820669552166,67.381
57.43968807476739,1.1820136166367692,383.0297605535194,8.399739584240406,400.55313484479603,40.153
15.15701610836924,1.25660045557042,423.37882280286783,3.904942072794663,402.3056159138217,87.76
66.92554480467972,1.4733831697479611,462.68543417146356,9.853757935557413,404.85534412410544,55.472
57.38703264266871,1.3766967987301082,353.3715958921323,13.385654500474473,548.2272130380167,78.274
36.73547654545705,2.790206742016222,411.67935910520396,6.317983995928556,438.8879395381138,75.51
82.88808639760398,0.9481205781390241,444.4681714043211,14.072603206493328,404.5151709929096,81.525
9.296100792089259,0.7797122461603929,488.0438721566487,12.03013387042389,493.7561999150861,0.0
42.090036272929545,3.802734505533555,364.58210006712955,14.804823897557677,537.4972145291233,0.0
16.156228843557102,1.3154283537180727,432.26072034532916,19.08557602070844,446.7626759054553,0.018
34.68696113615814,4.05075902572058,398.92515702107414,3.1373633549453936,521.387507869047,51.489
74.77352952620527,3.6625151720046354,480.29940013063435,14.567798956667362,548.2706234840193,0.0
31.905954794693024,2.53670132703171,370.64999514765,19.239109403301047,527.0394889071201,0.0
30.281212736135032,3.41387655105806,355.4027315023765,18.466996562169356,557.5585463109668,0.0
50.75992338627279,2.624955251640803,360.2147934754999,12.43629179684362,525.3310070091909,83.914
9.853974346801214,4.057800154664043,346.9837886677654,8.121772938921932,371.0051509198817,53.108
48.723747358740106,3.5571450613379194,414.60935299838525,9.812395315683402,490.8459749420054,85.127
24.89364977948913,1.8429618989402088,460.68933391344564,14.958726417933184,545.999476945721,0.0
76.46423289648459,0.9211102662511695,471.69727855011956,23.499250424367577,386.04595462559115,23.776
49.88517878756357,1.9570776757991464,347.73314312604447,20.58227309487885,443.1091697750413,82.15
66.77364656443325,1.2308059516643683,489.3610698734419,3.3492564249131087,361.8354575251069,20.278
50.66398146201855,0.3687673470490414,389.8741633860318,16.324107827588197,381.28430789207687,69.297
64.13378901751457,0.7578195405903242,426.076317437526,4.036948885743894,350.2482617113448,56.17
71.92877531330852,1.8654921700494875,491.1053649113876,16.121643090493098,455.93831738167097,0.0
11.322598637641054,4.122936469794438,447.96045367938166,5.607020243526786,408.31383495372825,80.73
39.415246645088885,3.1418922279248838,479.7557517387629,6.968333176545865,427.16346683478577,0.0
1.8347887613855018,1.5786586806590144,369.99415163757794,7.077842999703646,455.00220591413347,0.0
46.06746071150064,0.3983158853150038,497.91984372706975,24.742879772191632,389.0635065836257,0.382
20.3192491870208,3.9438185076603456,429.1530819262605,18.277926942731295,537.5132887541029,0.0
24.051155997098547,0.9429188156636525,455.47671243447974,17.883851361961476,367.13554505923605,75.667
35.97607240800001,1.754249102523859,448.64380534671375,8.671218592425964,439.05773499819446,29.685
38.84717914746465,1.5910256001375562,455.9938758439987,12.81344899806419,411.5252549487731,35.764
45.22774681824235,1.5957701345821995,484.6221915886514,21.091933743636808,411.8434885453216,0.0
75.22644889141594,1.1909512037166878,422.4115581948946,15.377899463127626,528.6778671995398,2.036
53.66456335624544,3.068537711509795,458.5554414105817,9.900334190270518,465.1642267227695,0.0
76.49246975611435,1.457110243962454,474.8896364742187,26.095162797392568,365.7609848892717,20.518
69.48569782254582,3.9099272723334657,446.362725316959,25.630804922331254,545.2836683964739,0.0
45.94247687672221,3.2417156382752914,379.5829848623534,3.9289644602765854,365.53092138154034,17.527
21.86753919789274,2.87057798327109,423.8150759181921,17.750795610823545,443.00169273996147,0.0
61.88976396014471,2.9747709890689906,452.2312456121646,19.477632604574683,344.7897713892472,86.708
44.02586609388272,1.3280756449567837,402.7215282611587,3.8866712459854806,501.4204045565255,61.589
63.551784159712135,1.7856138189938244,357.3533393320832,7.518412704444361,368.7747591218637,11.29
32.640051288065386,1.7048848023217853,420.13607225552636,15.608602889846862,500.3388554462248,0.0
4.842429107655629,0.662688304660771,379.13598765400127,25.77863619514731,424.81804803336337,0.491
4.140174854712296,3.170041664671807,395.3897908078848,12.86097709515916,384.1905575910891,86.372
2.3258794894006334,2.470373716570685,423.99184532667516,19.903402868222866,528.506184575036,0.0
58.53823309272191,1.9105610328848441,351.6357330859245,8.921904936857768,441.4076102302835,24.861
30.618234363736484,3.927606786770846,423.6896037375442,14.588748911555854,503.3680979856382,0.0
59.93566796788656,3.6452756173052725,366.8161866190137,3.7658089352360857,430.06600105371473,11.252
72.71710244143438,1.5460306141854754,496.8637826651059,17.22217467081635,463.52359399936347,0.0
21.139311284668793,1.5609843254136528,433.0486467002445,1.6705816886637288,511.2679173203386,79.431
35.17531919306004,0.9082127081660261,370.2205838846431,2.247850935340864,515.585327742235,20.804
8.204805664353874,0.3569939552776175,362.28932786369916,5.6110827415102325,379.66048894934204,74.493
54.41249365228414,0.7503112433411961,399.33771046508997,15.225661801881465,405.95879812455144,81.715
63.11890057137288,4.010502092109329,486.3659889522313,11.894265927916493,365.0737813264918,0.0
74.00120004173716,2.542629875722292,420.6207411465674,15.392246683813134,484.4220756954385,76.51
15.096224312434533,1.6088890035740393,345.86935608015824,7.831786227443445,461.14623113667335,73.163
8.049714148578587,0.6429833396412277,389.43993452380056,10.790766447831189,392.6108955705539,90.094
81.10349670805053,0.8095092362259135,454.61306396502084,24.4536301649597,420.1001208810651,37.867
46.7750463528584,1.839030178000196,360.66716876582814,13.294433817452198,396.5913369115281,40.976
39.09113810881122,1.874862957603467,389.28969507099526,19.660820772293803,487.3845018478894,0.0
68.29800711158204,0.4565125171749766,376.0369298496232,22.174405239786843,477.1782045596325,77.281
69.90623916403396,1.8076129655406175,363.88387820881053,19.687649514726907,453.8400076782093,74.397
70.31722007051681,3.8674593140042304,478.7474811734188,11.215800881584212,377.2106411799979,0.0
37.542617711212664,1.7612218199394616,348.66036615337174,6.8306953311277505,491.1178286802352,49.282
3.912884354283613,2.949085257439173,431.44426232116695,7.584489110814551,455.07682801087054,0.0
40.258483510639515,2.0892317934354763,500.9563091723878,14.838444231520711,401.6586813106337,0.0
54.07863148655222,1.9148821073901234,457.30603548725,12.71744217400243,474.64918725019504,0.0
72.46635893843201,1.3222916348896765,453.2128054360383,22.618490140269873,503.8378086437225,0.0
52.39448743087606,1.6971402490988567,450.7521320228142,22.340245137444047,409.1465451730003,50.907
33.04223020624614,2.8933845566842336,485.92129318151973,12.290967517809165,474.54095955239353,0.0
49.35947015871873,4.119568945764355,450.79735232293706,7.670698129484822,537.581613660375,0.0
75.40729052776015,0.6068396901618277,416.61571194611264,13.039675025452595,379.2366817826219,75.934
76.15356903499942,2.2852342040423594,392.98893333445193,12.396338871667767,343.2171602016263,34.876
79.18593581787911,2.9955108895622966,400.60011210383595,24.746835437333438,557.6614412640574,0.0
55.922818423609804,0.39109187163907955,395.20790348915733,17.99639211965894,541.9236671580784,0.34
46.001483922219926,1.626215361743823,474.7853415750413,21.96082631217982,502.7968506769008,0.0
30.135956886818498,3.7385572150423125,478.0860623375272,13.709939392870702,372.88463206352924,0.0
32.752748503002316,3.9361069029715847,443.52296603021455,22.982484735773532,419.7466710588838,0.0
59.23578589015542,2.7780711448363027,469.0043308347845,17.253656689918138,344.22348394105893,80.065
59.92552955708274,2.813325994168689,383.6861266623114,16.304481183447187,377.70115108916247,46.306
11.142130540869697,2.5879338227799558,447.0586062458048,2.4900843446699295,424.047822229886,77.859
2.3640211693779865,2.902369195309542,473.29262428238974,6.5073471050708385,386.24517672829495,0.0
73.44810406091828,1.9818490579140282,435.1874614032893,21.630305112411712,376.5676769079165,87.8
75.33158978027468,3.742252683026458,375.6183474120415,20.468744023163726,432.71915098958794,61.485
24.005262757657107,1.3756615825743213,369.2455583174505,17.150988100282298,556.8970844032212,0.0
30.2525719709757,1.9472212095973318,482.1015836695969,5.3094290993388364,460.6113713606017,0.0
67.71708926997366,2.1494289183707727,348.86416225492405,23.69575747127332,357.6051388522554,20.896
32.215990873000294,3.7526220022235615,434.63131729372185,21.993346947034855,503.46865347686366,0.0
18.030359900679628,2.679359318577763,502.5223696041624,7.834307805458149,345.35259074278474,0.0
62.35466805905136,3.524442995924845,479.3189612175896,12.016203629184314,342.540965961968,45.122
29.183792625976785,1.2997009574431027,458.475899128515,9.78166127225345,407.40027268703136,35.712
7.877199825480592,2.5656395985251743,363.42258512408796,4.4862175374182,539.5470477635156,0.0
36.69633595084075,3.130374333431902,485.17736985469776,19.84006310341946,530.0148088767121,0.0
45.91518918417719,2.5590691824463367,483.7764698640978,11.635198797790213,446.93056182271346,0.0
27.654624155843976,0.4709925915648043,397.85892126099566,3.5313072509386316,373.559143927241,47.294
41.13416342343551,1.962735812962796,448.1844207124759,6.134856102479258,504.52057780200363,0.024
31.151014882231678,2.355222738068521,432.88630726723545,2.8535931719817276,369.8311810768832,66.283
47.413322752632574,4.000588701474081,400.1937604235107,8.301947996349623,540.0999694785696,83.422
40.3023256234388,3.253262434222661,446.7443090152211,22.405705612012486,377.9799250825973,90.56
71.585499601982,3.0357615323501568,347.1571919376672,19.894827573249156,434.96349748300736,46.639
51.163865601086265,3.785378919852061,455.66550278939246,12.970834442540037,546.5047528569248,0.0
7.64930563602212,2.2237612672717937,402.2399553930069,22.699650119905456,383.7512357842139,86.614
31.09427416201823,2.1389004219384704,411.10278322288855,24.535163789450557,474.38510279475565,0.0
71.718280271715,0.953510237487614,368.1166395820973,18.659924897632532,357.06900794960603,28.731
22.804404733881114,2.8401663453632775,408.4643941941615,21.122230387224874,434.75776889419376,0.0
34.488711998855415,0.8263953847232584,368.24404022553045,1.1196865624366001,487.23156683053355,7.071
72.23516778580516,1.3051268989186426,440.00885486474,1.7204025558564886,535.4256862256367,50.993
56.431186188843824,0.5083479951448335,495.0529315301655,2.730707705145132,460.11092975837454,6.566
79.41124712309802,0.3772378076947207,347.7854576624074,3.3113005089946137,501.0960250819702,4.22
59.673329122459165,2.0871731507130544,504.50983966996216,24.10416070464175,404.2415571446554,0.0
57.76987739874829,3.3074585132878465,417.83140868867974,14.39820864580207,347.5118000833688,60.988
75.76903489081651,1.2808855472285172,462.31254963941933,9.141183682110864,420.993465047224,53.547
29.583192598561666,1.4789558775923548,400.21479249360374,21.716250056527116,536.1120431934507,0.0
62.72533242501593,3.157039062365378,369.9788956867054,1.899937356767683,430.9642188541097,5.893
67.46122417375875,2.2985762949852644,501.5761088272736,9.432063279493814,474.1941030544508,0.0
67.8907662394861,1.4805288437298416,466.35049246965104,4.450804518653676,459.5908328631721,59.322
20.411038286863118,2.2936283113058487,439.63745368011087,25.946322007936377,382.5933290506021,87.434
24.39131895737377,2.573206171469032,369.0276630624715,9.111025056296503,423.73689024069915,73.732
9.589490014606088,3.1670814436632204,440.87825379226274,12.322733523811259,371.2534318914757,93.15
55.13911273862801,3.476449350905334,498.1246289360987,16.382631575730667,490.52424975758265,0.0
32.447927080385895,2.69399144745837,446.79648428980636,15.551897230846873,366.20412236715583,89.931
38.79806305359415,0.8925683281860767,463.2185145499339,18.878694975015826,453.8045372485951,0.035
23.07698033637365,3.0830420099330995,388.59531712295507,6.610602642300671,549.9437511422136,0.0
74.52326823955924,3.627902081817581,385.42831283692965,5.7035734935639235,441.4197429938709,25.915
58.16146066125771,3.543690052695514,420.5488965344108,13.956957786819693,505.1480458913943,0.0
59.642805967518704,3.024964924536859,493.7196609097995,1.6022352552767103,354.3465449321142,51.473
18.7956792290218,1.0674716781631517,419.87287604782586,5.679055281241273,352.5572432032317,78.056
60.04622994859351,0.7327759600918332,437.12461280034927,19.470995134717256,484.8039233923733,1.064
3.193450725157471,2.036076020424214,376.02631438249813,23.107227655176473,497.4892290558014,0.0
23.396391169998317,3.0960300400526557,470.3749769091664,4.66459500652917,455.8974475646181,0.0
53.646699774453275,3.0306034029822353,369.0535699148731,9.136519979262205,467.6979806841953,48.639
73.5065090719895,3.335184997662003,411.33240131815637,4.5582341496009,459.48597988278857,43.22
38.07078522334431,1.7056277003618958,483.38386072852376,12.585739633398363,476.0451689595977,0.0
46.87762372812912,1.398777495913437,422.547978458161,16.65788016762978,416.0265523742862,86.783
12.71794857675442,2.1030148233664683,503.91029147192376,4.674192385120483,421.3290148947822,0.0
66.60179766367058,2.1718186902861594,396.09295006355563,6.851267324098257,427.7175605034639,44.277
41.97903834054314,1.2728112526395994,439.0668194040165,8.540937053615169,399.14366716841187,85.833
35.937579239008386,4.1350010779488775,463.2957677605422,5.350157836171276,430.7144259427944,72.407
28.080883307491867,1.3111887945782241,464.9412286433354,19.43272825581403,366.11732900502534,61.024
61.60963985690333,1.5538507627501952,432.9908340199378,6.761778488934429,460.4724583968567,82.454
17.39366543750905,0.5269466823079073,470.33362579383197,19.07989275200155,348.4917876999742,56.035
66.6063424587184,1.6159082455613758,425.097537304761,4.398581741459582,469.41802697307946,65.712
15.128926496480668,3.0873069433916824,393.2139672234693,16.922228424461174,413.9593396113072,54.627
41.90993628991109,3.2485079788373152,401.9278091262033,20.450900074006277,355.04635903310486,61.054
72.51312585562435,3.1149273532458785,400.6923094768736,10.03033951187989,502.0574927570025,72.295
28.041536242676983,2.127035521520964,499.36546805719524,23.193150497182646,361.9430104249738,0.0
51.585323317589314,2.5714241219647653,474.3531705923601,12.764980097528388,366.5197344418952,1.983
62.0608384129182,3.9797163217963565,443.6166770580927,13.463580794430705,548.7943624546914,0.0
7.492077834576332,2.750095277378459,354.83653316886404,23.05502879959978,364.38811448276454,95.369
73.84800096331283,2.01045566481798,383.17243434094644,11.602067231552738,509.02484136047747,72.793
7.97960741970415,0.9751326350784905,499.2543387757686,12.429138870399495,442.52186421587885,0.0
36.9932961873097,2.8625764239301152,495.66586894694603,1.400458550424523,496.1377702518713,0.0
31.17530454363375,3.754361029207,448.87652316953313,22.2848518154181,535.7428170268391,0.0
23.03996511355986,2.3379505885319043,384.90909584120425,1.7281512066305893,446.6610202094623,27.434
28.35301779545648,2.5926928339125075,373.64363264715723,7.7011870062651155,369.7352043584226,35.582
22.449440628929977,4.141558234255855,483.9668958891675,12.473617411803746,401.7261140709885,0.0
62.698879115441756,3.401907469592647,449.80763383867463,14.068610934735904,538.8658230875199,0.0
36.93567895483153,1.9773033980689538,408.6081493078979,6.167817998672146,367.387186715679,57.19
20.869767261639012,0.7175705777548688,388.7763675903237,3.247621446213511,448.543807496888,65.417
79.35293688302069,3.665210834010664,410.5120278824443,4.800160832765642,427.77035668339715,38.045
28.092437530265926,2.029882065563231,477.4563862988092,16.901066199335652,491.06370438897125,0.0
55.67994721650039,1.8228532623680542,407.75949014372304,15.005123118347186,377.80851325293617,71.207
51.19741020356182,0.7061646649445856,441.5204470288323,16.78766490711098,462.1011564353923,9.707
24.355565127193586,0.6100705237436892,431.9889322803235,15.75776882988052,491.4441924813158,0.0
41.08695102443985,0.3728789185192735,487.20038815414125,19.026278410278362,519.1760647789008,0.0
16.590949027655686,3.6386853234956145,435.3446010896462,21.461748240602812,374.5999543445077,93.885
78.53595894915888,2.1877703741715746,369.64602795489554,24.91205581165427,372.8177230918188,38.84
69.42388222018883,2.4199861933127904,453.23302707085656,15.170395268707901,368.28669930565366,86.459
51.27550781119916,2.551991621010457,403.9452326359131,7.559843057948752,534.3674400175414,82.594
45.443878959384506,1.4339439521372892,490.68829919505646,9.421831859223781,356.5296836237327,0.031
44.22135089952531,3.5312480836450053,427.3528737655224,17.423838530735967,488.9064908369289,0.0
2.682875408490266,3.3018027763269187,464.7286207434072,15.684470717729534,532.7672047837631,0.0
78.77616794468925,2.6804213694630135,399.8656516853069,6.684159289857601,381.50709231893774,34.275
47.11233753052507,2.494870249381143,361.93360758564904,12.07048917424932,461.8263232864214,67.819
52.015405841560096,1.5437888647561522,414.6394786498196,16.547098579431765,529.1769824171537,0.0
4.678075229459955,1.633884006157377,371.17206257381105,20.907639499044198,496.6569134618798,0.0
24.62146927136134,1.1898882868305578,470.1016751773017,16.586442016582957,401.41234110660434,5.028
37.36219689963867,1.0624347943347812,497.82143899211803,0.9566887951052204,488.88427641268106,14.104
33.43308540628034,2.807945220795008,414.690292002718,5.4602034869929525,384.256215921489,62.857
6.227238561115655,3.504040624231834,403.77211611212834,7.749803188689654,397.1200675205299,89.635
62.180733546701575,1.9100314281462016,378.479877945836,9.782802745864775,500.8863106965084,67.383
13.637089457568184,3.4797280660815564,432.1941869602735,10.116131478478874,542.5647723858274,0.0
44.015350371742784,2.9416423011913264,402.2639630803024,4.305937082959836,520.0858385764573,61.911
82.27922748272746,3.2785460455908004,427.63526418244794,9.21299163281968,542.8747602293361,81.616
74.4063001274887,2.040599402922202,490.12331058874736,8.518177655964854,489.81126744747075,0.0
30.99747629536951,2.2826192608071922,476.4177024122863,18.33132697645567,468.83237354145047,0.0
53.595438972420965,1.0176914246889162,493.08592185470377,1.4610870220897512,557.2811755845365,14.824
17.624614335845685,1.1865950031989505,386.74349500800184,15.418517593968108,433.493083877599,33.518
19.52601202487473,1.054233164039422,434.56473608484,14.301729544481455,465.58205326192723,0.002
71.46168179313693,1.9061300679690656,352.95641454234,9.755087037629108,349.9573959814318,9.185
76.71581161546213,3.617274337741189,360.31180588031066,21.66923657304186,514.4660776285288,84.895
37.90149952664826,3.3259989495761375,457.8535915980026,20.882224281486295,476.9099459098704,0.0
20.28353657026137,3.703736067928219,425.2568455144788,8.963811144819354,361.1040864117649,77.133
23.095017817841835,1.3053802058515784,450.041855985516,21.741448821543738,521.6268297741134,0.0
36.95228862041916,0.9729527247858923,465.94797441002896,2.188987922383615,511.9325100000814,47.473
28.062710716056515,2.0626603531347745,424.8000974908282,2.608935005448072,486.4420022773362,76.362
45.28046497006988,3.45004842401527,410.4676306144905,7.122293815530444,510.36209037166094,82.509
61.75355686454481,1.5708867049156736,463.5346564536812,23.449637197797802,394.2622158575473,31.854
31.34862824236273,3.6901522656089982,366.99458535618857,10.093951940941412,394.58549298053185,44.372
18.203671249248778,3.7434604386441377,430.61926355121784,15.44153090750304,377.8870880520782,92.417
37.220262068003194,3.5150510375473942,448.5925410060402,20.803575220920067,358.2585932510032,89.369
51.308565543852204,1.144879970869666,460.7848758809186,2.722296454351537,532.1215320336763,63.724
52.57151051132982,3.0904901413705,360.10554857446834,9.204259000247639,476.11383171076204,45.77
3.954267932627922,1.3767621905686123,383.32748592961275,17.08234620686139,439.83156397338627,0.0
44.36638399262099,3.8556153792361036,435.2694116513292,11.012392123563435,516.8173021922213,0.0
24.2897077125032,1.5250578070055565,386.0435873337075,15.430918676663891,539.316398533999,0.0
63.77895926999257,2.4762591512300567,440.5413496154324,17.208869524854737,428.68022689222016,76.852
17.446778534309214,2.1507719453067153,445.81474355987467,23.890447493934595,441.76758377515216,0.0
38.26892434694777,0.9715976713350748,360.5940449322905,7.081840069629441,361.5153331310503,18.456
24.489756529462554,3.1147462460201067,386.82302906333274,23.248316419767104,469.6546117449052,0.0
77.99696058972623,3.8474081475783253,401.05756321071806,1.9863342004544875,436.8396198458431,15.637
77.21017868628554,1.1739151933419203,427.425674757895,25.317828947531407,375.31432338464873,88.182
18.639684549391312,1.5220567445336375,482.5587787841556,11.57339506883924,464.1587481757321,0.0
17.662300451130736,3.882497757997386,430.81367786411954,9.314308934488013,359.06513482105015,80.991
38.819176221109636,2.337531861513002,353.6579321146357,18.607755455344577,466.25457052971683,73.94
65.40841982167385,4.085305174264131,361.69897585674516,20.634254385699872,507.01132618998827,84.819
12.74991710293067,2.1871595643220334,354.2378769580348,17.56539474781928,553.7588848809213,0.0
39.64546735113969,1.5918965089534791,412.3801511734041,15.17621738941815,487.16058800824635,0.001
24.07723468560158,3.333242656914049,468.8478861202643,19.24721922796031,526.082464820711,0.0
83.03700050308423,1.1133595927367432,382.4214644644943,11.086433591569522,397.4217637484339,36.159
80.1456314134306,3.992392412113768,472.04806783524145,7.593946950650906,458.05758553632984,0.0
49.06255277911802,3.185372623548341,353.25735740332107,4.999898633297474,353.8189071175378,7.171
21.99592682220105,4.116121040960559,498.4237295506863,10.20590040632317,352.8518541542843,0.0
61.311279912611845,1.2142406772896122,391.3779652122256,7.143888192882586,481.5122647064485,60.267
62.239288531441886,1.9591521911136338,494.25499561226724,17.82694806776968,517.9021528235062,0.0
20.28561972111782,0.8012699915633257,385.67712182851807,17.57993954448527,410.7253045857372,84.92
56.649862119759945,0.6053018228025058,345.26716054306803,10.480813332669719,531.8293065806697,70.403
36.180967601080454,2.434849448622234,415.58293949855494,4.990916250272001,508.50195980214716,82.861
8.28849672310341,2.243041639480773,401.5723654011615,8.80153432356423,446.34208088698233,0.0
82.4403007165068,1.6195307913332102,469.3235527628606,8.936334380858094,376.52436039111353,62.57
58.62327786877635,0.993275136910456,502.70037566417693,4.658410982262965,380.8859528082349,0.022
38.29378452133313,3.285683659456381,359.2325835132533,25.908262499058,436.5200722310187,84.043
30.542044568375132,3.701882455907854,368.894487159042,24.23034797009188,497.15659074534534,0.0
35.71700902306643,3.7681705931239766,434.70392846512004,10.36286149063665,395.2046421128065,85.937
53.11277293893935,0.7549312538945482,363.86202322081346,12.087483668431286,391.13596136583425,35.328
27.567117716819148,1.1155378941898075,358.78504966262125,8.711545085989963,350.96777818953154,23.263
79.30952684081868,2.864831648047664,360.53152698765155,6.247479781840503,400.2292490701981,10.05
63.504453554003774,1.817799990334458,352.1816541027934,4.294291309596401,390.238650168298,5.814
7.209319301635595,2.842532859972,406.1684163092083,23.52121545578045,514.5535808525165,0.0
37.16816838299126,2.9562242835133765,430.17187993457014,14.420117264056458,418.0230956975803,87.148
7.932672316603273,3.1029585684844943,398.2696295228365,1.0522677297442242,355.24844077593434,36.563
12.112646193083158,3.6467328516251394,491.8791936026172,6.302304789347393,442.62614414935655,0.0
38.1985633683379,2.3916714384834625,366.7824039261889,20.15071747326897,392.2691823606568,68.317
42.969401397013854,3.4728927721790783,410.57102653085366,22.754073581128136,448.6582339007613,0.0
46.17495670030344,0.47402239616996644,412.18959734985816,4.43423364772131,483.235833092044,74.784
78.62472303014745,0.41131789128663093,423.0034458488119,18.37359723256154,452.2349628002406,74.046
6.692339633202331,0.6113904213281967,410.8371245722737,16.11712490198489,487.0856182089563,0.0
30.57093621648513,3.82357064986858,478.6515073046185,17.229238988115693,426.21912556100636,0.0
24.06192710600287,1.8511244570514576,348.3829715601919,23.068018184288896,350.32286006429865,42.051
42.162332699897114,3.641615229404048,440.25380135449825,9.974066674562089,413.8200206690195,87.508
54.783915049260685,1.3286444943352094,496.99190218733463,20.69888427330253,497.7504868477895,0.0
30.40587206503705,3.3473245206942597,388.81311079725504,21.485098115873114,385.0345439680999,81.388
38.904747716201285,0.8712155709944274,380.07571421706524,20.09160590481654,445.2662733730922,72.731
18.852459350988042,3.6354619524943645,348.8740946935557,9.521997621252195,490.5680972299732,0.0
28.94467759777831,2.553297615904512,350.0922731323506,24.96421370421999,358.14872768538703,46.369
2.2121127532879297,3.1040443474005164,360.9823435894384,5.2044385142335585,554.0688223967095,0.0
79.75155920910666,1.8896227941401302,466.59247105442034,18.53621718461866,449.5770733500561,0.0
72.10265108736587,0.40724407003863206,345.3408487078113,7.062460977362767,482.79216770264,14.823
32.92726517034927,2.0374863042150917,446.62043094185395,11.780305419495798,343.2288264735809,87.494
29.662017978635475,0.9942141286681717,439.76873571077664,14.026077351398207,529.0267778284475,0.0
66.31399758975114,1.9581088579796129,442.94711125757107,15.792153553203349,466.7726432002273,0.109
39.521563339422926,1.7385822035272351,390.3838739434838,19.109098607312923,468.92828526782455,0.176
47.23106059811025,3.2711667403771747,503.28208328357596,16.47483560144978,401.07517320107223,0.0
37.52994842097626,3.2231735371729044,416.4038757671552,15.841606631597022,475.24592112475597,0.0
31.266961744757126,1.960937915617016,425.96588000484417,5.408177496553605,527.2654456073516,1.676
3.369676225669438,2.7606685281671566,407.16881756517813,17.75439621949854,501.9968129276439,0.0
80.26947403471613,3.9376723691838937,502.34677556181737,13.60252357828562,531.4047750071661,0.0
35.65455262366234,0.7414204014921233,412.24776937305046,18.976849836360547,459.0466501360892,10.722
18.259546505812075,2.381966718310358,416.5135307225239,16.412247150341738,542.598557221128,0.0
18.986699350417837,0.7452037671596452,391.9999730761,11.704508890666304,533.3685515922502,0.0
25.40091977370909,2.821803926360623,492.1529437138248,1.0194709378906475,409.5264385493908,0.0
21.119572084725682,3.2118292163212043,361.0447649899374,20.997585940837713,539.0188157041199,0.0
46.83433662214145,1.174720908408553,362.3999845412526,22.628648582386273,544.8898610798486,0.0
56.2377659681866,3.059190962455937,359.0187680192266,8.96948255173903,421.9159912101487,25.22
25.32723459833771,3.962394456083694,365.7145093386497,6.101562079505641,468.7420577777585,63.23
79.83107439113172,3.8920133487386783,379.66564626953146,3.847893267772359,525.0904172221938,17.779
40.627111193530276,1.3438448407574601,489.5969318003155,11.961156517464865,511.6994508660698,0.0
47.20939754331768,2.7424838480707683,384.6046025293366,15.38477578048728,445.93790249384807,84.697
30.77032562105726,1.4957723322740026,380.53347386589184,4.824104153768871,555.6643300869024,81.47
64.9627662081848,3.7791525234853474,353.9027763127739,4.397173101994017,438.467895752104,7.812
66.43541985045285,1.7537034614754123,466.16775797128867,7.409900997454178,443.78885542180353,12.725
60.280758868990134,3.085127449832342,505.070165126625,14.537697719948834,364.54273223440526,0.0
53.27940845696807,3.772818879075554,453.9522635358381,14.67041917992093,387.91027368910625,87.898
17.75825026792173,3.5097304117384756,443.40002703502694,2.903587686007125,530.9862542659282,0.0
18.88463879518236,2.3206061471130037,405.07999156987194,10.543035983238235,387.0598350599386,86.971
6.941823942815881,3.850198842683595,456.2239075530555,12.324039072458893,485.34251854108453,0.0
49.425054611125375,3.0529368104725014,436.98344696490324,11.636675226770219,439.7566582736615,83.52
55.128398898026916,1.2764617242475529,437.2511082741355,8.75935870111851,552.081344498491,0.068
19.44118960010229,1.3665856052332197,389.9958696547904,10.954459270270126,414.06510441255904,90.605
58.10678788481605,3.460681745755975,500.5491425962881,16.33899359348461,474.7089139610056,0.0
52.38701245346581,3.011372532558372,381.42257518482563,1.2170483331848903,473.82404105015735,7.719
40.505325331811164,1.4192133030124712,439.8020868807358,14.314361516417963,537.2882918916595,0.0
79.49708875934179,0.5447093867245423,480.35248074829474,24.809340921986493,464.0723462597682,0.008
18.726192168059846,2.6364941173120315,449.78230447601675,25.2963950352627,479.9540148498477,0.0
45.19134628728868,2.7213933834244086,467.36929782914353,4.347245593185003,410.62611831800524,69.738
50.31504070809514,2.469071220078272,471.60427424469043,3.5690217721621185,489.4844048240834,0.017
5.8231457386910765,2.835987525269735,498.61967323736536,17.360731096152026,477.9757131023898,0.0
48.532770628914086,4.0869419203624044,497.4935414794502,8.626534312914298,420.84954597587387,0.0
26.299389024412697,2.381347961515694,499.86167071488865,8.55111670240711,469.8601476035483,0.0
69.76953202528509,2.7366337019224583,451.653906947964,20.060915307470054,448.3648176186259,0.0
71.01944880243741,1.0731958157061139,368.53745782904076,5.674076514131808,509.7993403712127,26.311
72.14728889256591,1.9600436223758786,349.76450690774186,3.0937096377685114,471.3956499967462,4.216
21.278527633610153,1.9978485113732662,412.44265512211064,1.5981562127530677,357.94796624247766,42.111
17.954748548873596,3.7797524701964993,497.9911218455519,13.543479712241911,478.30844625749194,0.0
79.96864871008714,0.8987636288911741,433.8756710431916,4.2768970367795776,509.4817578335796,72.526
13.315927018890616,0.789769741086485,375.3925704352971,5.449615323783753,475.77165536713477,53.027
9.767401270149835,3.8096011347616026,421.1254352887694,9.194977626094632,467.6098233241859,0.0
78.07565142331175,0.7669660266915974,384.4330493420596,1.0591862201564595,368.53061255802623,4.652
71.5013642049913,4.131647272229144,436.58773888182805,1.3952019884684466,529.2433029205272,34.963
61.79971951222364,0.4716725198226816,384.29346914359036,9.376516153691577,510.3812841437434,78.584
81.5763799061711,3.258382339672695,460.3654977821775,16.046328938797036,478.199494956811,0.0
19.720291004223576,3.7371692158846925,459.97605542951936,2.973642345709015,551.1313243398602,0.0
35.901826606811916,1.8467421881252997,429.2876756850545,23.389016869944083,433.0197276298043,2.123
25.259914313277307,0.5388975488765317,448.6101361073107,12.443330685986984,504.6654154468474,0.0
81.62335852444909,2.1576987782461146,435.2946618370117,25.882282272080946,486.82568527887435,0.0
2.7894077626216873,1.9762666027321258,390.0807868537333,4.9244933926225665,504.6015714321854,0.0
47.08695874001428,3.586861616776279,465.1760250007515,5.683179941807173,471.4343553425305,0.0
74.30902484597912,3.8373793646147285,451.51705769358466,19.61957615021391,400.30417735109825,87.57
52.480713147358784,0.9500321456919727,494.503558652675,2.815180444355742,503.7799297689124,0.122
43.169296871590575,0.439226916960592,438.4372213963805,6.3971486232291035,364.62771174592734,84.524
18.39571197793245,3.794663463504278,354.5227149492244,1.8765929031893709,419.1296489848763,11.986
69.37836438432957,1.827935171039584,492.5069348819052,3.74588626831994,505.33564659166024,0.0
56.6595873374677,3.7355723071171782,465.62015446599776,8.721064212142318,490.42872024482233,0.0
39.28225814477508,1.7778974656572628,503.7868032014168,13.278857701785276,480.80913446062175,0.0
66.76266340111526,2.4658329239454466,466.15109386473546,9.0858690175433,440.0665570673532,0.002
15.35972527597561,1.1788353752875422,451.19552452208205,25.721212868203594,368.85229486216525,81.157
71.3368646891372,1.3351935517224325,380.6412312943906,11.076781808753143,436.94560708266624,50.462
22.28435567960139,2.3616986994983753,460.0148286399048,1.222815056937757,363.48814621893246,76.044
43.90670310888141,2.278147722926004,449.3364671572549,14.0911907657313,452.147665625737,0.0
69.25214584825676,1.983444813539459,389.5415124102051,6.207019871129292,452.63201433087613,38.335
4.703853521654337,2.5133966650716326,427.8273898747858,15.030210116434596,427.0960701250418,0.0
48.13584022020124,0.3986804035815019,369.5392291580016,3.315763444690659,449.2174257267792,16.905
23.349331282343613,3.45031945380155,409.487802726931,19.758547527942497,499.2263903000801,0.0
59.72005348790344,3.716604290954342,394.29001013344515,20.084613753688522,466.64370330735517,86.783
16.901585269121007,3.7900339454334078,402.2017526371685,16.68534356196649,495.86996590663045,0.0
63.58548029984697,2.0283210563172442,420.09697282238267,22.643246304433262,538.8206058324433,0.0
34.152638532318264,4.103362965914813,379.07167349461656,24.967904898643614,552.2369590914034,0.0
14.770419652191405,3.6595381167651504,472.63244049269656,20.23990104191262,503.5789137263205,0.0
53.79077321280194,2.610589609105078,467.0699008122715,25.447680378327487,369.30780024431687,65.873
76.03122566889387,2.3167818273404865,434.23744538862076,8.357739893578234,400.5093890411288,75.55
48.3953296339977,0.8773363331776941,365.4325246347339,22.208323548063753,498.14716519672663,1.633
20.573697724808902,2.122176837604507,434.544233608148,10.24670152293087,419.2135877515477,65.028
19.62664569352284,4.082287090113803,367.07457485767304,24.600863164486707,381.2025933199004,87.622
17.28140599567982,1.9556984269136128,477.18395723629885,22.767624956574593,508.96484715037536,0.0
35.072466515727264,2.7168770789884524,403.2933777753235,13.983348118354284,370.0582593590974,68.463
81.37202129159363,0.9960792863381578,466.960911057237,22.372417258855602,387.1612371183368,38.681
80.39735648997056,2.1317407534786983,363.11899076447764,18.99850565303009,407.6859578203848,39.672
61.505948502223895,2.9000557163787644,486.22836438042754,25.527837324526864,514.7200797763576,0.0
53.43443755104677,3.774026717591651,463.7655419003075,16.943153161345162,453.73401507765647,0.0
75.73614825564633,2.100027817107445,394.2967877554148,10.222905937048361,506.05625638509196,71.946
29.885124380544887,1.7073529051607688,375.725245865686,8.482985092400254,431.86290718636445,72.498
64.19640473930409,2.3640567808263744,442.89767772963796,22.98859593801318,495.5278885037575,0.0
4.9197518419330795,2.5573009142372816,417.326609240554,3.936534664714248,460.64185804231954,0.0
74.98792518540562,1.9860707709625882,436.8158963962321,14.050567496748094,538.5250475450118,0.0
50.29403527272204,1.9128214562693135,409.20425274543095,16.892753318302763,444.57089596065225,83.933
7.4315187990424505,3.349727073572466,392.8325891958225,15.016619396435814,471.7958767016912,0.0
33.7852204163093,2.1413234634969385,357.80764495014597,8.893938558572021,504.88256441881504,84.013
31.785258764572497,2.739945544695675,439.1344378811882,6.080227786459646,511.5131295209187,0.0
17.42342960648679,0.5811489216253386,470.1439388889255,19.223619935554165,517.8095154444836,0.0
51.51708181985701,1.717225177091637,371.3037436343675,13.793255488325098,416.27000207631374,57.847
69.21491081260599,1.0745452090746341,452.03426875889977,18.857541049718666,384.67922683181405,76.31
49.4536861613027,3.2119996734146015,377.9047832040151,24.12267625732977,411.69007781966644,80.815
4.7141674119769075,2.60209543711343,476.6269879463033,2.561269432825431,383.562504461058,0.0
32.60667875502298,0.409732401795583,411.53800143200897,25.417318856694497,415.63756250045094,71.345
48.102219047255105,3.0049339186250887,390.63086825609275,2.7360027901206183,452.0949944609812,24.487
33.95252914729212,1.1995800926356008,438.996129970088,13.910211477720576,534.7424905099863,0.0
30.817426802445645,0.365692887062752,502.21497246980715,3.2631614386441097,549.6089443888102,0.0
41.653928798444184,3.8136614067200036,431.42488447429423,17.374249566798902,357.0079685502453,78.32
77.37271769441203,0.8946228840580601,413.9285340249992,21.410672450823515,452.7961375994772,77.729
75.36638899065112,3.3804479525653885,344.38967089044263,22.611924306509433,386.99080649504697,24.999
47.42642654872122,3.081778902220816,484.87121431147284,13.690258513964807,543.826595304311,0.0
61.83832267336504,2.059324284236112,470.53866596674635,6.607063370155261,551.6902688430332,0.0
35.77427240456719,3.101435737776003,358.21835075609346,15.764939740375352,524.5903892597927,0.0
69.65245190979783,2.2665058939121465,368.8189458821119,18.221176087846565,545.8819205575803,0.0
69.52343395007482,2.044805351487255,407.53636394975916,11.616005714183663,412.9233363995439,68.284
23.146153738916674,1.2967680189046245,494.41293482247215,7.328626348907535,480.4495680264464,0.0
21.022856155091993,2.5273525962050427,369.46855011868377,2.859976973715516,352.88927690927574,16.787
4.953136841678714,0.7482569698246795,502.48666020658106,5.634257894643953,539.7826374787779,0.0
53.82476452806727,2.5468046178348906,496.8908770604305,4.064500181852255,409.51496434819,0.0
69.66259754522254,2.422150301683309,376.76866663827406,4.462520784750242,487.5084024931482,21.329
47.463351973993014,2.1707123653170664,395.8071966389802,22.19972096575997,550.1914535953724,0.0
34.093712400413864,0.7156562166996592,505.0033554986745,25.70741943215958,488.2304654228018,0.0
19.041201239997946,3.8290597727693174,418.0953345415382,4.2388436963812826,359.12633575528736,60.663
25.060148403293127,3.1193395786629385,412.93829967732745,23.63976418345463,432.83024516084754,0.0
70.99123214661417,0.7206797988382166,473.72145298998294,11.536503829788051,547.8185442905669,0.0
58.98694205067705,2.2281120796928517,424.9718549077467,17.23728165423758,373.7508838989942,81.964
9.889454891664151,3.848091441820781,391.4336480951027,3.4464059527507507,436.4437250652029,82.983
29.606537693141973,3.2648560202585393,493.3405555499204,12.730008307379771,553.9219814801041,0.0
34.47443588760216,3.3777339051260364,435.84045120868126,19.296338790221878,496.5051452805397,0.0
61.20841525372474,3.316055830113845,403.86199691396604,2.3916205723065658,380.53092878521153,22.112
56.207601653034104,0.8856073232339138,363.3750135735879,25.098686210525255,383.20074479528125,57.335
63.56784497874431,2.3608918224848616,443.9213263256055,6.422747820208629,531.116555760183,62.126
72.28811115334977,1.164174506344016,410.19233317115123,22.540663867992567,412.14169926814264,88.323
28.965344930567618,2.688843784661624,354.70492819390864,24.596722671705155,450.3650237814687,0.0
67.18841667606995,1.9693154132445105,369.88041736976055,24.513011545991645,468.5537397823004,85.364
51.416291543552795,0.974305418965093,428.7467327433569,6.845510954671397,556.0191496197806,32.338
16.18361683671852,2.3887960047594126,463.9643050452507,5.816330730459251,493.69856359551056,0.0
4.831393314271591,2.0363998592956514,394.13709617673624,19.96861914331932,342.8260706402496,89.729
76.63857922641878,3.9339275311835595,476.5901373364259,21.486162099207842,420.90102237206463,0.0
23.050146828017816,2.013445653586693,487.122227505452,6.055280778193015,436.46625001101637,0.0
21.82062566057172,1.7810619072931053,447.13543287953826,6.64137179993587,419.07189421636855,60.113
39.23980884517299,3.256074802800735,348.75259712232634,2.5885450988165366,472.4833605829764,7.448
50.53250515927972,1.7479128733234948,395.7106782694257,5.069830769343708,449.4807340210105,48.596
61.93365051108653,0.47327465657045775,463.1239724671043,9.929719254142414,524.057853972484,0.438
48.21869332189781,2.8380267215896233,350.94821896386844,2.453486179149266,402.4514479631092,4.151
2.7308584028356067,1.2974158619107772,369.165894344973,11.772678099712467,539.5056223755669,0.0
18.169487145694262,1.4593086608248447,393.9979605379267,1.2648501731239885,470.6627238264681,37.596
52.47200723822541,0.3745431563410444,442.5425734609826,12.929519480078994,439.39602638046165,53.74
54.71418646794619,2.5123953847451794,448.4118660621342,18.505636487097703,394.80222838558075,84.178
50.79350305238864,2.2698242638688693,485.70566550347513,7.786761513152678,353.63040443589665,0.0
15.530659992259276,3.357853030813891,505.12717762852003,25.46574337756922,475.1317488604296,0.0
9.56645347908442,2.8394990663672943,369.9026038858593,12.34005098039941,478.86485228600236,0.0
18.138235519249854,1.8813547909899375,482.31422585799294,20.963167458545286,489.72245660547713,0.0
51.7288251398797,2.2570431795836057,490.75808523669,17.689602424898503,357.47003144028366,0.0
79.9630642643766,0.958580072008845,362.2446841269341,21.52018711680589,481.0978303130129,84.141
19.242330249585834,1.0080004798776736,466.40248614807314,16.70868063898424,353.21694470397614,64.729
62.192705404769995,3.014252172349717,406.3591906637667,25.923760332739594,376.71880518250526,73.652
76.39923499149025,1.7757805211343274,403.4733444147005,9.470278729177195,357.6831370190736,44.307
35.015872406534335,2.6978246236691947,470.7853008292523,25.41187068331407,520.884847361359,0.0
57.497429743711606,1.1038366163703324,488.2547375074575,14.904410192078425,358.8542465157896,1.202
61.07449285703616,3.3305093846731015,443.2729410914792,23.209725428602383,525.2648373619616,0.0
75.28386873970996,3.562109257631374,374.636398295166,17.62261147800249,489.64169227409263,76.819
47.93644635559812,3.9885151362900175,504.7330463593745,24.41536894178479,411.6019548327529,0.0
25.435034101340683,0.39161848097675367,446.3846001150956,22.670149054805616,454.70404059061195,0.273
63.394555598319606,4.09383643701704,500.8447716044932,22.281669229218302,507.47085724749803,0.0
63.33461836049335,2.3017213323433334,492.38601180809644,6.493138862050567,499.12096131738923,0.0
79.91601392426254,1.5003872566786507,397.65867204410665,24.917551690304805,523.7026117497594,0.0
26.83621160830789,2.083957196565437,415.47551975080955,1.365008284562187,351.8322673495746,36.152
79.11757001616515,2.751260654925604,466.0326271276888,18.041543707292323,426.76032872457745,0.0
34.858505972712415,3.484148250797382,503.3423770326831,12.743421466036612,419.43209539951255,0.0
2.9242631142970668,1.6078829748260581,372.78724471211416,2.754358687893971,509.92167819294093,0.0
33.728966356537796,2.108461228759319,500.2200998194923,16.378785068187018,554.5126059768397,0.0
41.78352440957431,1.9723873862449137,395.87657046145233,16.279540058564333,500.47445251932857,0.0
40.75419295217713,4.101899880749145,419.7958796553954,17.28950338515261,497.11164546625923,0.0
6.264545071352355,2.6850677188917937,457.88194164284374,21.5293727454042,373.4030671508885,100.0
34.63093141262458,3.532930416986426,477.23961687704286,8.45319345269887,412.1606987522391,0.0
76.89067632938699,2.0422427076636076,488.138856711765,21.068502033714356,402.15812317497534,0.0
12.35387331604083,4.13398884484648,476.13468292049623,20.352083969948644,472.2471113011264,0.0
77.19915391170089,3.2325828653291016,463.4863305037446,17.186497581584675,376.9469760934352,81.998
46.5494619739582,0.7076256899968123,463.9020881747173,10.824587746135085,365.61671966071003,63.845
49.95736223791991,1.0510257480815346,355.5253324699122,20.378512844048792,531.5086397139821,0.002
69.11276263911043,1.782441547098577,376.99021083816194,2.7075842706528794,415.8923168383137,10.125
3.606074875477009,1.8986847406717442,429.41198972762595,16.419258549627195,471.0352494806454,0.0
40.87048731906446,3.479110075096968,441.11784950316326,0.9118650453199489,493.4532129319673,42.174
31.29359789474779,1.422967927799966,445.6227310111715,22.70568374115123,507.30798611121793,0.0
58.779288587540655,2.6907795893646207,487.8259189188117,9.693202196931265,475.9319206589607,0.0
7.868255373972563,1.1201431401536381,423.62454277488223,25.059929616116094,453.8818608612725,0.0
25.998205050898925,4.0442714558059025,503.1912627598647,21.93005948338935,406.171542991194,0.0
79.63701775889696,1.7728237134218894,349.1879690141491,4.221927577866075,348.1008228114336,3.191
10.250693582198712,3.9057495542611864,355.18115827029396,13.919038951442287,477.73877930010246,0.0
52.24235180180682,1.1058625976907095,491.49224390348445,3.2451572600576695,501.5677526286232,0.02
56.78526020168837,2.211612307496186,405.95402917599307,16.663432894639293,414.6350264524288,83.363
19.6044000542891,1.5771950460414481,502.4023603076156,1.7001164816442997,347.8608186947486,0.0
33.172852398414996,1.8959828316881677,400.646829359662,3.944058447390039,523.4422851744289,74.99
28.520781827285155,2.7222933002358736,482.5214386307023,3.0408298595574106,498.54002227240164,0.0
65.373525191465,0.4539848127106408,379.4043697954329,14.784531733996994,384.0104141486569,47.772
11.074176688324373,3.843838709248645,503.6471580147065,21.80667739344545,477.79263565154025,0.0
56.11407998570141,1.409622698275665,405.7362092758304,2.5781466521309415,526.9563034278849,39.811
68.52081726605809,4.091346881738673,469.15265436703163,23.39872194859671,491.3081965860716,0.0
58.513100394724745,3.107615290329876,459.9398974570261,3.6528982877830964,481.9311687148647,78.341
25.222618135031546,1.4184826547602447,455.51821978120904,2.668423351395913,354.60399587982363,82.546
47.02544595922421,1.9276080427924476,461.49256764754534,14.934390466182665,380.4539452439768,66.343
38.33187512692088,2.6082506149985796,444.1332305465363,23.57023735665139,368.70676892530025,90.845
18.318901199071966,1.901231732530936,468.0534083035544,18.726817707007186,550.7722109753721,0.0
66.14748222196107,1.921896161605427,357.0098502255623,11.459647250823146,415.56107470750555,26.485
42.67163925619921,3.025613229801124,483.9806839896755,13.449936367568169,412.86294262371564,0.0
25.75318262751893,0.43642049000808913,410.8024085524236,10.65629220106098,477.36237704688904,13.801
11.857093532167125,2.0046741074717676,398.4835110006526,13.378635889498854,430.88847778441703,0.238
10.45634570763989,4.06805670591227,422.3079976972216,19.13593119599877,464.90082886517575,0.0
25.418381763689695,3.872244769352171,431.21520375212594,9.503898027568589,413.629181747447,89.794
43.788800282037045,1.8172655940007196,379.7881772383683,16.091496615518718,451.83148640446643,87.736
25.17343626508061,1.7325789642897336,384.80013854098286,3.6161034282921927,382.4989418473051,35.317
41.18855343491279,0.731931959771459,486.01077475297814,14.464050767766937,542.5129857872819,0.0
58.97404212938245,3.7209602710422978,486.90551269319724,17.877690629166377,527.146807388552,0.0
2.1266317174213243,0.8963147193066666,499.5255101715032,20.18640458372278,374.1310637635429,0.0
78.69896822808573,3.1106660266085,447.32543138359216,1.1189464127083066,476.7276319740385,36.397
18.37113887018492,2.5191318671813425,344.90015367416186,11.030646941311224,457.7110866726441,38.821
39.73019485598411,3.5740084533114067,441.2573017201239,18.71038013816007,530.3861794496248,0.0
81.63120479941351,1.6725693325016278,353.2298216521807,0.8998284201566612,430.56942252953974,0.917
67.60239168417665,0.5253866118629479,419.21922177334204,23.38326993474875,482.6346977607596,12.791
35.4008567747342,1.332515001580299,408.1427376419955,17.35444066368888,480.91998855408775,0.003
80.44452316197216,1.1021931249632693,471.7704474888677,4.014970098090589,463.66851309748165,56.935
63.827784891831826,1.8624572360432086,459.34026489802363,21.52279157683974,493.6062103525665,0.0
5.172214618763343,3.078394027040038,460.8606764337758,5.640285170576131,375.53368748721226,81.771
11.975170779332469,2.858965837047738,445.65473928311445,16.008308208801058,390.4611858868942,78.796
14.519073000743083,3.499437023448361,352.6723795633889,19.37838129381871,540.815821060674,0.0
39.90135495018854,3.076074498775955,411.56960563443,10.179349115500528,506.3972840871172,0.0
58.885742008102156,4.052302543854192,458.672180917869,25.54126324024519,544.3713894874259,0.0
28.10885355892919,3.0042997293975215,461.2621194166341,21.79363928145518,557.7162932599786,0.0
60.46819362599404,2.35655188925657,364.86142822182927,2.1428294710401525,478.0779700036477,6.476
11.553756810115784,4.139205235429868,498.8834844365117,8.36253640296938,390.4336603057021,0.0
35.113407274272696,1.5182003759490486,354.9664171051342,11.280849151208871,397.75668897296123,43.593
22.700942469545097,1.9196981732106462,428.6860786869185,2.7711095821303546,401.4688917772536,75.685
42.62484199919235,3.1409728200736655,411.5016984822764,16.212527989409352,361.07010792437586,67.706
60.479945468186195,3.554590791104298,436.4967657884382,14.964672916061577,470.53697656135046,0.0
5.092267062743529,1.4346059651966967,392.77051015603354,4.937223071870086,397.5195536803026,91.558
72.34120120471518,0.48919164936730575,371.0005633174352,24.399244517853603,397.77952481259285,63.504
29.462056191909568,0.5782285251447248,411.01533240578885,16.56672248008545,395.57701808377584,90.9
19.240809152391833,1.7388683741769349,392.68516324428754,22.85317830600021,521.8185679550066,0.0
1.9063815106109414,1.0708138458614482,500.5621438851919,1.188207890373739,454.01232552737997,0.0
5.149748372953535,1.430516675316789,475.13583711267665,19.638349913962518,477.23561820439033,0.0
57.811720466171856,3.507898072897919,392.1698412319776,9.301880665179501,473.06138756366727,63.995
45.39384350050516,1.2551375119447847,372.3155005589871,6.494317888607025,432.36796228176655,37.741
28.394940866568298,2.557906995368127,443.6877496050838,9.847413168158372,460.7777058252127,0.0
31.410182779349142,2.331950955229596,455.3578190492579,17.966896953982463,516.1374182241137,0.0
76.6977493088528,3.3824182960183173,453.19865210939633,17.29572175033605,510.06059038353465,0.0
15.77402161326232,2.4956677281067385,437.95029338563415,1.7405968426710987,428.73427413573035,80.397
76.68142864913447,2.5323324268231246,440.1990805146323,17.94878084412231,445.68154223333465,67.165
23.5049063052209,2.6500873423789533,482.8498105042462,6.930829371993894,463.599467931331,0.0
74.43621807820992,3.1595928338806694,405.93161942813754,15.49889750411064,537.5929230395404,0.0
20.54586880255365,3.044705771342771,500.17184125283086,6.029387874576512,449.43066166335745,0.0
27.491065418381602,2.18117354940076,356.3468998631574,25.573867326627994,413.2456503048604,89.242
19.17557366947605,3.8205319458008686,476.24700686108173,14.447881623314759,353.8096399520369,81.137
62.908587741111255,2.121377236403921,433.2101892818063,9.598358170128025,368.47192785835,76.992
72.84075853178486,3.5047762100862543,476.4699750375221,1.7627483744413,516.9184079381976,69.998
34.387378009691965,1.102786639933563,435.64963769559324,25.28684509654413,535.26314769422,0.0
11.421265044338085,2.132512477754171,420.5320457617277,19.454723681705694,400.2180481512486,68.802
13.864126374962215,3.1869866475206816,417.7737935374006,22.241795350160004,520.2966825626509,0.0
49.94090726526743,0.72674705200629,429.10103794648853,9.41427404386192,515.4702137101156,22.11
80.85320008800942,2.664593733254358,441.8734775820897,23.46412169196443,425.4316787651327,76.381
18.8248546425993,3.7979440804720404,372.99715403070616,7.3330910942493785,349.6420758900108,31.745
21.10598512540718,2.1605898872154974,371.73354309608,3.4132140174182846,452.4849088429398,46.148
32.085304594857185,1.1628194752177783,365.23214334893447,19.835499068486378,346.1953694863378,37.999
13.503379443612483,2.239088345605268,439.28112793562656,8.465009785986616,425.12550447083936,0.763
42.98599278026519,1.6870567025605743,492.1206867018281,19.696270615026542,348.31413667656017,0.001
51.112157349588266,3.327565816183784,452.7397735122988,4.756417764260157,525.1720893449632,59.796
37.24177911031391,2.4601620824780785,505.4206781044268,22.48277382738569,469.3401225582572,0.0
67.77196040914878,0.8167472637374824,403.12269076088035,4.39185673736593,425.2087005226465,40.514
49.02617470735466,3.3793167709478005,395.4793167179499,20.67071736334955,531.9457074560019,0.0
56.676609029139144,2.3668210999483983,403.5446546844841,15.301892398456264,497.30205613262456,17.224
32.83229119195367,1.1367105976613292,436.02784184438815,13.182887797353096,485.6987020468864,0.001
68.18652077123745,1.545749352818412,466.986082180116,24.419543790667394,444.18833049063494,0.0
2.392966270709647,1.6224991557202295,389.7059944090969,8.87394380778171,461.53725467627055,0.0
49.75999337637074,3.412345880397456,470.0285749498209,1.545619041516198,361.20314414997597,68.505
59.70101825958766,3.774719621856825,501.2577239729593,4.061542444436291,351.409366464081,0.0
79.57107419701768,3.0661508635519157,437.35159590310633,10.913418499816364,455.64216721081704,84.057
50.82139475990538,3.727454771278186,474.2766592297496,12.881532494616721,429.8478911164797,0.0
3.216138242426444,3.3292971467579617,503.33955304249207,4.568214109737051,505.3795307697508,0.0
58.0799347042248,2.2332486370948375,381.16204360748776,14.470258446593022,401.5998587195312,53.82
58.4133692988851,2.5804144683062886,375.5755385625695,0.9833390133575328,344.01170432559906,3.691
31.540894444225025,3.4351799149988493,376.46444942634196,1.4797655308828381,369.9094742754882,9.842
65.4376237157143,0.656633394004295,364.343430132712,6.858137588273787,393.75133497650944,16.293
4.061477100868524,2.0200329379648254,384.8695500700884,20.49729588606611,468.88343346711054,0.0
67.35350062471134,3.5963361644264635,399.19317465276697,7.7434276730318095,433.7964661514654,47.12
26.040952905587645,3.9854596820106094,373.1073006916669,15.835999986158434,377.3959983424009,59.921
10.773207410201541,3.475144928816117,481.1267902838478,17.2049661124495,456.0685762221303,0.0
30.36198643665969,3.376478808576026,406.23221994452655,5.647824310838267,541.2912442061248,65.912
19.799086639419215,2.825545330897619,381.5625160402665,20.4039350822895,351.37725627799813,60.815
51.50681588394627,3.455536937716077,497.06227067342843,20.272677593784326,407.29103138848035,0.0
17.174710393493093,1.4880741891435898,439.7428352169509,17.302390712014105,355.8700063243187,91.488
52.11974696922694,1.0057724167598785,442.75476024373353,23.85765525956027,487.681762528204,0.0
80.61208319735114,3.0198816969157223,396.42493484739725,16.824907456346097,550.7518108425231,0.0
75.17424080214637,2.2688637041626363,382.619884530347,8.096750285153352,342.850348775071,20.964
9.739987670229265,3.9899407543590724,447.15761494114173,2.9969427975376997,552.1139272593653,0.0
61.177603306477884,1.8706231427910285,444.8112983036935,14.660652303670982,496.0325019783012,0.0
28.67078281324669,1.8850904471790346,422.06823357065105,22.434357010937653,463.2263302344016,0.0
6.157514547522022,1.8295275663244452,420.50622572960276,23.6891640689253,546.1263764156749,0.0
33.509175572289955,0.9663985829134143,396.4898263592746,18.961097963871236,433.27058526049314,72.115
17.817797113424497,2.1117560547403174,419.94980078400016,9.985038074643969,444.7394286260701,0.012
29.52809021774241,2.8804535327142466,500.0050362194197,3.8754230407827794,446.88583316500075,0.0
8.250234029419271,0.5796465452819085,437.3989894886289,24.393920238999648,552.9562290520604,0.0
33.02605064267091,2.8836600533721324,503.97132282543305,25.206406325958863,470.96253901729574,0.0
52.76409397474617,1.9839150689263714,488.6690579017687,16.87000177221903,539.7639891430338,0.0
48.52483913040996,2.5349863025637847,404.7329601340785,17.651072327074864,493.5500777355294,0.0
70.55448080037964,0.937508684401091,494.9070181539625,17.782094254925617,420.73227727337735,0.0
61.19392090673711,3.1889872352475725,505.7106660145158,5.629479079484026,458.1469205677867,0.0
58.63138610346708,2.165714763371954,477.26006470978365,9.029509734717735,423.5704584336907,0.0
39.38842784965589,1.6893953175270715,423.0532656344385,21.747143353623674,409.32765113633616,84.399
62.559189944242334,3.5216018853019366,493.52792659982487,16.676567291649736,498.22412050556875,0.0
1.8668682104253997,1.4923885432049637,430.2516425749932,24.8255459961475,513.8528873111849,0.0
78.75917938209714,2.6730503006917905,478.59171157282094,2.3745778639985637,444.27039583545644,71.587
56.48983844335115,0.8299114761928764,420.84871756818217,9.643933115598163,489.35205844522466,73.924
59.80396614384786,1.4256303953271074,408.9827883690306,20.315177294279092,382.0010521714364,80.74
35.57254945842978,0.9222670820896965,364.9579004690674,11.784894708616758,373.485004872894,40.064
55.8985436405382,3.826567466394036,348.40490263197046,2.6621888936866185,459.6270022248465,4.273
20.118951281826504,2.9549919110942593,409.662114554807,25.267206631579974,526.5105038723453,0.0
9.541829686904755,3.1308665336301864,352.26522990875134,16.420061225343517,449.3357895378497,0.0
34.453825502413416,3.983828487004418,370.46623071208256,18.916836137211444,554.2780522086914,0.0
57.64828545681126,2.4993277953103776,442.9944447210417,8.704337746497842,378.00795884782093,82.567
61.880862785199554,1.7569445159999453,398.8816046822612,23.850980655594494,392.49421598722233,80.148
42.28069896834989,3.571172814451849,356.0477666941071,24.733755176914304,402.08149581987993,71.08
1.770720729761698,3.975052349227176,469.02219609227825,16.914959612869936,507.15611607394,0.0
81.08237914183347,1.2410216842111623,505.5668678961625,26.060977011994694,502.7389633749695,0.0
71.55442963386646,0.9826547197426395,383.47061446346237,24.76855597355271,461.0481048537528,82.615
77.45222376532297,3.790429356829745,427.97620634999464,25.511742349299986,398.7914913960328,85.882
31.58466043147793,1.7964454469964526,398.5879204273157,7.322792986239049,549.4024985248311,0.001
75.30528391068901,2.792056208710325,436.2214308001906,25.877682754472104,360.8642723555491,84.421
75.8532237190977,2.889155103207943,476.9711256304249,20.53350828197625,497.04351940471867,0.0
12.950651823742392,2.318050630873605,490.3386905763549,14.275812014908594,381.43556179324565,0.0
65.28413336760407,2.3747901083734297,376.5400266147196,7.820036898167125,486.0535851507482,44.048
5.920086765631964,3.6956119409999553,370.52390004952474,11.356678405230154,377.3216202082243,94.675
39.352483453119966,3.1923933089208965,385.4778743969877,6.524349081913726,387.46194494302256,37.122
56.271967111400265,1.7707999431723311,373.95381499113756,25.192223572432553,524.6446413698695,0.0
64.58189390716642,2.2573566606635516,465.13365015895573,22.223111982679377,536.4571913644379,0.0
53.55298432780658,4.028280716162195,425.92185316814886,17.904706234322934,537.6411910317286,0.0
45.428817579585626,0.5768870536039239,392.46326672659364,21.30606698744179,554.0915888296596,0.0
26.591167122521796,1.6054438305802128,505.2970311439261,21.75566908665021,423.8515077904442,0.0
23.40231957433194,0.8048627370674004,496.00875741940354,21.00282601168436,352.6331155323045,0.0
72.21237564309659,1.3220390979138479,372.4246882947481,11.692866052910592,413.38354825504507,36.998
72.98672379883374,3.8802714510702137,488.0769363295417,17.27518366702846,436.23161884471136,0.0
79.31535688247118,2.143336479540066,457.2072535259963,9.404278037919974,359.5977149136134,83.359
66.12264363487122,1.808859223950622,486.5009178744715,4.625933852622635,530.6748796391394,0.0
9.785183135469689,0.6357668291274257,418.03502879287004,4.862044119735289,472.1643956505684,2.197
68.42025800386128,1.4730585288169005,428.81767798711644,15.062319468589267,508.45819557821176,0.32
76.42304244484387,2.9463813418805684,457.2495525904602,15.043198596161524,349.15843436966435,85.748
75.19487263395996,1.1683507421450607,476.89483329887696,4.938701612182935,455.0529360099292,18.777
75.4977221991075,1.5275422160267356,421.7926705442785,22.275168780939847,411.26353964892934,88.621
69.57126464934349,3.209288387407091,369.66097767845577,15.333769126247464,394.95241917702293,34.797
44.52414538901904,4.034267947139812,468.75699884713583,1.7695764904304958,477.5892871477449,74.139
66.01772591382525,0.5595718943994834,425.5103778116429,3.114456784181086,503.04270080496104,62.125
52.34777958484813,2.6714306349310073,372.482811321313,18.257922305960875,519.6475074472685,0.0
30.48053656734688,3.026678126061846,438.5817960215355,1.0286837429281506,383.98468349247975,47.253
63.25470255570072,4.069889732391787,454.5402343920321,24.620821138850943,531.7704398137178,0.0
60.59628403443432,3.4908442320634023,466.5069858060183,15.21824447096604,467.0047830178861,0.0
25.029331039513096,3.9554874015933024,345.180704661695,8.345197586294216,396.9217303864734,32.74
82.81697389477658,2.1820741599375864,470.6881983803438,20.86428642560725,446.7060581795387,0.0
77.89209597403834,1.6655118915954605,381.54160608719656,1.542798399064596,408.8416894563833,6.133
64.33360411329377,3.715335468080835,408.77494665896666,10.173889929662181,502.23560464239205,80.098
73.74165372314248,3.424947800029221,359.86271106880235,22.43758287372886,554.3391907562606,0.0
15.995599562418096,3.166114794109315,423.0233707708555,24.681338505648302,482.48519730486674,0.0
75.70819448915195,3.12080662151822,416.1723518836157,2.256498787880982,426.6973799199149,27.846
57.1763207295563,0.41566345150586625,476.17586764819094,16.402512364988233,479.7561481773289,0.014
73.38868629890804,2.903306095182418,476.0659213743418,12.532216116002036,394.23598297916294,0.0
18.939904487228347,0.6720080979615006,358.6304203575205,12.035949039399439,546.4264378593597,0.0
33.967614355929506,2.477244904727231,400.0873478475916,14.128529677672281,500.94686754206793,0.0
83.06142438448708,2.9020008592000313,351.7588110562679,9.67708483886055,458.2209726662846,18.332
60.50614293651382,2.330621633207235,397.7779656211171,13.665754752748208,523.4720868486618,45.573
13.682414012075673,2.109722330560398,442.794250356759,17.334493880264535,372.29874308885405,90.017
36.978504155114294,0.7688048871174518,457.92904668760434,3.502944428270369,445.55136179559236,62.398
13.784484118265622,3.1228313199478914,448.69000254448986,19.791195025661693,552.8668383852083,0.0
8.881462175644423,0.6370670061226057,353.9478464704775,7.2132143672624895,504.02762983907576,0.0
6.31890895613934,2.913511347074726,392.63925188124745,24.655496719690085,451.4850748051473,0.0
78.91500840765774,1.5563264332703612,366.4856548824155,23.609402541546384,504.95232860724684,73.256
34.59324753560537,0.5817176376145301,440.8240728286147,8.624352585069914,505.65696582931946,1.23
72.38886195904912,1.051158807972028,481.3189041341029,2.1850029400466475,463.4176551916595,58.546
59.290276984991,3.3674553766974458,420.3885062265675,13.698141018327059,398.5149890383635,76.481
50.237056712163856,3.8119505143305172,469.27084188660785,13.188018181493407,527.5743446008671,0.0
33.54991100402887,0.6174239267753476,456.1093296315892,23.17183873733419,478.5548269748472,0.0
58.917211026557034,3.3555367039700426,413.48604097728503,19.125828326530215,365.89039244405757,67.566
75.69356609875607,1.596889084543058,502.45555605730135,24.529180715550915,476.45392914702995,0.0
44.1188090789474,0.5878933256364652,482.26210290487177,3.6081054174846123,554.6780631755427,0.201
57.28915185549062,1.3097722447177982,482.7269391861543,19.025527942262684,407.11269024463564,0.009
61.54939684985712,0.6941908341319764,411.29558600122664,19.166673182174257,422.82416868760697,87.819
43.57303238092556,2.4853346072420055,470.29831674349174,16.137831312724796,370.1126792002423,40.85
35.998891946009095,0.5044211845419694,502.98968373815967,1.5689631115456193,548.8666600501376,0.356
18.56678301276819,2.9507007724751317,358.32162655170936,6.2931223905744496,436.92206338058907,67.91
3.2295999189472337,2.7115728792159097,491.5921843243278,16.12740286656868,394.8788729738108,0.0
22.96342390118008,2.231008016035444,362.675114771965,18.985061192000337,545.4261241371837,0.0
81.51985125070138,3.2367108045879887,375.8141751857241,2.0424166374192527,383.023544147765,5.66
56.704880512480734,1.248744977779468,420.7305989298169,17.044754706033544,456.02535503976713,61.481
4.21625365752667,2.627045137248492,499.9346884878936,12.503598064210864,387.34366304310925,0.0
53.077943874197416,4.080663787408441,421.5126082264296,19.15351420848263,475.70619975121156,0.0
55.43675377294247,2.0975784388531538,346.73216928860154,18.840457324351082,506.240848831497,74.702
66.97734488632166,0.7664287153180491,418.91262718346337,14.146387627234128,508.64715759201994,35.488
58.37534648277828,0.666608083799461,481.0614049589375,7.033170211617689,551.7290233608671,0.0
48.67341423457569,0.35300234117648593,483.5119212680172,11.208274877538633,448.0653863611043,0.503
50.97943397984125,3.4391609274007875,385.3525124112608,25.729139099876665,444.43141171599933,84.735
3.9326944516918263,1.4627069795916996,444.4060988471533,12.065768377618099,394.0726686006272,62.294
52.21464579260317,3.25974212572814,463.7888585388947,24.90244629589664,427.0614780766156,0.0
17.02381348250954,0.5119767007952283,440.52494989108806,4.307373575323237,482.66235603851726,11.716
38.09515276885626,1.5825083148148607,484.5621061605913,20.87298514785931,464.60251059546147,0.0
21.56115082287871,3.87595679282216,415.7653216545784,13.031815902331104,357.33356453100987,72.944
56.48214232102485,1.2633094538534435,449.5355815563147,19.291838212515703,424.6655268822441,34.691
33.705386753029074,0.6476095749221125,400.7537009018589,21.684151071544832,350.5760148621998,73.263
79.66059359461315,3.4628006089956647,455.0655513807854,25.363285632392596,343.78856329060847,86.369
72.74566651044033,3.431174198370016,498.9443314147918,24.321925889965335,516.3225526789491,0.0
20.144150393102237,3.8870888515552133,416.5725178708913,4.609099944976227,538.3392687562094,0.0
15.250405009195376,3.517385463039,428.27415718668766,6.9208049445388165,388.05807411381727,88.678
42.903523187145666,1.6026269360645564,419.10509426145404,18.599446494336192,501.97912097527694,0.0
69.84021208430282,2.488941024194324,393.8708508094871,21.932159204060415,531.2321676304614,0.0
7.784319811570219,2.014713226978915,351.97466459560485,23.230886212643398,429.1254422414121,0.025
72.64118998495391,3.0026317531012197,499.41449963788864,19.723921133249465,470.2776613858673,0.0
39.78629917645721,2.85525179731801,421.0145768126829,16.11463243893436,456.4544804812251,0.0
66.50232839268273,3.7069448549334734,434.3540453705145,15.641277271354722,532.1999719180718,0.0
18.431712850723216,0.5064497283030284,494.0256121292593,23.86763976827147,372.24424744408907,0.083
46.01595738319263,1.069408528230377,497.41788535829096,24.428683498416763,390.63334995513515,0.0
30.093092260268563,3.9649877088121612,461.6930673167715,4.381905069011609,367.1824743437424,84.192
68.11747091977759,2.167037894459389,361.08018492477856,14.320404621828235,466.08631300696845,57.522
34.03036268639891,1.2240287111424903,344.9630830770188,16.078419557710873,472.70638190494043,65.549
45.048061381543796,2.9542805285345675,438.78570640084274,17.10568927552271,448.6979804456205,0.0
37.01260918529995,0.5024303248703123,412.86714830566035,24.499538204573774,437.9651436927803,38.977
43.868003615348265,1.9299927766861331,451.63404346054745,4.143076995970181,482.06066909392655,70.694
78.0602377811264,2.4625116592532263,495.282235310244,21.375752414420646,515.9522629025787,0.0
76.21932987524025,0.6461200216908661,379.3343172710951,22.3654644193308,422.1879867359981,77.137
43.205730149202815,2.222082166351467,368.1445883764888,8.211734738357231,511.73400226872747,73.682
71.74767914610435,1.5192619801784137,351.18429475135457,23.783396797338572,506.3365146778257,70.185
55.03590060152224,1.077481229918637,470.64789283740737,24.58697961987361,440.18824851017956,0.023
71.0603443524107,1.7869411476660937,402.4687263715043,9.357204123394327,466.40490042240845,69.829
76.94333485718258,1.5431124370994813,432.0631883553179,15.341495714250996,494.03845589126195,15.034
38.4464580022702,0.9393388741320567,400.48750579483755,10.795083005623221,547.6655102826174,0.012
10.744555057708805,3.359737765284247,465.9963971747542,18.541890333995987,394.0561597711985,6.83
45.814843530266884,1.8251325180702986,460.7503651957593,8.83941722440481,484.4969682460213,0.0
33.132905605542035,1.7009653948377865,350.0177417615691,15.891427219308673,556.3746895949303,0.0
27.462029529245505,2.8183570742445454,365.4995316489041,14.37861621200389,427.2641984405543,87.786
8.489304564506714,2.9393710141527545,461.95858727732315,9.411871184893073,362.39889965772386,86.719
59.874559466439884,0.5310504891924623,407.96692316752683,21.046908278758952,393.41284440188576,87.717
43.18531058572153,2.445400499421072,428.3090782342784,6.878004402420309,344.4714185802975,67.388
45.17265152488559,3.4720871522638213,465.64562151992845,6.502940870237566,490.4681167701318,0.0
1.945481562277712,3.4453743611958627,359.82592112002425,24.863225962151397,367.2250680278471,85.646
31.215352393590223,2.7599781598095934,393.54841702345124,25.80985423532534,410.407502571999,88.881
43.842720340997516,1.9678885499750804,464.88535129882064,2.2179014572047455,363.2771898960256,77.18
11.937096251168684,1.028275305521694,377.3955003669334,24.021922998305325,430.2572831191577,3.827
69.33510715717352,0.4312600350227396,402.58206169792805,13.343211609813318,493.2700565935555,80.105
55.94990808251388,2.0183197779701527,468.40691421151666,1.8478488557406862,432.6532342562617,73.35
46.422974829570535,3.0290474234096174,386.13087341240896,15.786808316047901,423.52747391904677,77.283
35.792904161688426,0.6256322224647343,388.91355105556556,10.639784931165993,353.89256710996676,50.311
70.72896908459478,0.41976623430022486,425.31377565342916,6.664770375972663,385.19397144292026,71.733
80.7253724824806,2.3835121869833036,363.7369475843564,16.31842524631687,371.3104984737153,22.887
62.49512883427034,1.365193238862025,479.182055336565,19.6731968067395,540.4393240341004,0.0
2.592046750288911,2.055805182360288,446.5966935233998,14.263415430295282,501.7781631528162,0.0
16.463081307647347,0.3695991292909356,355.96937402236415,20.735973915570263,364.3330927309319,77.829
53.483121984600714,1.9239850606003563,355.68744200307174,22.964058440618288,486.7240769978671,17.845
13.104242535033903,2.6011245050464677,497.2892162237815,1.6759868867602947,486.65878392932564,0.0
16.696203363773705,3.3725348767197167,362.1012108155869,11.42086396365577,440.60484591948966,67.518
76.23299590101105,3.995300284206124,502.7271877466152,9.3463933578919,464.55235189693735,0.0
59.018041445619616,3.3257696780925334,367.90418851039266,5.181906096444527,429.0806586854761,17.002
60.81995208378493,1.178278575211411,407.67506051002675,13.265470904308145,454.2866346160284,86.16
19.791099635653694,1.8487932845534876,460.7170341693116,5.037513382540764,468.2666726149911,0.0
52.960357048818395,2.5159815420879075,488.27998711731504,8.853943871316309,392.3540289319466,0.0
25.91221286308199,2.524101455846616,384.24577615118693,18.2653328045431,506.5145123504018,0.0
72.91507219136653,2.5864876079123893,423.46153233583306,18.027876982333925,458.288928354839,81.228
55.3570981456754,2.9500108855230724,412.15263488062965,22.557758448592335,521.8586798281428,0.0
38.543963738138785,1.0221294855396152,469.840410130444,22.33093534439485,386.89679023427396,23.131
68.15053340831106,2.4172435969327077,435.9142709966716,14.150441606673025,437.7226727022267,84.103
51.03759103807885,0.9058858637577418,480.61883090947856,24.944602623848837,382.9891774001982,4.833
24.326977931469095,1.7488757619598254,431.40074300227985,7.397171970670958,366.0553233970206,85.799
64.2741848709218,1.6900859008604132,448.3372884184268,15.674239107668278,517.2607198878165,0.0
15.376356559276104,1.0167942337158484,417.52355276102804,17.844144398549783,418.7722664473255,41.272
59.50313271452129,2.438707999670306,484.1676161544059,18.399235017485882,424.5332075628736,0.0
2.0140636110507995,3.4701674634319244,367.5837571307525,20.23271181570776,379.52347257178917,68.934
8.44769609829724,1.544560488615399,375.04283251555086,7.567983143141631,358.0343627397033,64.16
76.14243188571793,3.4689935701951136,489.9716839693719,21.202449255908817,404.7457966081748,0.0
57.060310762776204,2.987678335850421,453.5394234729997,25.119004700417555,495.0948337725394,0.0
29.49092521066577,2.5146500528280087,453.7100543810979,21.586478966951347,435.02539462210217,0.0
79.70528206960783,2.13445577507586,497.7555027507193,5.087179654360696,425.8626019408414,0.0
66.20238827648369,2.804031856225371,492.76183352410465,4.8383329377691995,424.11975890850374,0.0
28.162083295284475,2.280701100930495,472.53651163695474,6.579816016392678,387.3727512713578,0.067
8.792587318731584,2.884481052297027,415.90462790344856,15.58366423190821,473.107612718117,0.0
58.80236511530425,1.814632406709813,505.3307267971731,20.517905344695155,504.6440451873128,0.0
46.66984120717002,2.288506467136667,395.68366963228186,3.5045138091247274,553.3013966841254,51.28
8.40014586981518,0.5665378497585423,456.7097382657126,15.005986012430531,364.8230492055335,72.04
19.489520865058445,3.886677609836169,419.5841106275865,8.923597843743233,364.0415968591748,74.444
30.583213503619312,3.442420087533439,388.3866662387339,10.077346339740394,482.3191354282165,78.954
36.49300254305299,1.5847736189370911,499.11700733098326,13.637284843382869,462.63082966375845,0.0
30.738640357744657,3.397288615923207,422.2303992212787,15.020438841153894,452.9628386314769,0.0
5.65811258976171,2.93599351134642,402.92638459219785,12.872499391202993,344.9074727334069,81.73
27.335772213607505,2.541789188680373,489.541165720039,3.3345061919021513,392.7761191729019,0.0
77.51971115753395,1.7206206845817604,445.91418847373154,20.344371381760535,486.2274136825855,0.0
43.37723340404649,1.005049469807017,467.72997222410936,3.405164623496967,357.40593348436005,72.715
19.65665450401066,3.305580858030669,389.90912917790456,3.3572259748671502,383.93397066631064,40.281
81.411822915801,3.6048766346664256,383.98060636884287,19.391986445637016,474.94521292459365,77.746
56.33253262286114,3.6897395090468437,480.5696977219452,1.6054121611485765,409.91503761595015,72.173
3.847609208504812,2.2723760748516497,450.9758509180798,4.8107900834701685,408.2898423183395,13.616
47.384994342170245,2.1729411027365373,491.2152030126739,9.711278976226255,412.68831245334826,0.0
12.13043021643488,1.3739473774314566,393.4001264444703,16.79724598160773,467.1818433145115,0.0
37.298171452521956,1.5492706275531534,407.48147643610275,2.1570701849872336,395.9332428684712,36.587
55.24015093883602,1.6686091805670618,383.00921874210076,8.27421781480788,548.9457755466578,79.998
78.22671077762517,2.321146350675157,456.279694529439,10.89358524300614,438.6118028388692,62.054
10.154566314278345,3.801962757496614,398.0860530174471,11.351846698831757,456.350923653186,0.0
16.757939183466753,2.371995878732286,426.574539179159,1.3176510327712703,386.3985281448879,59.015
49.65431014148334,3.0866945334318343,471.29711671157355,15.877555921341509,450.66183981453526,0.0
75.27277331102395,1.183383577859122,464.785013955163,15.94054456484042,528.7916812611315,0.0
74.50817283520952,0.9493003297583648,454.4881291958134,12.444984049111495,420.3325713575389,60.318
16.017130077409703,3.86783218017485,471.42241670806044,13.336933743174235,465.64006885743527,0.0
45.793341975315265,3.5913470011123976,478.43510738714633,12.216860531803873,535.2087174951503,0.0
62.553164597031255,2.960071586827111,386.3371171266166,3.5101675063757316,530.4994815712461,27.232
65.87723162659563,1.2228784646914947,443.11575871796936,23.249720626668452,466.97807314185053,0.143
41.994870717661385,2.101505616691643,495.8673963188052,1.793247694805814,388.88934653063984,0.001
57.476758157560866,3.100610302521864,415.43782366241084,11.36792999370563,504.2273642517198,77.986
10.346436129357638,3.341813964220298,400.5973167957154,2.147952787515459,554.2938315325097,0.0
3.4610602000926933,0.45946447841713955,406.71172418789854,20.09574661640606,466.1595213093567,0.0
10.53638810444485,3.411378912236869,433.4148509553287,5.5256596200418295,433.524636673191,0.0
75.04258637853307,0.9201278622371706,495.4507039067649,14.418340888583929,470.7556775005859,0.0
47.06766524228132,1.227854237567133,389.0214088377119,15.141983604464713,437.34691669572925,87.347
21.64228821552875,4.0765301637956295,360.6827558544,24.07514368398956,475.11364017695007,0.0
23.252951234464085,0.8153650237063044,470.73487228263707,9.863807709269695,468.4154850106814,0.0
55.184897824640764,3.2354767085146583,374.02930509752184,16.68092435234639,479.91443232650454,85.745
25.857259673777918,0.9682653870509872,481.6463573575387,17.067258251386654,530.7359131785142,0.0
9.749505885877708,2.9347828410767964,346.41670702943344,6.370306761232929,450.8319553490478,33.133
30.512015457065367,3.979194416824774,463.0365790981866,25.864493429307412,418.6151879630625,0.0
33.2920411613597,3.318227118211718,456.43942143848324,21.577364658186724,501.4535076659067,0.0
11.183493439104446,3.9919033060899682,386.9285395762041,16.842298958893192,375.8244321914276,92.05
65.04264284330318,0.42616305245417235,454.23145516337024,9.751864775223542,402.21557566959257,69.497
26.516543507307347,2.1908167519944413,351.03623722259556,24.107558286770796,431.51690380502265,45.321
3.269475889361038,0.9530335342884678,443.4400029949761,3.459003966210794,432.57381334374077,3.515
36.89319212072883,0.6469764383776941,499.7116870896463,18.496482683311744,533.2327874161356,0.0
57.07670043869669,1.4771066596273084,481.9863794493815,19.92111524078805,450.4849049772695,0.0
47.0367002343062,1.417091800236129,355.8565597471268,8.292485791283049,380.5473726193379,18.351
30.904664479547087,2.935402844262674,427.7604534740174,18.30405610127261,498.01585673316913,0.0
45.68469627321301,2.4020578811469226,403.6760221523755,5.839865314268517,429.5405246284033,58.329
27.150377818627213,2.8373330759509097,474.1382593444186,22.965999520471684,371.2395563068042,5.799
58.84157451463296,0.9841816885075753,459.2504326189266,11.927914139166539,370.3508933030739,73.108
67.51202538492659,3.658090457372434,479.13924552184363,16.622773372899353,438.5470330171777,0.0
55.44910775223467,0.6918074975724395,355.69607763663726,25.814932503470146,512.672212661354,0.333
65.61315727579071,3.806397396310775,493.0514029104083,4.69577603128054,554.8860627038118,0.0
15.82700654907111,1.4840288448959043,383.07273949086203,1.0265560170470587,411.65212390003,20.554
69.8556973490049,1.0857512964472766,455.14315719031464,14.891628971315763,344.52167863622867,83.973
57.34409466137594,3.324006749848164,423.55823527063217,13.425251570584525,463.0611812305962,85.024
68.0927208065715,3.9604125270480743,446.45283088093055,19.803467578866478,399.6041705354409,88.616
60.77241232602176,3.4091848784927175,438.3489041936063,7.058663657891007,437.5704007003362,79.381
44.951380539187646,3.637479622205216,401.4487351396515,13.00508769596317,485.58754396279727,77.505
59.13986465548151,2.6495255722008717,402.660897636854,19.27733611601575,445.6205499097533,88.133
23.77489098958163,2.3442282136235324,375.45600863071,20.760994984918852,395.54525531469966,91.389
59.998907984275604,0.7302047841921382,448.29411183380677,14.172584308880607,395.88158316158524,75.421
45.52326314096377,0.7151165185590309,376.0886597870575,4.736390846486787,483.17157274151754,41.069
54.39625853021749,0.8293941974949088,412.4167051887318,20.71621637793241,485.9429217210836,2.748
19.57419267577643,3.9518018137960755,347.09673843616247,16.34895902810537,504.00191307631,0.0
52.44406679664893,3.8811922617315493,442.66609801909385,15.446459394327077,411.4249765564974,88.532
15.643180721584333,3.1769204360683196,447.214012141623,6.651591991305659,448.5767810900027,0.0
68.93427846594102,0.44016603296646906,495.71531515789303,19.558708861667128,467.3649262601553,0.0
34.272620718589636,3.9118166988193033,484.46000518993367,7.635145828870984,381.3933174610284,0.0
27.8337601500552,2.4589876747716763,350.5104834603349,11.882444828862944,506.5670471530044,0.0
67.63544310798932,3.5617378919032086,409.5445473833981,10.743405036439633,533.7798811919611,83.263
62.42418029946548,4.13435619202679,350.54683058952287,17.36948222092648,472.73874002201234,64.395
11.295320201881934,0.6547935784256858,464.4130441491725,8.265239820050416,432.5254189067565,1.613
45.55199130684702,2.397043784983868,396.0267704540462,21.82195003116366,342.73209577790834,52.431
79.67906245993574,2.378092776589244,401.3215360310945,4.908941560511341,499.0757247186717,40.931
11.509356243888192,0.7572852943186217,445.92712880756096,19.323109969411938,543.6643379167342,0.0
79.14785964155702,2.899045682041813,436.67622720469524,3.0331557207989936,376.8324103950621,48.544
79.8869130703345,4.018440725397732,456.2488133011457,24.091687029890746,517.647822968875,0.0
75.23972998384338,3.5927348199806723,411.4407694101739,22.68640487583032,369.3384083523964,64.898
5.952288218033846,1.5618077101646772,378.9471425590392,14.615189763614705,466.0691721147539,0.0
57.09669294154888,4.07754605948775,470.9497531591188,24.15084567921339,517.3902127967078,0.0
29.798696631141425,2.1547791868311448,436.1768602717731,21.573135749501617,500.27409466962115,0.0
13.198320830972143,2.5936923845904953,436.05950861093135,19.9473952905971,509.97432460976836,0.0
56.08705327742451,1.606875321834352,458.83938469566965,24.64648409072827,393.8469693562023,50.756
69.26393116019801,3.04387165665329,479.502938145111,5.928581791524663,373.8246060567352,5.988
50.8805150120485,3.5784680581669823,454.8008872304664,13.783532981079507,547.8613721373497,0.0
36.586462814465946,3.327121767235086,378.7390132402346,9.583073512817869,400.96349162495966,49.444
26.491924053081426,3.731522767525323,432.52986503717295,9.305552484678893,527.3992728262758,0.0
8.59938403591839,0.7495965050209861,394.89989669133513,13.683115507841888,535.6673426897128,0.0
75.66586211704137,4.042931945307082,501.94483165060365,16.979497947865447,506.9444721163311,0.0
45.42263198595131,0.5568856329993849,448.4195914791678,4.044252930080629,419.1654138686888,79.591
35.68013671301636,2.5291860307336758,426.6630978155444,11.487137367001656,421.691435901881,87.978
36.532599636624106,2.869468556225942,428.7221466978825,13.775714261286005,507.74540764556616,0.0
47.30979049084931,0.6790710312708023,346.1542137445812,9.538172784396298,525.2912684226948,75.252
31.253422766224745,1.7906058112199674,475.7041639080949,16.87938862371073,380.9526204193976,0.5
74.74584654813862,3.2171883663122642,394.7044234950988,22.252837531994142,475.9595235817619,85.479
62.822393037066654,2.2991093216311618,477.37629666705664,20.077175707085853,388.7994661286706,0.0
73.03573658144558,1.9659560559390452,504.1171744984768,21.841848773191643,405.47732405506054,0.0
70.158289319394,3.124755175490526,456.8601721644442,5.125082749707804,367.8480645896513,76.672
20.442314784819125,1.788570474807142,498.3469592523728,8.983458321937592,398.63346912216355,0.0
23.495727536608612,2.449783606718248,402.1202489936851,18.051698977805863,385.2630741375954,90.447
81.53374509269433,2.339330315965701,491.2631843479729,12.69755093733286,504.2097986841413,0.0
11.564457824626873,1.4500536206785917,349.98773762947275,23.34171874118527,357.7103808685411,81.153
25.080042163343414,1.7952135934706743,369.9401607074924,19.070532511461906,423.70758520851444,83.195
5.84974908558356,3.5536085673990234,416.8155494667244,16.483779819096807,362.3283487355993,96.09
50.87101712161215,3.416898621756667,413.9765124828921,7.754686070128849,516.9640560392421,83.298
53.58049519439608,3.4665575272350257,484.51523225202993,5.56252241458421,512.3730169120131,0.0
24.12778943469729,1.4368201251634272,433.90132746163,3.401200253068623,430.1544947415531,84.433
78.5099760139965,3.7117586477960556,358.75974268069615,12.96820631207998,453.674733251506,33.319
80.968246229092,2.5083435350581476,442.7050774753646,17.024590327751692,385.0023119251416,86.539
59.902153869618765,2.2910173456779583,441.28466583845557,7.3892794696884705,349.8710249942287,76.071
11.444783809651433,2.632839167469791,439.2212374865091,17.238662209731565,555.4818539399427,0.0
23.802600568062097,3.9229384163650454,486.8399568599661,23.602603032018564,359.7642089420336,100.0
25.632625417519677,0.7116335519020671,405.15005003558605,6.807134452580666,538.135497848176,1.083
82.99149086432351,2.84817248904157,476.38759006391894,23.020245443050303,373.8742444762147,0.0
17.40135893542541,2.9560192060090764,446.52635544319594,3.782768261590454,557.1404603054086,0.0
71.31458001494332,3.230397818597755,365.8798171182336,14.888340948266602,483.1116137341041,63.28
45.96119704901558,3.5896468468176077,495.69590355243815,17.76194853500385,552.4370066463744,0.0
26.963018090420782,1.3468202487626875,362.4495867579087,3.2075404085326173,471.54849413771524,30.735
13.183908174635496,2.217285036404979,467.5668512621046,5.26709544005165,343.2947883082487,77.615
50.19162856055638,3.6866666674129926,495.1372988865902,6.09461759233168,362.91355776880204,0.0
45.72839187241947,0.35765199926405766,366.7232618556917,3.086104162430571,387.8128512746299,10.967
34.16306773169072,2.7083219979872197,472.4935132291811,5.564483356158615,453.72046981529144,0.0
79.52647533493754,1.3530765363788637,397.75297105670296,12.55946098897405,459.0666552608789,73.89
76.58103798818239,2.835372056378609,397.80461483397016,12.344990912289576,544.6212578143128,82.727
37.743593337294854,3.619166702056438,389.96427726009927,24.42384555595008,432.3071369543193,77.464
49.73707059899582,2.846141193621933,388.053448185611,22.93834927866961,388.10849886117336,71.364
41.96431377698393,2.2098025821304343,356.1605982402994,12.952486873531159,543.3634911822137,0.0
59.41802096417665,1.485397040761688,352.5560543618673,10.648543528259367,440.7807330161048,33.028
20.76858933258604,3.7463705525790503,353.70427040085264,5.902215760483204,531.3324033121198,81.894
57.69092795655251,2.8115711879370666,372.9081121550024,6.403018727190791,533.0040276735125,46.22
49.87388440632668,2.991860006776906,461.28558148057664,15.767949217510571,511.7667280953583,0.0
2.468877264455732,2.6946447832669964,502.5806853132196,4.480662186884325,537.0762837868906,0.0
33.91674677354709,2.774640897817833,387.6127746978354,21.053020481033855,417.59148544117375,90.9
53.34342174966407,4.089626379822571,444.0967498430208,10.506487290694379,526.0397415732739,0.0
50.661451499739655,2.2263307847624594,374.68623649137066,18.70746706361027,491.58825540936067,4.021
35.57224151652451,1.23383196730447,408.0761593634683,8.505417992871028,418.34981871264125,84.082
2.6288036287521503,3.852794908290012,490.26978269606286,14.634094735718564,458.11127863629713,0.0
78.55884173659334,3.6195973854335897,385.96552202618443,8.941291122614764,371.45589996571135,26.086
12.77535510208616,1.6427709975985572,431.20898596638375,23.988385710718525,540.5999833999426,0.0
71.2679005645195,3.3854176843540897,397.1988788634114,20.361407683173727,547.5535544442075,0.0
42.02226104860272,0.7523578674056041,357.38051023710875,17.44357958793718,542.245454110634,0.001
8.34720920396794,2.4501988294225816,443.999106205217,16.291070319152404,431.76010585019725,0.0
12.742099209471107,2.1565185738151897,464.5619590433922,19.137745587000296,357.49639728094434,87.664
50.71085495550722,1.8149964814598776,446.0845170414513,6.343134093816892,351.95255523625127,81.368
59.37146778067063,3.709628280475764,356.9768975103981,13.05550468355149,429.653336633433,36.989
12.543445248880099,0.7820458573179823,425.36527666158537,23.098129150755334,488.50640247875265,0.0
22.150093507920147,2.4722399550874474,440.20875976057204,11.290665322078755,444.8059602468812,0.0
35.21213617119552,3.978223606282868,428.3468108642801,21.59227844989598,555.1160165194226,0.0
74.72260874118052,1.249931344608581,375.77350638625063,6.425128116552063,481.35004036247744,30.709
9.020583839868891,1.4105946346858267,477.8485740666813,5.596118455806508,390.89951142981846,0.426
42.137290438267144,3.8834603568263546,420.00256645888237,17.654490142439027,497.4623303496044,0.0
74.81908752477877,2.480470041991362,394.3903761042129,14.102223687792476,346.95967115187227,38.765
42.915982224414336,0.9614187360138422,421.1343707958427,1.525493479329443,524.2811428447919,46.937
8.090696140861471,1.6524213729153674,443.17693127574535,21.758643893725136,556.321708685697,0.0
38.89293654131894,1.8681450324729023,492.7994005112579,20.105675592192885,513.0870588648143,0.0
50.00334176349807,2.822179019806818,489.1670500685576,8.12730058431824,450.3793118865922,0.0
80.8770006843435,0.857305523471923,366.63236720046353,8.683307055793932,536.0442679431226,45.626
77.43002603177722,4.114688993830676,416.72776647443845,3.612316866884833,466.2724515334535,38.489
60.57947179637154,2.896149971879467,415.7236873420071,5.859931925231255,450.6869127589065,61.651
72.92865077265921,3.9176970028450104,504.56899143889575,12.143434467443074,480.6613252007613,0.0
70.34482843819676,1.8503863846420083,459.7375401032825,2.4226891925658443,405.23544393362033,70.461
34.76268331660848,3.3878098105806855,411.7730154874154,20.976521526933666,364.77796466770627,76.53
21.152775872145277,1.9254655184364853,437.32439835860083,17.702632306869642,425.0300298092046,2.242
43.75667152339835,1.4657881142737037,477.52263311076365,12.084161041352347,524.0933069612784,0.0
52.613881431711484,0.8961707144010178,469.98114720606276,24.478528089808727,396.657373001692,16.09
48.41301812740441,1.6286760865799566,417.9516923532984,4.767464796278375,370.79291814835534,57.005
47.27404123074169,1.476652805162062,367.34440660337253,20.84393760987352,395.4937367125409,66.903
40.9457634841625,0.728466247194907,461.8270158440994,24.507943261041387,347.80907765059584,73.495
49.84625782354603,3.9137910116315524,408.4115096148178,14.922621413449253,468.3606486432774,85.395
12.902664994645953,3.8898909709141667,406.69275268623915,1.9312801605900944,516.2108967026702,78.846
70.50830934400047,3.6572457444031734,485.8657464776795,15.56565059770399,383.0592621351516,0.0
80.12455714265639,2.2636372996403495,426.3360095915592,10.254348841192801,384.5089704232745,70.318
19.514769462202523,0.6880895083346875,494.7109699972088,13.578189657937315,465.0907921738605,0.0
22.165904738627155,2.5667433662026715,399.6346326745976,10.837948550314529,468.21469816627837,0.0
38.00722330241808,3.6505763311693595,375.2754692244823,5.835645620555157,410.967801570811,31.892
2.7246197301879507,0.8239600601760513,424.44774779794403,2.5531100912719724,380.3130955068814,91.024
60.36086554850995,3.5796763370033085,444.8722513583506,19.037692355846946,481.59748682245663,0.0
9.40905553585263,3.4359553554730664,462.37485892534096,8.422211459701598,395.37018996481754,7.824
26.108644018243716,3.3994005661683637,438.419915891974,18.192610768083654,389.9046199694823,90.879
47.4735975375542,1.1874995056583966,428.58472584796,7.709597826052962,442.4825419427093,84.548
4.8989379137123485,2.2674295948507432,417.4722537888345,7.882027813152282,399.3305673602868,73.771
53.874969596406295,2.3574210650614282,364.0729805398813,2.543806302205922,444.7064341296924,7.98
54.79917587518521,1.7576848324285312,449.8807119184469,8.687300965676773,512.2327008234602,0.001
57.32904344659692,2.444009564059567,485.07739011429635,25.611730976453583,510.9090266428965,0.0
33.06926726669783,2.618507426040594,387.03778298094386,18.55934035077641,362.4868116588058,59.862
60.9479972833312,1.130265014871109,451.81229026734763,5.51958597943858,526.8868052310029,42.093
44.69481702704297,1.6546675991890556,422.6209953905318,24.61153990900597,418.3192831504989,75.55
58.357390008722675,3.131954465234383,426.2493297265533,24.11397623492301,351.16244328484447,75.741
3.864332147430544,0.37661416014077514,481.16790265621927,25.991079215482156,393.2778653844573,7.593
40.04380120602746,1.7644814262621558,400.9284189691281,1.923040854702855,518.6508699370836,35.318
51.56015863477762,0.3970029623565493,350.450452661966,14.437617714683174,540.7059903561437,53.31
9.653467133309046,0.5213815369863741,461.0454937583115,7.768779720185613,546.4750635623703,0.0
66.44155810437978,0.6365089368128549,446.2382174457403,5.511572802028505,461.1964991443721,77.506
40.733457124281315,2.6475298845566093,356.5374044346839,1.1430799277047798,537.1987787684656,3.857
17.935647147668632,1.2848885147199658,384.53868225331473,16.270835372594647,443.8563543325862,2.534
38.809629230860054,2.8342941567725832,384.2274619109849,20.90292029541131,402.49485574898296,83.386
40.96973478723177,1.3515230563892726,386.40214926237815,21.884282599756045,488.3619487438972,0.0
40.72135347131294,3.3863289645318817,411.33927971526555,25.18009276075509,378.8647455379179,84.284
72.97532257360804,3.748618306802003,361.75327134227587,13.177432978423392,442.0774260230577,35.811
37.4248641917874,3.9804573985289338,494.46656137327653,15.010299033691345,356.7182552077395,0.0
32.16295094965614,1.1242642893287988,464.30866486011956,7.105714368599292,480.37069208287903,0.006
15.596522121060985,3.6219911573644135,454.3431564602117,22.80974869796843,523.8100511671695,0.0
25.504504063222463,4.027644464694499,493.6353561788148,10.856211519489008,556.4350170983732,0.0
32.03025869474815,2.5023451423413547,385.15248137509906,2.485229613913643,512.4162234184934,36.626
17.781046820967937,1.1203642976375052,358.3067380558244,6.887914652925715,449.02679278026676,87.004
78.60195551473647,2.685223897471641,348.44799674075057,5.273749446315916,457.2029237976906,7.012
40.66071446662997,3.4290660433720306,408.49636943696925,15.955381345200804,405.64820748257864,84.297
5.01309872354095,3.3537514271588624,492.97536219969777,20.81245565461781,429.96230172847874,0.0
75.51556741631525,1.1437017404098193,360.8615905985629,4.118418493800092,518.133743259038,11.758
71.86534866989825,2.358212769318749,436.9568959035391,1.3701862053078098,382.4533502711834,34.43
73.50161951389308,2.2749604596288333,360.89011284491426,9.123739014239604,541.1766076000541,46.756
55.75903334067425,2.2914540670425265,478.40730762462437,1.1630585848914825,401.7818162195666,68.649
48.085576816424116,1.9344250472484146,407.71609739029316,12.540990740313573,539.6309170437338,0.0
12.390126342842038,2.185011932545947,408.799481658664,2.0441102582943325,463.6909745076292,80.247
77.24499746012343,3.2806482521086267,457.95925008738146,15.989289568734637,391.6846248461171,84.319
66.48813500386193,2.1062532498295874,433.5876573456413,8.013311772622295,405.05741792415705,78.494
12.655684102788303,3.915548403178533,380.6128882359696,12.180831361415255,413.75441872246523,86.204
81.96602817788596,1.4696439701600488,399.3856735411449,21.70874263387418,518.6366176297074,2.191
8.936005377913848,0.6576136047150192,421.18857027571335,17.312409388300438,441.0805322294928,0.295
43.64215513663214,3.5592052598967574,499.59942645890897,14.868979181442208,521.942126678353,0.0
59.340009888907105,1.0130987642744826,471.7348942699366,25.281312525675837,436.2577067685752,0.072
3.6595730073438806,2.292702836530197,390.2852963709539,13.941854097464097,519.8577711431577,0.0
76.35339162063102,1.107541417764099,433.13383810918367,10.141265638471458,539.1371246835049,35.726
40.14679137415166,2.002063984694882,381.19326363353605,16.428384133500185,548.3992524044656,0.0
38.60265119751073,2.8297383962169307,479.257995039046,4.051096682292248,536.1263079342891,0.0
14.441784277477618,0.9925287831949365,479.976606582983,1.8094605419357799,540.5271515101,0.0
78.63068423087965,2.4914089001493593,500.3268274876716,18.52975487950967,411.8061901582492,0.0
11.874732421044952,2.6548781396121144,417.34895508968884,24.895814205584465,424.8886381149663,0.0
5.247843913683749,1.1963334788170474,379.8346324502888,22.10880868844855,412.96809007434075,12.156
32.422654865294724,2.7815184865906253,429.66740509444645,4.793461267769284,451.6258472072048,83.53
55.41097129476084,1.3891181869924072,494.8418250382948,16.91312903435385,425.82080918860623,0.0
74.08015972535202,2.8532029895448483,408.371995145937,18.08268820624895,433.120665464729,82.333
46.04347650756385,0.6251056546093671,377.5067750097938,15.503641830590333,417.37534686022207,79.558
58.32146935083419,3.2838588936136177,455.17473205258676,4.1003269753359,528.9371773889126,76.706
44.26399604155792,1.828757979531232,353.7694502349046,7.132739939751825,474.64154747738047,38.92
52.24847482992979,3.2084618824087823,500.13285541325763,9.921919678228628,404.11301393497814,0.0
65.57966817170337,1.2461153488808985,355.44919262508176,17.737237320171715,350.6198473798062,18.493
48.29595203479457,2.248807843793627,348.33905858747517,10.13710885214602,496.31360870688695,60.637
33.357890498826784,0.9413334890769312,465.07692166953564,19.731229864101447,421.3692193130307,3.298
29.050725613694468,2.7393827016258134,375.1788893270421,6.221119264642313,505.0295409065459,80.21
73.02126954298251,2.5710483659878975,374.14678625418577,20.17006193059875,445.748975978656,72.543
11.816117817000267,3.0222386685007474,424.82533891774466,14.918915325729452,361.6425473768512,91.361
5.709287671881347,1.4907280409401111,470.3116278025832,16.5551561092478,360.4742771707302,100.0
20.632292440626962,1.8322043743358702,361.2804665241312,7.042323426102204,346.5813817091362,23.645
58.22448478485311,3.5203849114654915,416.32091185534574,13.052774872948987,442.3342658720113,83.543
54.43392051927364,3.350340905954941,477.38806936333776,6.821278672693202,529.2001680460105,0.0
64.49037618145549,1.7293906083259531,493.25935635556857,14.341080414085383,437.793817995582,0.0
9.281782194281213,3.1645151313071778,414.3342341157869,16.191920758935577,472.05842048688226,0.0
19.182242481835807,1.7589452750543,420.20801779935863,4.505242472514902,467.22050979971937,75.023
2.563920053359987,2.8630540642007363,348.96663449009947,7.4434655077771845,440.00901913448644,0.0
55.49521689590883,4.0711214953307815,467.0089143655472,9.705292017991697,514.9430207335608,0.0
33.19417929169456,3.6872974578810718,357.5469993113512,6.756137987154395,391.5750352271763,22.933
61.0595305544269,1.891071981276963,477.99370245975217,14.678793553151307,556.6014539785128,0.0
43.7141463567934,0.5128284643625746,391.57088469841636,17.05036898498065,419.9631659495252,89.218
7.5908300956168056,1.7891369017738064,408.3176020090764,4.855908169928515,459.93832267002205,0.0
37.13731863929624,3.2778313951845246,496.6770852868096,16.75975311966323,462.84714943116705,0.0
39.215783703950464,1.2742119803969505,450.25773618697156,1.7842412401391863,526.5259192191407,75.626
81.67452147546948,1.5811510394224886,399.0113149397449,18.146358594923083,372.59943051202066,57.72
26.82430781468748,3.913039982889764,456.31627548223645,8.511045755925698,443.4486586805069,0.0
81.02753365855004,3.37098967576077,405.7897169705231,10.915926027047613,395.310485737034,50.437
48.24948895700117,3.2961013814646227,452.4488947565611,2.4112950100938555,543.7195964394182,75.397
38.414305686066534,3.870673925440899,478.5365800005874,22.116400346518077,359.0768516419817,40.118
30.947883138887484,0.747049713062367,423.7678619378298,4.8914031719815885,492.6933091949516,72.723
26.5202586685646,1.7251180976188376,383.5673166351042,9.217693163017504,373.9211763362819,55.156
72.00999996906747,3.2694034512180914,395.16165626114685,21.97250678710695,451.06260384391254,86.096
12.270323711375738,1.2479709084194726,475.4493814027205,23.973412754255175,469.7402697354379,0.0
69.08985569346287,3.6149642248834595,504.0282737057633,2.0746163276918073,516.6699991388044,0.0
12.009515603841873,3.8894020483553846,491.78621096443266,7.892902488654179,508.7211959362237,0.0
34.7911348192073,1.8857793530628792,407.395427626749,24.787215864820368,379.46490058446835,89.836
29.6903516731619,1.3784605423915846,481.7316858456178,5.4943868563625236,536.6935138329562,0.0
23.197343590396187,2.881993900733189,450.06425717581067,16.988181264115255,462.656018655812,0.0
65.33765288450473,1.7106615809120864,372.18604086596685,10.510365971981686,508.005378992962,66.866
64.6481668450198,1.8161024757295494,462.79000882268446,15.07853985646535,537.1657798254981,0.0
40.88066008175469,3.2452298995185647,485.5944180645405,19.21668689272371,485.40340872817086,0.0
10.213737191311818,3.826797369040538,404.66475229092043,2.224220845487165,549.4228680573192,0.0
38.94784418156134,2.259521336631423,485.7852651268393,21.420536676359223,512.7131196089838,0.0
61.459523839399814,0.407565166157688,436.3938008161496,2.1600100302064402,403.9576702184151,56.907
44.70948093378485,0.6849761229189373,414.0673074136143,5.152846376804109,410.65363636464406,69.411
80.8356074231516,2.9720893231712937,482.70833884768535,25.70320650690238,405.8477703987316,0.0
43.54769824635097,1.5482108091451985,483.8937878748708,20.954998514456307,554.805083630711,0.0
10.318185555460964,2.6681351941203757,350.2780415012163,6.587018301909893,343.6788571039106,25.851
47.29545245978972,3.2004827586363715,392.49622201532105,12.263950996315398,492.11338236512404,85.078
54.573828030933306,0.9872078538608738,380.436320652566,11.812829098465139,352.3919466870343,33.896
52.084059146143915,3.055369129824011,455.27836150646243,13.163606550169389,475.89037293218223,0.0
43.05156232325835,0.5669605779898305,359.66316513186086,20.30901729241497,363.5554577408463,41.686
55.27358037859273,1.3793132626448954,412.77537336197196,15.108105463465435,429.3368720563441,87.877
36.45906441293005,0.3679074382859201,435.54782617890714,20.652091919505438,390.29148711174105,81.583
43.018039535135635,2.34497995267167,362.30230559868625,3.4965851963253973,523.3744789512949,22.528
72.63798029038499,1.2989181633083053,393.5750646466433,23.947761466384474,486.5634596832368,37.918
11.118646976807257,1.2552986345221098,392.5348493466798,15.082010918764693,374.4659931571528,93.798
41.07223071330906,2.01123444780987,376.6656738135938,26.02940323812081,479.42516638802397,0.0
63.42643937718942,1.095967551393183,389.770149999752,11.224050382208992,546.6716107047924,75.347
45.08045637782503,0.37943263721793874,394.48687508226703,12.669181561337078,346.78512220183495,52.932
7.153412738764625,3.527777934542271,465.204394242811,14.729968018944765,497.5319138626997,0.0
80.80347016465468,2.313516950682045,423.9082260214228,7.76311166989002,521.9640005086969,79.258
35.692426256316395,2.7530016383276155,414.5147222773133,25.646132902825165,390.34507795034176,92.324
18.550679139138524,0.634520923968596,420.74207033534356,17.86812893846039,456.7936474565383,0.223
32.28183493767146,0.6757338609032366,371.7853074685822,14.79383109767315,394.57660527126166,74.767
76.9855785827628,0.44843384098386485,394.24003210274884,10.816324618513164,359.427295425932,42.272
80.59964109622832,2.2248579666036497,405.86505942534075,9.796125094783466,442.30255280737515,62.192
16.96079063570035,1.6607672395987674,396.1379386847972,10.665797519850276,549.9878791517913,0.0
68.67922535339272,0.979828072119157,397.5348720496883,2.4291332480550993,375.5038186615829,18.422
5.211320917461398,1.7743305295095961,452.5190845292189,18.406035925433567,542.8987392808513,0.0
70.44657369828134,3.215158118203639,387.59468213275466,16.089041689936483,367.98234234347206,40.589
69.31049173062704,1.4065343642532957,469.7564003195039,25.567122742953565,424.847558764758,0.064
80.3096075633492,3.812515302732184,397.0860785155145,14.896220024027258,437.8298909964447,62.315
82.07664188700639,1.594961534210524,393.68139987757917,5.440126605272971,516.7469588445584,40.891
60.13937297897227,2.3047642676319593,439.3396046970041,2.889792275485938,513.2557955410124,68.21
63.22466391578325,2.4823473021592317,444.29085652792503,3.8221679712765404,401.8179076496146,69.47
49.57080157907816,3.8611836326250533,417.89638898015596,2.298533382069319,518.7552308132713,43.535
29.2844099036663,2.639342470816315,395.8868958777595,21.38239212698021,353.512718989231,65.153
6.766966028118882,3.552661739189936,432.8439614565073,21.18086872206429,500.7133895121471,0.0
73.32064781342632,0.43470710978026317,388.00556188032107,12.47832977614356,520.2741582373237,82.619
77.69476797718032,0.7755946380031469,385.8576001313086,1.9825704059186853,398.7017046461869,9.366
21.89953451573127,3.5415939941370724,454.032600225642,22.656720648315936,518.7233664763348,0.0
54.32981057381762,0.5525349757662448,431.9484331978261,21.706099768039362,450.85812211603536,28.233
69.57663557084034,1.4509987908577342,390.5498879882355,14.153635006015778,379.0675050571263,49.931
48.91772865313782,0.5089172710514801,477.03523040729294,19.0514728155627,452.45018849341045,0.069
75.54937207127251,3.623965681326697,448.55569960206304,23.61794848221906,373.7402678678275,87.954
31.183860958973412,1.523952284131206,477.00839329760856,20.657797645528802,354.1238743761589,23.952
15.471788715014235,0.8376958730372716,444.0421655740252,18.56963950987031,536.7684271307602,0.0
71.2183900178152,0.41692663194205015,458.11608758643604,1.1764887535075208,551.1658088224397,58.571
4.084242630095845,3.223542586380046,494.8171840749934,6.354792302814256,544.8163179029679,0.0
5.773710109436782,2.9791030039865496,388.75418351240853,6.555705596031316,527.8298455818422,0.0
33.15156505142674,3.3915883386082886,365.9762481281628,15.124035568557257,428.58035950059616,81.486
27.499699033272833,2.9641767793760487,401.9072489337737,12.200981191206816,381.90071120957924,75.059
63.943571746696264,2.3623811931791603,467.474138958164,20.295236143985385,526.3315294767369,0.0
24.186486911631853,1.8665749292684586,347.94487227105924,6.3659377006743325,358.4538786406153,15.866
49.39016516549158,2.863753574485023,399.30273210532425,16.449020270141986,379.1639154369796,64.946
57.6425866117761,3.010275200575675,466.223539729546,24.88833083919152,481.13796200826005,0.0
79.1536032148145,2.311152474596455,402.6776243365103,25.76174303606765,403.9830744271627,80.271
21.082623902629578,0.5698968810438928,449.2573508844955,11.329525310286334,507.88878383650297,0.0
73.64235301765326,3.0303506531632687,392.9374322063774,13.132180719963179,387.57552991648464,45.689
32.974465324815114,0.4448584857278409,469.67711353286865,18.114590519880686,539.98867736823,0.0
26.15902869614979,1.5049596279426112,400.92175225989655,16.055917885228478,457.9250345818788,0.134
76.3832197471878,2.556382909831764,351.3941631342054,8.388965141877964,459.33544153565185,16.922
79.32985575945904,1.6511433893542513,352.78052675919804,10.573343006620572,391.4663963969002,13.338
11.639038830093678,1.7415665386793053,448.5244187038552,19.341477616392464,439.2030963992225,0.0
48.689374064668925,3.6527538710910896,359.46691167888724,25.549191178097306,413.0065768051652,74.953
53.44628794816658,2.430697608853856,404.24323174831693,6.481800128927839,375.2224066194764,45.786
42.11835657152476,3.649218381362469,355.00612083545394,5.554212433946408,482.89362485205174,28.245
22.482232709821993,4.104316685299445,473.37741626183913,7.09594482732692,488.08872088850666,0.0
37.0722578961908,0.6738818252659622,492.4638024452627,20.891708399606014,475.193922717661,0.0
73.90035737376664,0.945562528652171,430.5793088605374,21.9501810413593,344.49899654344654,83.625
41.94204521572194,3.285387019112161,447.4622190278543,24.441496808055188,544.5021798283738,0.0
27.75051375907806,3.5455963245441193,428.97601451493347,1.683390459123519,440.7003377901269,55.46
22.623282607974645,3.5977283715118666,371.8130728766208,15.860322793048967,364.06538369437436,54.087
37.102438666124094,3.3662017313718167,387.4470453082693,21.192112473713937,542.8232295852401,0.0
63.30438000412696,1.1659679236545037,425.67455409515946,15.984745499596704,427.3520473821353,84.879
46.50466433038204,1.4557696964468514,501.9153891874419,13.354834869802374,379.87974296037936,0.0
14.20816479907308,2.4294066503413885,486.63683351508575,10.537476851689048,516.4461933612213,0.0
35.46143378100828,0.6340967949440718,391.16160634281584,19.46164194022244,435.73710052319024,73.513
10.50127930810865,1.0330336832601177,354.8798949819031,5.546598303092575,533.4691532062016,0.0
22.009404190289594,0.8939399242802754,500.3766605963511,25.714036372890348,465.09717355077186,0.0
18.74905443455664,1.6316110039383607,374.3638380882401,13.960302574136248,481.68836079878986,0.0
40.771494236822654,3.403486167496007,358.83321772535373,11.440634191620696,520.65332121377,83.941
28.654357464516686,3.5392392784207716,485.3311646727651,16.108623293651835,416.56353041593354,0.0
73.68243862080949,3.1129601124537056,378.32692398508425,13.14765610122861,453.03069140401027,53.383
74.2483997408811,2.406916767363893,431.5573285614919,10.404868601320148,435.5723062667811,82.777
8.77999699786632,2.0988166513131583,455.6970917886589,25.842046031993664,513.6464984711652,0.0
44.4018280036418,2.492574589075019,430.48305086436017,20.78908448839068,436.85657856398524,0.101
77.76364151779488,1.1946549559959219,502.81229008358423,24.275099387696233,403.29264427571763,0.0
83.07741416587892,2.7634211537797793,498.98352366565916,10.691409630543975,484.5325228534217,0.0
36.725186899988365,2.6135066804380758,446.18240533742306,5.171197673109137,447.7041984234844,81.299
4.635736714255383,3.322783109144472,374.7545727315891,11.802701534249906,449.65342222654044,0.0
63.31881454292273,2.2788114207127848,457.90470578836175,9.358708387102194,475.6517482765203,0.0
38.06384986699096,1.9695006825468746,368.19287591385086,25.115218201818646,531.9168190638231,0.0
2.229548326131711,3.8319164009383084,439.697728576576,21.688296187265504,526.8638326965447,0.0
33.07825660058855,2.260785267457022,449.67549077403504,26.119635849308185,446.25986378306385,0.0
57.989925907184734,2.9142361717501957,393.1400433390291,7.4361399501,390.2240794445222,38.56
25.238162540162584,2.374375810475521,446.0327291765516,15.73275583553233,440.76692258031454,0.0
63.46468948019053,2.8154883354848628,485.63912932789145,7.511057043642347,539.8247425652892,0.0
27.123838732214942,2.7477809913153672,362.0712640692224,23.056992485512474,403.0416014848031,90.966
65.53463450791011,1.9166728221110296,389.27749235283505,5.653361135052711,374.6068739184562,26.479
75.65491711237733,0.5285082839659258,488.71285107894465,8.751211809959585,400.612144222097,5.069
57.55870899363116,2.4744321592358083,443.14576883997177,24.296521302037544,388.609426803589,88.295
46.6177699579545,1.1668351452486538,466.43152030901956,24.367221643511183,371.5509525953032,51.228
31.69589275379382,2.0647150370427734,499.80005599766844,3.2243269375882493,495.82791630972963,0.0
34.104441779841046,0.7439985841518013,441.9437768179099,8.46196051948025,550.5408308867986,0.0
82.78386832380484,2.4003857037183782,349.48992873681266,15.420743966794472,469.5945088900737,40.986
35.352465341008084,0.6812798068926526,373.152091959537,18.587500609700914,448.6237350683642,70.489
55.57261786756728,2.920387155251657,355.6240690464683,25.620860132248872,422.9057027977926,75.931
28.138463266355153,2.3688052677866995,462.061332529271,19.412002367056125,415.3643044039756,0.0
66.54599307712317,3.668589039835675,432.16429648064275,17.47880275537854,550.8494609502773,0.0
43.4447673903367,2.345328513311021,402.74848111518753,21.967883311415925,530.5935680282669,0.0
18.27024133243416,2.7231515875166856,473.49829017355904,16.390669446732645,491.87314694643544,0.0
81.32123243776303,1.750282277293286,389.4856225104351,7.86219610733188,555.962273795291,61.997
23.878116968918974,1.8030788769053951,462.0517374130166,3.379199681451108,370.59787726017805,77.731
18.392264459597165,2.6047415565453274,374.8250611058672,10.622590942988802,368.7190911960087,56.905
4.475467673738883,1.2903876164667234,442.1565554742032,6.924569345859453,541.8673186269929,0.0
10.399802488983076,0.7427940739168117,353.86821360811246,9.001397390239093,407.9841804308563,91.157
31.976155297042958,1.5890569350377572,498.0684028934504,6.099089077415977,462.14135538340696,0.0
75.39504994730864,1.6776692190839895,380.7055856616747,8.28036413950987,422.751011463783,32.675
74.68781965394894,2.0550166750479257,362.59066901223065,21.570436808419103,547.1560354196483,0.0
6.459275577985065,3.87824475564289,411.17195119184566,25.66440120563623,358.7464792092957,96.835
22.71770868253148,3.776059051716404,414.23434431326496,22.678058437364815,500.9771924964085,0.0
4.492456479174809,2.0006899860860035,437.0793493273784,8.094935639612125,380.48475671781296,86.916
14.23716759981863,2.2293731967043686,370.19641683663826,6.173735196725325,453.4381349400037,86.774
5.180356498214152,3.537193939776431,385.58748039606866,10.973371108863741,375.8807058970871,95.398
78.88419320057233,1.973645340259186,347.08111546688514,3.7189329727440974,527.7796356455972,5.415
44.60990040667535,3.034622112217329,465.27716696272654,25.36799989189926,436.2013293039977,0.0
69.73823747810015,3.295368131341787,385.82969455957516,9.116186051841215,484.84527482869623,52.905
4.332941869023218,0.8974803459315324,369.41712107154734,18.444690365694836,426.9000232822682,0.627
38.432980690483355,1.6627054015266514,429.185753516062,7.9163797740120065,417.90180372725496,86.758
30.67295217117927,4.050400421640325,356.23873306232707,20.675411120085545,384.6337727636492,61.407
27.988149800386296,0.4798359828223813,367.1644163487489,19.512381650991426,552.2825006074008,0.0
5.613942484560232,3.598705774518266,355.24809648894444,3.5852751444027247,438.3729796670448,88.199
6.112047710691517,0.6276747359804756,454.19575474454865,4.409165203622687,497.0251058260958,0.0
4.948291634410989,0.7128309587073101,378.6149355977985,5.378533793476084,361.16084798151746,77.915
19.22438090236946,3.860006554283134,485.1150499967349,7.475115838692191,537.9829929552976,0.0
78.41514031348063,0.9571632673813477,456.96554035348953,17.901260160807222,422.0605995083805,38.611
24.794668156270866,3.1757958891126536,452.3130840580518,19.93222434211095,499.3341152012864,0.0
3.6191337929632383,0.8843833394995972,389.3411911567422,22.736034390069726,550.4343148152818,0.0
51.93992446548084,1.4435194050988,478.2477100552279,19.636375609906604,486.3682484473543,0.0
81.19552839900541,2.023643735598914,386.2676619005857,12.258248166081897,430.39532706645565,49.982
30.336185282340644,2.405888089527935,366.8826946561205,23.164447026848745,511.2070048926287,0.0
21.235530385211938,0.96076795414035,400.3234750537842,15.248216471765234,475.8535349985639,0.003
74.84700073736181,2.9365040632047963,394.03761273557296,22.245864671224123,421.9984848207868,76.521
37.98728151352977,0.48694740891115107,459.54380417739867,20.365584918223426,391.4255953204067,49.593
28.764803301885188,1.7771212925786952,351.7893667159581,13.590851063683335,384.9699268920655,49.862
1.9238804303989112,0.5535097125917107,368.3745098909195,23.737477483013187,419.59439785703324,0.018
56.759970618281514,0.8489624943986773,382.8905436849246,19.3061677708019,531.0204104303343,0.157
25.140274082839767,3.1959520016674934,363.8268810537682,15.576280839000372,548.4901117435905,0.0
39.367732878171786,3.8884878538197083,438.12608473963473,17.162976850187263,350.5064249983625,80.322
35.83716774421311,3.9481019485190214,435.0196879379504,5.420604469748551,344.65875133926585,65.299
51.07046699327184,2.4361835812901216,413.44714321729896,9.639531758648841,540.5938665513088,0.0
61.64915722356414,3.8323184972228135,498.5741333716385,23.503336341313727,486.0032165158871,0.0
18.499100924689493,1.006472798293093,492.1668676439607,20.852784162701603,404.01048740526744,0.0
76.80644812589593,3.5383482169486995,490.5331048078309,10.121236749783243,475.5993368625004,0.0
41.70338862238551,3.5816669357087205,503.0400115237443,14.855537966893872,353.72114862528787,0.0
62.38121205478719,3.0131720725588305,494.9430241845236,2.6243212004878336,503.13899350218026,0.0
64.68333467707824,2.9297744406331643,479.8430675413932,14.081902942644533,509.69838080865014,0.0
52.799382162712035,3.624118169304449,356.6283024806132,1.4378412444867519,518.2054850896831,3.52
55.95698615131199,4.0158055990159545,458.39737203934334,9.909789728256072,534.8670326247924,0.0
12.433359634079928,1.2393111637889822,410.4221986186812,12.73333234424109,547.072313050416,0.0
5.759535262695056,0.6414728933018125,459.3590789154873,24.760222803126588,454.40218351089754,0.0
24.402025184331258,1.719813880131098,500.7861471676616,25.394685125707134,482.58276641739724,0.0
16.73041405454006,1.0303990366655085,375.06684213036203,12.235104669617236,433.0556721308694,66.214
14.024420649815868,1.10975203920606,453.07157687583594,0.8836156170133295,508.42385091512466,72.649
58.41617705637675,0.7907203898408716,483.7085029782436,13.546388344161775,482.2051072681459,0.0
13.129026436311984,3.152295206046231,429.39053185850764,9.242282290608681,520.9772416917775,0.0
72.41451886410668,2.5153360502085174,465.5374325248779,20.541251028081042,410.0198042253874,0.0
31.689088361207055,4.126239948582893,381.9226150843627,10.402866986159502,516.8383150019507,0.0
76.5904391323008,2.238129246926338,439.5447538373099,2.674817172975128,551.6234422191858,60.692
64.21806553110949,1.0611382211319953,385.31910129742425,17.398913785240648,532.6515218735225,8.566
44.85032873868651,0.9553734425251696,458.6259984832303,23.78923699232051,344.8248229562581,80.243
82.70564029576681,1.1623338736440567,468.9263193854405,22.496414430493694,360.0578702338365,55.563
78.87213595211739,4.1178126529716215,369.4598860853929,21.69405527103809,395.1506281311677,39.701
21.8440974776033,0.8597309036095607,408.4325655007382,20.684364834477947,538.9424419169492,0.0
31.999979098904504,1.684386480470518,389.0438200695392,12.156302781143555,379.9721549926048,66.185
9.97463783855079,0.5173034488200764,378.8357894629631,10.604745720080635,503.0031474071898,0.0
65.42201813672781,0.6892834391741064,424.14885733690755,6.191250937555269,428.1882174835819,75.312
21.688522730401353,3.583430798747164,405.3360172857744,8.052936532173339,360.50203961995794,60.355
31.01132337205115,1.9372918183930636,406.5456703178129,3.87065346562897,459.55028593950124,68.915
9.498173675422802,1.1110957939340982,430.4157591563749,13.859079096291437,555.0807576511701,0.0
13.540911594502582,0.5604230254488461,360.7318592957329,3.006370496215699,438.6283125071023,54.62
61.71805742994933,2.1256362365468435,406.8553749793131,18.209848476582792,490.0396686654108,0.802
21.974420078693676,0.5746767128623225,447.73058728370336,8.742716248444241,360.35953693747604,84.444
48.34293919380015,2.6767513161521883,359.07763202096885,1.6319463357058797,549.5503792589267,5.77
5.101610627419415,4.025922076470651,398.6466590840062,1.6165981722734442,399.7703987513406,67.416
26.223200080282723,2.904751261507419,495.52236489082804,12.779715441990122,355.98898462774963,0.0
71.41217034491339,0.49622997644409883,410.2235950233271,2.8316984191460386,364.15689904026783,30.394
11.461897683574843,2.6915246598759324,396.61626892929394,25.58331012316621,413.0996340715441,1.86
60.16607915128157,3.803468016114134,415.2008969901439,11.660706011716302,459.3731125771003,81.546
35.189710815984164,1.7327420961447442,374.4202886604539,21.598532533731152,548.9737118761468,0.0
22.98607376173441,0.925587087285025,382.19856242556256,21.118052935560396,385.91723248286024,92.032
28.56770178028411,0.9319905006755083,372.06425465500195,22.37499591495107,366.60387880315454,69.453
29.75245883840028,1.251653525168806,476.8605017177922,1.285559504788793,527.1055794941761,31.445
68.8673554521536,3.7485786973966677,407.4989561197271,4.5316052753121285,503.2174271118861,45.111
79.00212149134724,2.745026935562,456.53087069164565,4.274956454475149,350.38197196954513,71.776
53.53954917215941,4.063979353827995,413.13345171021945,2.1658090915770543,534.0248741015257,36.19
14.994256457408541,2.7354293695128464,384.1716272253319,21.32650996336187,370.92996195669684,89.549
52.99830051594917,3.0290124664444247,396.458516610271,14.182769725610866,346.91283222893867,44.323
72.94710306604705,1.7160695732579936,391.63082449612216,2.285478212891915,474.5846885244382,15.9
65.49318854257794,1.258336281639763,454.6510941621699,23.238496123802683,367.94117890199743,79.839
45.27061503864771,2.9316071605763003,441.5570095006221,16.8951097986045,373.63110183512225,88.878
53.85839758446386,1.1515921934630984,426.90265221759597,11.866137499898871,418.94448011125246,86.698
38.98454111022444,2.2077698663866245,426.70735942848745,6.705549453885888,390.58247550234177,78.164
2.544541449972053,3.3105146435175854,421.0569850920592,25.683442200454785,464.38010826958623,0.0
65.49631390487741,1.0679069942568034,391.31169957537594,15.934356674519567,447.16897824618957,83.839
81.41973750222243,1.6326721934132182,456.99364263039433,11.2577980060625,463.7514338220902,14.357
20.516598990965285,0.45158132926762046,352.064920659766,16.33426145557271,351.2927853853692,42.17
56.92104742109367,0.36046389403391443,367.22172907684933,11.491945404409678,491.55232498291684,78.344
40.0299802096767,2.176960681520344,355.2956859974564,23.880293405658264,491.7007256712204,0.0
59.56032540483827,2.147169724487796,440.91515839861046,12.777512266093277,445.654642282257,68.15
6.278963161280001,3.420125472816354,388.05621452084404,12.705600058005333,535.3769602841271,0.0
61.382553596728386,2.6837180164805456,404.6775017433221,19.398245166865518,521.1113240118962,0.0
34.007136471395214,1.8012134272253637,468.4286958004843,2.401590914192743,451.311982092314,51.576
47.5091573864552,1.4354396683173323,471.1986791875254,2.3601406887381784,502.62082596505115,48.663
72.86092275567292,0.7626413837825086,484.9230264993091,19.352239058905536,522.9829379635066,0.0
81.75895491381463,3.6483505819520268,444.96777630973463,13.781246119993586,555.8058118315887,0.0
76.3220043532796,2.1510238277656004,388.4252100953528,9.670685101516684,503.35344640859694,62.922
29.935396597119947,0.5100374556024712,364.75964242126815,12.247900495256648,385.7159921366506,58.159
38.507565914523184,0.9619039964872776,357.9605568476978,10.725357636388853,525.9216173207512,65.556
30.439530718013778,2.612530790521995,418.9678123324255,1.8040134637594747,431.2020773666579,48.313
3.4883053979608465,0.6312299890632633,381.8784562019157,2.785328433195219,416.9635816788756,82.037
10.674202207681986,1.2710758802806503,467.6594245193449,9.156746186125382,407.7846069492291,2.916
43.515337375299964,0.9355907507506444,356.91161766988563,22.414406230073794,428.44650466603747,89.137
63.351681177100325,1.031394351561722,373.97540868101385,13.419249363488962,364.7098872904021,31.649
56.138333799116786,1.369909036586726,382.2985985017528,19.58381716224284,543.124468344357,0.0
53.35833450796091,2.81413432479483,462.7190824253381,16.22026568892515,417.55298635788427,0.0
73.25296054797533,2.4974154590257918,382.4871186947018,23.53060324818817,452.7079762529984,85.939
48.443776218658584,3.810326607579434,416.28798701452274,15.516899497348243,517.2813297453862,0.0
63.99860438621991,0.5386494063842556,370.87507950500844,2.9932381703532416,421.1446664692354,10.027
23.99858040933566,2.6192598824416757,456.5759511643877,17.391254871145822,489.1852499900808,0.0
46.303603681217645,0.535153713081918,502.53921760630175,1.0760646310967816,388.00497132411965,29.039
63.07450645600098,3.50685093251617,458.3012893400127,5.387575801339957,483.4038693604872,77.546
79.37723140884496,1.324922873728,434.16194101077053,12.418112041065287,455.1261786378756,80.255
21.797581301445803,2.056542282207679,444.72501638201135,4.467145595150066,527.4605809079043,0.0
37.97592534246941,1.7850256113822054,461.8844616130062,5.89164727123459,512.61070260625,0.0
76.08501634798132,2.0190733358537374,385.94927697402215,7.508780315433606,442.7403476559765,36.649
82.24169616668004,2.4417716017980773,377.56601461372185,23.109286842895266,409.2119993031403,58.488
69.45196544207712,0.3637365783610586,430.90800635735,5.170133236376854,346.5232599830287,66.888
23.665995044708765,4.012331558882491,416.6498562651438,19.552803114074422,555.6528257796031,0.0
42.78805075523768,1.5531658446871766,433.2661665988592,20.28601741670479,352.80617941413277,87.684
46.449426531555176,1.5658035368805985,475.903180262213,7.371644553078629,359.0196828772823,31.695
67.89349498765858,3.873110684471502,352.4272687797526,5.1964720790467345,366.3838680509179,5.657
56.942464609724645,0.4348766146596738,493.3871625324457,11.26715252225213,366.00830245898703,4.713
17.09602206312845,3.129414302898706,399.552180206335,12.690897552181001,367.74750723251054,76.528
18.588992560114015,3.464405748711818,451.08655700677997,2.7469075759840713,389.79230499412034,83.903
7.846743090704175,3.139109246307369,504.2771224949557,17.341060311626823,363.5966819099573,100.0
5.619054333398921,3.8148961915651576,463.5864598675912,9.425084220908317,455.8283546468111,0.0
13.883677532836236,0.9418979872352967,489.4626013276984,20.928816052305745,537.3481229274344,0.0
8.864303738008903,0.6315811607683043,399.69629581232994,18.450219105928706,544.0551781604681,0.0
35.48258763129814,1.1156673773738506,449.07908070323606,4.957817677399172,441.0202066723312,68.086
77.87232505911416,1.173035254356159,430.6568688869928,20.821582735288285,462.48385283748917,40.539
29.589679945864404,2.8795996103388815,442.9687821529179,12.411225183346804,417.0997152604968,68.241
21.529344874601684,3.230020487008827,373.4838504232981,4.586679992535354,366.86522487518477,28.158
31.72473908144402,1.3028960664004496,407.2615475102488,7.778327724058214,454.9754842050985,85.903
30.522407488068673,3.012809115927136,388.69093308700315,5.570504335696909,457.8333364168559,64.84
80.98409440893641,0.6497570885494821,369.11873646265616,20.933283269441002,514.9890539921565,74.363
11.264814233788725,3.6366821362550814,404.9785596503721,4.875538998322581,532.4627893369993,0.0
71.85254564107366,2.7625240662381545,451.4377509317177,8.594378452622326,448.75164023807713,80.054
54.499274865067434,2.985311556025424,476.9104886436261,17.51492240404039,543.7544562756289,0.0
34.778051332985406,3.844887005232774,439.5965054799196,16.95311232594063,495.7132099320936,0.0
50.255243193131385,3.2219769253189203,476.01425020077943,3.577068083828724,497.3770812269995,0.0
12.388359029593984,2.550720416858222,412.4677056311452,7.7135914478771825,507.1434947617585,0.0
11.40364578259081,2.0824821377696545,365.8071277102029,2.2120464259797847,392.22159665741196,29.472
49.11923389453061,2.59922222224821,469.6375853496137,25.653306286049773,514.24149290363,0.0
24.739791638315616,3.9356036619345907,354.545738191531,3.7889808892325227,427.94852910110245,21.61
59.535269146366076,1.6308546735228138,463.2434534269388,7.574592848088197,487.01465913302366,0.042
29.440462343627786,2.0469520771031577,497.73926001154234,10.975116436244901,440.68191087106345,0.0
56.36768220769463,2.82852233897072,474.2268043649956,21.45924945342759,401.44444122771336,0.0
83.12363803927724,2.4247111485353616,365.6596682662971,9.549275834452628,435.67886100221017,23.452
14.06478635160396,0.9655067657220872,456.79033372817617,4.201006412506583,383.84680898065767,67.382
22.816316118869864,1.2514683863108496,413.65927470983377,24.71876017763471,546.3541034440326,0.0
46.39358734821078,1.105240742936747,424.36920199611905,4.083604852051447,379.03612151386767,64.672
69.49231515947876,1.3032859589279013,491.9758779725883,24.35756222744594,541.1179291702222,0.0
48.58911167597403,3.2050848907437626,435.8835812252672,20.81836526078371,524.7852595194945,0.0
26.804432015363503,2.1750346590638046,406.14316957449097,4.370094623392483,358.9493830511249,51.252
60.203611436791796,1.3441877282111268,498.72599417022616,20.730588976723922,359.34157270070284,0.0
79.17047836848643,0.5988746434068137,490.50206994482903,21.074630946462495,372.6428783727496,3.156
67.53131587721333,2.4414482968094147,360.25661086766263,2.3648670731561383,492.9572714414718,5.459
6.523807829147558,1.903994961102212,344.31510404187594,7.163235732209419,557.6138687187355,0.0
42.44976689463826,0.6033663701873555,409.8398141047351,17.088995778084747,398.7224427327763,90.034
30.690352760289763,1.6355516768630949,348.98937038736284,19.06380329832836,508.27069661482994,0.0
13.61616999473682,1.0549465495946286,349.3818303371409,16.801896190323433,531.6045248453498,0.0
55.52762653705914,4.08776113420009,459.0246141969848,19.785124252802934,507.8249250819487,0.0
53.291653111521185,3.6946502712924247,498.5249028581904,20.757709988652906,351.0323738673791,0.0
75.10653273134075,2.9898655157290146,478.5116299944533,7.4562831725889955,528.4607724579027,0.0
71.53010224384516,1.799575963219966,498.1379789957566,10.545175055347233,429.3125825688764,0.0
18.704934939005057,0.8872848480170914,502.9514253051674,24.812623770217613,356.41004935280137,0.0
69.81121292645183,0.5556505072215486,478.9810930989364,24.614227844940064,367.78907885359274,23.565
61.34643611522369,3.839923517206656,451.6840905642705,18.17405451694482,397.23933459654484,87.866
55.32658859568886,1.4084192331765801,490.24711295153236,13.392937342957074,530.1357163506771,0.0
61.866368643105865,3.672094075411737,363.21462737799664,22.037424899381968,379.8192214733614,37.844
79.07359456959917,1.7511663466469174,379.2207376381035,4.5510051730839205,548.9919659304857,26.051
19.370006480708675,1.877332357780892,399.08696859781963,10.414888755254067,481.54189851442095,0.0
6.1382096915065745,3.6015077283183263,411.7512041812446,10.616997489532753,354.3228458859541,86.578
80.7819449289571,3.45673080465877,352.9262793366375,5.869224459585526,350.026409948837,5.045
50.28411148456935,1.9848571354405968,359.4367976894922,25.67899527778235,398.1935996125368,69.018
35.12248617653272,3.6530897131501763,369.8312300134321,6.413847687820107,472.7949431022187,52.621
1.7233059154671722,1.9316414238233648,464.1847122691505,5.944379614475414,428.80754252777837,0.0
17.244975396662543,0.36116762091488797,348.0919043253729,14.386699958554784,508.15047269132117,0.0
44.63501797686786,1.8163641729471314,464.01401373788013,1.5364922887850263,501.8450989106114,73.562
43.99860270947601,2.988658058099264,503.569721578555,13.676292287417153,407.2447278682022,0.0
50.51441212661114,3.3322634255238475,406.5515394090248,10.304305433921213,540.3788347452951,0.0
58.18252572512514,2.9514182376776676,351.0838700374864,22.72131170015718,431.6115628473317,69.267
54.18225289648815,2.8083760537071254,458.0103939614685,6.512595361433098,522.4912521542008,0.0
44.3443771796132,3.9522377783406486,449.0011631041998,2.5702887611609304,521.8836638634755,74.261
83.24906689540593,1.1768428722040722,380.67653751206586,12.800089901545606,355.9237159584958,28.38
81.13893077937924,2.564605071090425,412.6085629092678,15.383532897550126,368.54661140148403,61.261
38.401058406835766,1.279511733119206,497.5470493205113,21.980015440044316,376.0652366899592,0.0
23.28980236533055,1.261107748979143,386.91807576290813,16.067051193242126,350.11470892912826,59.926
41.75872591078114,2.0042007247792473,493.7619127220135,21.515605087118104,402.9886936034904,0.0
49.14043027870785,3.950493336194637,462.76618634050385,22.625165653052417,511.1853818434165,0.0
79.25277611403371,0.5820932033691968,421.8741309743373,6.634380612576276,466.8208846781486,75.059
29.076034155006553,0.7120213366392322,392.27623478406394,19.36061259309374,369.9168023779582,81.14
42.547792988827275,0.6802206443916722,391.07662967063453,18.69051859433576,540.2236630779344,0.0
49.30263699839603,0.8641192498485005,466.87696289816927,12.39040200777899,392.99192479732335,36.081
79.54193232286919,2.215437883685903,487.97172171192005,6.969121842782684,513.0415907354106,0.0
63.95687848206028,2.362651693067625,427.54820744394965,2.1296981844606577,382.31699815281803,38.979
55.72143548459645,2.387279880604471,480.0005217109398,20.25259590869631,494.7915957098511,0.0
12.234250985497132,2.4800668100555927,473.5590625362338,20.868258174032377,455.38502329157063,0.0
14.653539013163622,1.8256732423472974,419.22951148112486,7.893086143810522,410.523780963915,86.6
27.905558601746677,1.2446860268017441,350.11688955018025,13.615790688214371,557.0462363217903,0.0
39.94929508599994,3.3044350293234905,422.79030275063684,15.953562469407224,490.81509168286965,0.0
24.161568460155372,3.3600933078130817,403.90856493143446,11.134025411079715,428.20197830126494,89.798
61.9571061847533,2.4540183494080248,459.8804839684606,0.9957004348760571,478.898555349611,51.369
2.578564499642641,2.9842895705464416,489.14557146060844,17.060105675576505,451.37199598637,0.0
23.63753392097803,2.5253048858132185,408.84049483436286,14.512071295290063,450.17204905762827,0.0
23.367148427273897,1.9577949266660424,356.44266118682344,13.508110936267736,534.6051503098083,0.0
40.70083994620692,1.064395997211169,396.25546816060364,24.35245341691111,417.7833175124089,86.393
35.140113226658556,0.4701873201011072,353.52192095289456,22.09772990898138,526.2646934251084,0.0
33.4998841241436,3.306637784694662,439.4717904129867,22.910372448621064,350.076958074487,86.257
16.50004543718718,2.3940649110650885,399.80933091812824,1.7768735378653704,375.409210393554,39.162
